YEAR,STATEFIP,Foreign-born,US-born,uninsured_rate_pct_gap_foreign_minus_us
2008,1,41.423137371022484,12.810490505625472,28.61264686539701
2008,2,22.366377559553676,19.236995578743016,3.1293819808106598
2008,4,44.92794869909002,13.788474519668354,31.13947417942166
2008,5,46.104129263913826,16.264607942384238,29.83952132152959
2008,6,31.169953241497222,12.491463332588788,18.678489908908432
2008,8,41.614682847232324,13.864254209452914,27.750428637779407
2008,9,23.428235959397128,6.492479793315016,16.93575616608211
2008,10,23.687252550356906,9.353506521112005,14.333746029244901
2008,11,16.24224717431942,5.769887944051498,10.472359230267923
2008,12,36.442593428632776,17.016588260979,19.426005167653777
2008,13,46.63483675751529,15.994950290116098,30.63988646739919
2008,15,9.353718727965656,5.603065412954246,3.7506533150114105
2008,16,42.2342272814972,15.75747980522953,26.47674747626767
2008,17,30.870420711829265,9.569057027603257,21.301363684226008
2008,18,31.65785176909916,12.749127359777615,18.908724409321543
2008,19,27.18325441430278,7.664135082141444,19.51911933216134
2008,20,38.62422807261922,10.300036877670129,28.324191194949087
2008,21,31.856631925772284,12.821207903786313,19.03542402198597
2008,22,41.057264058920055,16.91944284991587,24.137821209004183
2008,23,7.749406175771971,10.264805892785365,-2.515399717013394
2008,24,26.50795512846787,8.829925006155904,17.678030122311966
2008,25,9.780094944900723,3.1048323852000688,6.675262559700654
2008,26,22.465890297684673,10.4995220074362,11.966368290248473
2008,27,20.471747091921927,7.60103458555035,12.870712506371577
2008,28,49.23619863876985,17.04279448512066,32.19340415364919
2008,29,29.793570092401062,11.967386157872458,17.826183934528604
2008,30,23.52348824329087,17.632734249779638,5.8907539935112325
2008,31,33.94813167009264,8.897412832442301,25.050718837650344
2008,32,36.83115995901063,17.598178111620264,19.232981847390363
2008,33,18.705644592752737,10.26075238120691,8.444892211545827
2008,34,27.81799559151259,8.0118932436962,19.806102347816392
2008,35,46.91236354184717,18.197468582242955,28.714894959604216
2008,36,23.2854225973119,8.239887907395179,15.045534689916721
2008,37,47.076519400643676,13.221799910569295,33.85471949007438
2008,38,17.985510304564958,9.19360065713268,8.791909647432277
2008,39,20.090293975013278,11.162738461109658,8.92755551390362
2008,40,43.970955773063075,17.490428042639063,26.48052773042401
2008,41,33.360289023882004,14.442464389957587,18.91782463392442
2008,42,20.623695803385115,8.625004747076211,11.998691056308903
2008,44,24.661722760981174,7.911098072813704,16.75062468816747
2008,45,42.512004017030534,15.28250865902149,27.229495358009046
2008,46,11.408832644628099,11.073861834337238,0.3349708102908604
2008,47,40.314833404656106,12.156686808405158,28.158146596250948
2008,48,50.347577024307164,18.516109450358943,31.83146757394822
2008,49,41.152566922375414,12.336489146634436,28.81607777574098
2008,50,11.827603224214508,8.104020644076188,3.72358258013832
2008,51,27.716264502183595,9.610216230667838,18.106048271515757
2008,53,25.464523463212917,10.822367575682117,14.6421558875308
2008,54,32.62286346681969,14.472852190525733,18.150011276293952
2008,55,26.322344177980966,8.00631796226046,18.316026215720505
2008,56,28.1994459833795,13.826187178568317,14.373258804811185
2009,1,41.78325189102349,13.292646792175802,28.490605098847688
2009,2,22.149585837258403,20.22922681431679,1.9203590229416143
2009,4,40.71391513002875,14.082022148943881,26.63189298108487
2009,5,47.809433637459115,15.82616457453542,31.983269062923696
2009,6,32.238370084369684,13.067577015990386,19.170793068379297
2009,8,43.730837698998016,12.483456765148054,31.24738093384996
2009,9,23.470928988942582,6.530506429801564,16.94042255914102
2009,10,30.006131207847947,8.691120073267507,21.315011134580438
2009,11,15.08468330763037,5.796572884103276,9.288110423527094
2009,12,38.18118067341006,17.132673559339377,21.048507114070684
2009,13,49.13983677315584,16.48269298527551,32.65714378788033
2009,15,8.427244441416274,6.31842530421708,2.108819137199194
2009,16,36.95654471845502,15.760731733826805,21.195812984628216
2009,17,32.49665584953546,10.315776666003078,22.18087918353238
2009,18,34.58711846907242,13.075613932577507,21.511504536494915
2009,19,28.292946361688415,7.918690394462928,20.374255967225487
2009,20,39.4477438656813,11.116168719262143,28.331575146419162
2009,21,39.411968941354715,14.170552111570228,25.241416829784487
2009,22,38.39611990353204,16.969626089765782,21.426493813766257
2009,23,8.27997154037709,10.062016169011937,-1.7820446286348464
2009,24,28.517404172420797,8.783670611381828,19.733733561038967
2009,25,10.131521073011125,3.2285880650224965,6.902933007988629
2009,26,23.89751341746807,11.75113550277583,12.14637791469224
2009,27,21.526823138488528,8.003200731127315,13.523622407361213
2009,28,41.74591099277292,17.453163004769376,24.292747988003544
2009,29,30.249551844513633,12.94387124760169,17.30568059691194
2009,30,26.753703238764746,18.73993240062237,8.013770838142378
2009,31,38.77378558731824,9.670452361015144,29.103333226303093
2009,32,39.492404087866554,17.752993997006836,21.739410090859717
2009,33,19.855641029220823,9.926569168096194,9.92907186112463
2009,34,28.49035290740033,8.397500451267826,20.092852456132505
2009,35,50.88709677419355,17.095238949845545,33.79185782434801
2009,36,23.641273851798577,8.274619694682821,15.366654157115756
2009,37,48.64478571130493,13.479006542590358,35.165779168714565
2009,38,16.70257330939557,9.760543382324725,6.9420299270708465
2009,39,23.050923314327807,11.897383147925776,11.153540166402031
2009,40,47.12080523154507,17.433112275277054,29.687692956268016
2009,41,38.43916574440898,15.240811543250569,23.198354201158413
2009,42,20.9210506734132,9.18584065522662,11.735210018186578
2009,44,28.00170424076808,8.737390389962215,19.264313850805866
2009,45,44.65639719679853,15.655545080044773,29.000852116753755
2009,46,16.57130159435587,13.270062278087568,3.301239316268301
2009,47,46.64990548204159,13.127946288271989,33.521959193769604
2009,48,51.07151860868518,18.978756025778594,32.09276258290659
2009,49,40.79781989992373,12.186627088447958,28.611192811475775
2009,50,6.98677800974252,8.541620511167952,-1.5548425014254326
2009,51,26.751748802602084,9.905022286926487,16.8467265156756
2009,53,26.68154883505555,11.636018041999202,15.045530793056349
2009,54,14.916670492631193,14.390738299918885,0.5259321927123075
2009,55,29.633835803769315,8.378589095852703,21.255246707916612
2009,56,47.73610936912078,14.042277949181745,33.69383141993904
2010,1,52.265295219308285,13.675998745036983,38.5892964742713
2010,2,33.47437502698502,16.97787736247209,16.496497664512933
2010,4,39.37235787838432,14.13329530054637,25.23906257783795
2010,5,47.17688508793062,16.43463441066334,30.742250677267283
2010,6,32.857841644249305,13.345535116401692,19.512306527847613
2010,8,38.53067174876205,13.326971712199546,25.20370003656251
2010,9,24.055777465599242,6.620953479120974,17.434823986478268
2010,10,24.90281827016521,9.044708838581204,15.858109431584005
2010,11,15.374888891670944,6.377444314093997,8.997444577576946
2010,12,39.39872831084087,17.22961851248209,22.169109798358782
2010,13,48.44268051328978,17.22439922097338,31.2182812923164
2010,15,11.412489107855972,6.68147507287644,4.731014034979532
2010,16,43.35298624296326,16.52885967556479,26.824126567398473
2010,17,33.89821260807813,10.952666631546954,22.94554597653118
2010,18,32.64355474936897,14.408515412425881,18.235039336943085
2010,19,34.05275268450656,8.272991242730036,25.77976144177652
2010,20,37.97050336646361,12.26674431313279,25.70375905333082
2010,21,37.27769525341038,14.937120113171808,22.34057514023857
2010,22,45.63117262692628,17.407736613400456,28.223436013525824
2010,23,10.297678690714763,10.607126085704026,-0.3094473949892631
2010,24,29.726568411233966,8.64508939856773,21.081479012666236
2010,25,10.304007974517642,3.3201795058498753,6.983828468667767
2010,26,21.919089790180017,12.034745792062063,9.884343998117954
2010,27,22.833929770217626,7.954477971503734,14.879451798713891
2010,28,52.39675457677713,17.90207427130306,34.49468030547406
2010,29,29.448355799776767,12.887665316686606,16.560690483090163
2010,30,17.03767123287671,16.88066096615207,0.15701026672464025
2010,31,32.22139856683963,10.406986102128432,21.8144124647112
2010,32,37.365666934563166,19.18343306482904,18.182233869734127
2010,33,18.666723245353474,10.764539919653462,7.902183325700012
2010,34,31.050391308869667,8.541388460600682,22.509002848268985
2010,35,49.16936498938286,17.029428237544288,32.139936751838576
2010,36,24.315199859397037,8.507673311592768,15.807526547804269
2010,37,48.30558156463851,14.27194975993821,34.0336318047003
2010,38,13.130403458213259,10.003547574193233,3.126855884020026
2010,39,23.35105260127809,11.97021475638504,11.380837844893051
2010,40,48.94755635965434,17.697721358529655,31.249835001124687
2010,41,38.40666318069769,15.000078829769157,23.406584350928533
2010,42,23.529347059381614,9.643091015669206,13.886256043712407
2010,44,27.239183023547785,9.69644479276134,17.542738230786444
2010,45,51.288629573521064,16.04532570126492,35.24330387225614
2010,46,19.110565574544424,11.718576850839854,7.39198872370457
2010,47,44.896194069709345,13.262004088620008,31.634189981089335
2010,48,50.87872390426094,18.83706999080935,32.04165391345158
2010,49,46.69571913612657,12.838349212002493,33.85736992412408
2010,50,9.421351728081776,7.745621397606313,1.6757303304754627
2010,51,30.1579378983447,10.484189495567882,19.673748402776816
2010,53,29.15304709296212,11.885795306722281,17.26725178623984
2010,54,23.323278921220727,14.782591551208762,8.540687370011964
2010,55,31.633321814563697,8.763354088707407,22.86996772585629
2010,56,29.43519188993483,14.053181554119142,15.38201033581569
2011,1,45.96741243329578,13.461997057567684,32.50541537572809
2011,2,30.217580894027147,18.92458594242377,11.292994951603376
2011,4,38.05857821475917,14.590797811632406,23.467780403126767
2011,5,45.95520317145689,15.970079637049503,29.985123534407386
2011,6,32.06627412319863,13.092509111596195,18.97376501160244
2011,8,38.44653174813143,12.686075650601369,25.76045609753006
2011,9,23.833360922122086,5.923432935391369,17.909927986730718
2011,10,25.702369377206896,7.645377955030081,18.056991422176814
2011,11,14.507951278288775,6.845969964886596,7.66198131340218
2011,12,38.97133274696712,16.746921126136975,22.224411620830146
2011,13,47.33482153715028,17.15930848941909,30.175513047731194
2011,15,8.56544333883898,6.853688024546438,1.7117553142925424
2011,16,42.96896871029567,14.197165850126424,28.771802860169245
2011,17,31.53620741728258,9.938892624959689,21.59731479232289
2011,18,33.169892301661655,14.046616491173392,19.123275810488263
2011,19,27.665597282506134,8.264178416255191,19.401418866250943
2011,20,38.38324869162693,11.043668089342,27.339580602284933
2011,21,30.581468312068605,14.33094831485105,16.250519997217555
2011,22,49.017806057874026,17.134663964600403,31.883142093273623
2011,23,12.012582886369294,11.095792258511542,0.9167906278577522
2011,24,27.562434180833456,7.730979564424829,19.831454616408628
2011,25,9.44350245200069,3.2525108779397134,6.190991574060977
2011,26,22.875820223756545,11.388047395324161,11.487772828432384
2011,27,23.963168650808726,7.539829148849784,16.423339501958942
2011,28,53.306633805709595,17.241211401220106,36.06542240448949
2011,29,32.645433408966305,13.06815113141264,19.577282277553664
2011,30,25.413600671638104,18.76619877074471,6.647401900893392
2011,31,39.089410361640184,10.065590107232957,29.023820254407227
2011,32,39.16636084224047,18.16944943157535,20.99691141066512
2011,33,19.659915120718775,9.286063871820597,10.373851248898179
2011,34,29.456101049760402,8.558268531799582,20.897832517960822
2011,35,51.09179182444347,16.873586358112522,34.21820546633094
2011,36,23.442403505946,8.117734684866381,15.32466882107962
2011,37,47.80344861674033,13.883258148344193,33.92019046839614
2011,38,11.826536128295993,9.905353561512657,1.9211825667833367
2011,39,24.731978553866067,11.765406512130932,12.966572041735136
2011,40,48.17829942518222,17.164641015467815,31.013658409714402
2011,41,34.56006550283457,13.706478217818924,20.853587285015642
2011,42,24.225625838693258,9.5101363657914,14.715489472901858
2011,44,23.61848311205598,9.104012941181788,14.514470170874192
2011,45,44.40439069230908,15.658432612443175,28.745958079865904
2011,46,29.6214937478878,11.120245471263848,18.501248276623954
2011,47,46.92148290664462,13.571032536539798,33.350450370104824
2011,48,49.85847859102738,18.07490371702567,31.783574874001708
2011,49,43.87040168864362,12.57972595834545,31.29067573029817
2011,50,18.335672418063236,6.660316800203911,11.675355617859324
2011,51,29.85059015054486,10.262273756416707,19.588316394128153
2011,53,30.28839507785415,11.58940494442596,18.69899013342819
2011,54,18.13304721030043,15.520877682964318,2.6121695273361105
2011,55,27.54036087369421,8.5737836396931,18.966577234001107
2011,56,42.45081917290943,14.593879208842564,27.856939964066868
2012,1,39.42253859073822,12.730631897049923,26.691906693688296
2012,2,33.43826720519522,19.5363660176373,13.901901187557918
2012,4,39.27549597903413,14.708906553936012,24.566589425098122
2012,5,39.00113774569422,15.534435075933464,23.466702669760757
2012,6,31.019597175965885,13.07274154253475,17.946855633431134
2012,8,36.30428956259256,12.110966849567106,24.193322713025452
2012,9,25.860721162549577,6.42062835840878,19.440092804140797
2012,10,25.11464154158418,7.420981748717893,17.69365979286629
2012,11,12.981937022479354,4.283204437991831,8.698732584487523
2012,12,37.42665692700595,15.905823243838235,21.520833683167716
2012,13,44.76636963570151,16.45095062914069,28.31541900656082
2012,15,10.712164853499017,5.608439834009812,5.103725019489205
2012,16,43.30118242701958,14.730278887941639,28.570903539077946
2012,17,31.946875113901125,10.08048394952398,21.866391164377145
2012,18,34.972496958798324,13.80842468960812,21.164072269190203
2012,19,25.759156721021803,7.653281047396554,18.10587567362525
2012,20,40.458457288567786,11.000798040404865,29.45765924816292
2012,21,31.630577820313434,13.532192662770473,18.09838515754296
2012,22,45.52088591044812,16.335771816035063,29.18511409441306
2012,23,12.738393481842596,10.363117863264963,2.375275618577634
2012,24,29.65390861818865,7.185574337797332,22.468334280391318
2012,25,8.406255799705848,3.135035778979219,5.271220020726629
2012,26,20.809609221871327,11.25075114004528,9.558858081826047
2012,27,22.404176520458705,7.216586399432441,15.187590121026265
2012,28,49.17573094715033,17.080292622674342,32.095438324475985
2012,29,30.418695830702596,13.46958665367196,16.949109177030635
2012,30,23.06830907054871,18.30263469436076,4.7656743761879525
2012,31,39.935452242830294,9.009512173837159,30.925940068993135
2012,32,39.20369220721773,18.045288411333097,21.15840379588463
2012,33,15.653339534120287,10.70679493670886,4.946544597411426
2012,34,29.28193377929702,8.28275028165828,20.99918349763874
2012,35,46.136078358746424,16.342916079392346,29.79316227935408
2012,36,23.073293973066964,7.384680287500693,15.68861368556627
2012,37,48.61399130435936,13.760206233582291,34.853785070777064
2012,38,22.26762002042901,10.284686153104012,11.982933867324999
2012,39,24.435116406144616,11.322526981403435,13.11258942474118
2012,40,50.41808463503615,16.705263623848044,33.71282101118811
2012,41,31.710099998923585,12.97606487130045,18.734035127623137
2012,42,22.491345417344657,9.13550568313213,13.355839734212527
2012,44,26.928539287923954,9.086717060327308,17.841822227596644
2012,45,44.25779926355976,15.450110882683694,28.807688380876066
2012,46,25.28425688733091,10.415548650882865,14.868708236448043
2012,47,41.37790792256385,12.900527609987403,28.477380312576447
2012,48,48.40824477366859,17.787712846832136,30.620531926836456
2012,49,42.3049431146132,11.55143137301796,30.75351174159524
2012,50,5.089649396627203,6.604423962822935,-1.5147745661957321
2012,51,29.787696184646855,10.31690184974766,19.470794334899196
2012,53,29.07324651307508,11.45244476014278,17.6208017529323
2012,54,18.28015776935994,14.609100286381866,3.671057482978073
2012,55,28.730693255573325,8.394583568213292,20.336109687360032
2012,56,44.22648481225887,15.157681672781163,29.068803139477705
2013,1,41.53788499526795,13.156434981005644,28.381450014262306
2013,2,24.711139194800506,18.046679080217785,6.66446011458272
2013,4,39.00522584949689,14.483066756697452,24.522159092799434
2013,5,44.023053987466795,14.820970754109961,29.202083233356834
2013,6,30.06023961534559,12.492841564498153,17.567398050847437
2013,8,33.815015148390785,11.866328045722359,21.948687102668426
2013,9,24.03587137446627,6.767754483560558,17.268116890905713
2013,10,28.981640470215297,8.76590903930971,20.215731430905585
2013,11,10.026456679790845,5.486903675225275,4.539553004565571
2013,12,36.98806387382148,16.15910017395268,20.8289636998688
2013,13,45.6187435189273,16.457854024607705,29.160889494319598
2013,15,11.513019349404157,6.010536997402375,5.502482352001782
2013,16,40.60103983330299,14.741578998970864,25.859460834332126
2013,17,30.392117157476545,9.94713152061626,20.444985636860284
2013,18,33.345847557658225,13.473176218609975,19.87267133904825
2013,19,22.638647213670637,8.001231391149753,14.637415822520884
2013,20,40.17254694740265,10.588865344613643,29.583681602789007
2013,21,34.225092850963634,14.210015628482136,20.015077222481498
2013,22,47.0856835885039,16.29523509199252,30.790448496511377
2013,23,14.136381626428888,10.956989094962147,3.179392531466741
2013,24,27.889527763958515,7.353995684829669,20.535532079128846
2013,25,8.08552411507116,3.0689572459809553,5.016566869090203
2013,26,19.451251773061156,10.750606657283889,8.700645115777267
2013,27,24.000806309370827,7.0779140896222446,16.922892219748583
2013,28,44.80394759443464,16.975627800039053,27.828319794395586
2013,29,27.939595754855635,12.679612618149802,15.259983136705833
2013,30,23.68051261873981,16.668389015869927,7.012123602869885
2013,31,31.450557226251547,9.340420815929495,22.110136410322053
2013,32,36.258776709868265,17.14522690647644,19.113549803391823
2013,33,16.355308184977563,10.548195578610363,5.8071126063672
2013,34,29.93675186978689,8.777782274944776,21.158969594842112
2013,35,47.38161318695341,16.317435352107935,31.064177834845474
2013,36,22.12187278586559,7.540503251428577,14.581369534437014
2013,37,46.71670420149658,12.933059597775143,33.78364460372144
2013,38,20.14840182648402,9.955843669137915,10.192558157346104
2013,39,23.619411349227494,10.749131339694076,12.870280009533419
2013,40,47.35535059189665,16.185150581552602,31.17020001034405
2013,41,32.93154765574332,12.827119305881746,20.10442834986158
2013,42,24.40540370688476,8.869227789268296,15.536175917616463
2013,44,29.276681767610295,9.224935159464472,20.051746608145823
2013,45,44.84987109486897,14.486132018209746,30.36373907665923
2013,46,21.791160841577742,12.353433887051315,9.437726954526427
2013,47,45.59949551104399,12.536874333379316,33.062621177664674
2013,48,47.64712346668361,17.392039984275826,30.255083482407784
2013,49,36.2664614689757,11.495392863890386,24.77106860508531
2013,50,6.474368444378785,7.073383553890521,-0.5990151095117362
2013,51,29.16793336650421,10.187758615831857,18.980174750672354
2013,53,28.677731922716266,11.699356181925985,16.97837574079028
2013,54,25.260140157145887,13.645696580987046,11.614443576158841
2013,55,28.052297147494187,8.258951703048298,19.79334544444589
2013,56,22.26744817106263,12.410439437876422,9.857008733186207
2014,1,39.35689087565205,11.564752107471543,27.792138768180507
2014,2,22.323088701739035,17.258718352015787,5.064370349723248
2014,4,31.774595943160865,11.359605802613002,20.414990140547864
2014,5,40.14414188137946,10.561652960141966,29.582488921237495
2014,6,22.672455687381422,8.937136094540232,13.73531959284119
2014,8,30.27173800860569,8.349640799793953,21.92209720881174
2014,9,20.11358967248851,4.694934751718628,15.418654920769882
2014,10,18.81209232313096,6.842801061410879,11.96929126172008
2014,11,16.539538892480067,3.947271137078814,12.592267755401252
2014,12,29.95149356180875,13.48634291523991,16.46515064656884
2014,13,39.15752427404879,13.877247948718576,25.280276325330213
2014,15,7.640326107903843,4.165546824482367,3.4747792834214764
2014,16,44.79072524610556,11.728287580975143,33.06243766513042
2014,17,25.39212273023222,7.577447301924149,17.81467542830807
2014,18,28.389522869854982,11.572669882099202,16.81685298775578
2014,19,16.84059551159742,5.351991165594338,11.488604346003083
2014,20,32.902711401779555,9.251353953454247,23.651357448325307
2014,21,29.90712151862267,8.386827014878746,21.520294503743926
2014,22,39.42942095668027,14.286738556519635,25.14268240016063
2014,23,7.203849697962526,9.88122707080606,-2.6773773728435346
2014,24,23.686121919584956,5.473462969612788,18.212658949972166
2014,25,7.937083549696839,2.52813894712636,5.408944602570479
2014,26,17.528363640328944,8.062476670602392,9.465886969726553
2014,27,19.040395502168042,4.9120889837429536,14.128306518425088
2014,28,45.3114337856066,14.554060467064623,30.75737331854198
2014,29,26.83202105591863,11.244261089244485,15.587759966674145
2014,30,17.29444092158106,13.800558844825131,3.493882076755929
2014,31,32.39630070506364,7.763023785474308,24.633276919589328
2014,32,31.33477470107445,11.753899880161384,19.580874820913067
2014,33,13.302951944494227,8.993206302775867,4.30974564171836
2014,34,25.285384809692875,7.007866660901923,18.277518148790953
2014,35,39.65644504241881,12.385275601434174,27.271169440984636
2014,36,18.43502318767972,5.74445157670544,12.690571610974281
2014,37,40.279935957738395,10.843060395882931,29.436875561855466
2014,38,18.921017600946605,7.595848845998969,11.325168754947637
2014,39,19.971950966133388,8.210940723131937,11.76101024300145
2014,40,36.88121060184933,14.265344769352412,22.615865832496922
2014,41,24.808776865662054,8.474663463237112,16.33411340242494
2014,42,20.530547295984498,8.069078710924291,12.461468585060206
2014,44,18.28031317306013,5.113572325289441,13.166740847770688
2014,45,41.50746063611506,12.46322752844638,29.04423310766868
2014,46,17.77777777777778,10.13329134544926,7.644486432328518
2014,47,39.78364900027602,10.762915088364156,29.020733911911865
2014,48,42.280182976274844,15.002792680095043,27.277390296179803
2014,49,36.38986020980532,10.345915244175135,26.043944965630185
2014,50,12.19162363740677,4.388447568637648,7.8031760687691225
2014,51,25.3329878770558,8.916601090182011,16.416386786873787
2014,53,21.51744931226398,7.380877174335568,14.136572137928413
2014,54,16.44979680101413,9.2589008914537,7.19089590956043
2014,55,23.94241950358876,6.825735068618301,17.11668443497046
2014,56,33.9249903997952,11.473054452142858,22.45193594765234
2015,1,33.14673609819602,9.942068347373565,23.20466775082246
2015,2,14.383265900113543,14.815734450488808,-0.43246855037526544
2015,4,26.14749053369169,9.365731005175572,16.78175952851612
2015,5,34.79203585948087,8.570891550374707,26.221144309106162
2015,6,16.514859926918394,5.790237619190654,10.72462230772774
2015,8,29.225474739833956,5.884851627024642,23.340623112809315
2015,9,18.56707623547242,3.70463745641533,14.86243877905709
2015,10,16.50677986874798,5.124005089209102,11.382774779538877
2015,11,7.911296317624517,3.0628726536296065,4.848423663994911
2015,12,24.531344220829048,10.899123749702849,13.6322204711262
2015,13,34.73013946667756,12.182109056839751,22.548030409837807
2015,15,7.542857600294589,3.00956325480522,4.533294345489368
2015,16,29.190464754466383,10.564743206869537,18.625721547596847
2015,17,21.75491524977628,4.811592111512633,16.943323138263644
2015,18,27.0281973721225,9.36013522750648,17.668062144616016
2015,19,18.969671499614766,4.304416050667123,14.665255448947644
2015,20,33.13676228759364,7.57012192723034,25.5666403603633
2015,21,24.267658907100465,5.836127419795461,18.431531487305005
2015,22,33.908368346968366,11.943989689644361,21.964378657324005
2015,23,10.105721393034827,8.568620513425325,1.5371008796095023
2015,24,20.137775669128015,4.5128164153986745,15.62495925372934
2015,25,6.384468746134648,2.153210642048594,4.231258104086054
2015,26,13.14848911513051,5.773232524195912,7.3752565909345975
2015,27,15.418690138572366,3.617448899394652,11.801241239177713
2015,28,42.64607509525056,12.598119956169066,30.047955139081495
2015,29,21.76563272237265,9.494123029703946,12.271509692668705
2015,30,10.295869264853017,11.803816406985163,-1.5079471421321458
2015,31,27.21129371965748,6.601828063606908,20.60946565605057
2015,32,27.203739473350357,8.826635396232204,18.377104077118155
2015,33,14.126190221461432,6.390589751853046,7.735600469608386
2015,34,22.267018973395988,5.033692509451886,17.233326463944103
2015,35,35.545217107411034,8.675508169954812,26.869708937456224
2015,36,15.390564081661587,4.6475946653844336,10.742969416277154
2015,37,38.063274903805045,9.032400292492222,29.030874611312825
2015,38,20.566135252256192,7.790360102282122,12.77577514997407
2015,39,15.878961441007602,6.357839589274865,9.521121851732737
2015,40,36.75337269575367,13.134927647747766,23.618445048005903
2015,41,19.81991096721975,5.742600629736011,14.077310337483741
2015,42,15.52161974133502,6.001421087615909,9.52019865371911
2015,44,13.761032948952131,3.67762286887682,10.08341008007531
2015,45,34.76080197551083,9.940569511636799,24.82023246387403
2015,46,23.530264588619065,11.055573171705827,12.474691416913238
2015,47,37.78442278790883,9.103239844522944,28.681182943385885
2015,48,38.092265433447274,13.363310957722227,24.728954475725047
2015,49,33.468617388729896,8.814701376005146,24.65391601272475
2015,50,3.755834829443447,4.119310972535671,-0.3634761430922242
2015,51,21.564059047427566,7.800832487360318,13.763226560067249
2015,53,17.169632825009415,4.897863449742492,12.271769375266924
2015,54,14.32434131924794,5.822591568686229,8.50174975056171
2015,55,21.64569060542215,5.153775523717319,16.491915081704832
2015,56,40.4836901393412,9.538279568364745,30.945410570976456
2016,1,34.04796283508067,8.888556522351161,25.15940631272951
2016,2,21.079568597587972,13.917455829967182,7.1621127676207905
2016,4,23.281584906702996,8.523823096289963,14.757761810413033
2016,5,29.212608445053256,7.525287289848551,21.687321155204707
2016,6,14.574927072634775,4.893283484962259,9.681643587672516
2016,8,26.448243466167582,5.97219362132008,20.476049844847502
2016,9,15.767779702205932,2.8286049193099303,12.939174782896002
2016,10,15.39564029064729,5.211365983874353,10.184274306772936
2016,11,9.261263250883392,3.2301415221773495,6.031121728706042
2016,12,23.02801068822372,10.223064098212904,12.804946590010816
2016,13,33.24485309896704,11.215547733365108,22.029305365601935
2016,15,7.126743863755351,2.68915746735472,4.437586396400631
2016,16,31.723758426193427,9.378462829515149,22.345295596678277
2016,17,19.73973400246411,4.470585233289529,15.269148769174581
2016,18,22.46043988422275,7.531863581115814,14.928576303106937
2016,19,16.51112883974347,3.478815985498319,13.032312854245152
2016,20,26.00421048683168,7.187086867778963,18.81712361905272
2016,21,21.941517386722868,4.906131877757165,17.035385508965703
2016,22,34.79810487778615,10.00329896648796,24.79480591129819
2016,23,10.776739315141576,7.767820452030978,3.0089188631105976
2016,24,18.571930176565008,4.078771209073166,14.493158967491842
2016,25,5.586066439743815,1.8894343165046859,3.6966321232391293
2016,26,11.837372335718307,5.11878390847743,6.718588427240877
2016,27,13.052787137725511,3.5744688964956444,9.478318241229868
2016,28,35.069479835558724,12.127803873474125,22.9416759620846
2016,29,20.19244770656644,8.746798645527356,11.445649061039084
2016,30,19.978494623655916,8.041405843365506,11.93708878029041
2016,31,24.829944188652412,7.379220060635965,17.450724128016446
2016,32,25.158201633853526,7.820367530667703,17.337834103185823
2016,33,12.303213284451154,6.085644743772924,6.217568540678229
2016,34,19.927736870096332,4.274651539862508,15.653085330233825
2016,35,29.661915419955236,7.187948944263275,22.47396647569196
2016,36,13.561579695702337,3.8962182230797144,9.665361472622623
2016,37,32.022758270910366,8.649611937445522,23.373146333464845
2016,38,25.2735778130482,7.54156255114095,17.73201526190725
2016,39,13.575398236452768,5.552779571199824,8.022618665252946
2016,40,37.766323958729984,12.701798391313563,25.06452556741642
2016,41,16.93086207461682,5.327317317457097,11.603544757159721
2016,42,15.585130519105103,5.475043068881714,10.11008745022339
2016,44,10.67385264285475,3.1331131318897905,7.54073951096496
2016,45,33.173549090817914,9.011597846270249,24.161951244547666
2016,46,18.80054787372815,8.24857039816567,10.55197747556248
2016,47,33.42098208772706,8.0959624522497,25.32501963547736
2016,48,36.71234331620548,13.16926446359905,23.543078852606428
2016,49,29.83473809985145,6.87855908921931,22.95617901063214
2016,50,5.406909542360546,3.501648347959204,1.9052611944013425
2016,51,21.879120707128017,7.19023258869216,14.688888118435857
2016,53,15.752133257641049,4.418000144328516,11.334133113312532
2016,54,14.855820354037656,5.208146982002934,9.64767337203472
2016,55,18.57365603678581,4.700041980792819,13.873614055992991
2016,56,17.88437409516456,10.949913520904023,6.934460574260537
2017,1,33.25023105096813,9.13770235963534,24.11252869133279
2017,2,17.849542455841668,13.382040695514553,4.467501760327115
2017,4,22.83038269243567,8.766413966641457,14.063968725794213
2017,5,32.86149687827746,7.405042189765484,25.456454688511972
2017,6,13.70444364288725,5.094859771385171,8.609583871502078
2017,8,23.67348851967232,6.059082783726979,17.61440573594534
2017,9,17.6028359892205,3.646459520582937,13.956376468637565
2017,10,19.809499565115935,4.43725485590812,15.372244709207816
2017,11,9.565217391304348,2.565447398134854,6.999769993169494
2017,12,23.259401600762235,10.596469659803535,12.6629319409587
2017,13,31.60807933952957,11.930833935562378,19.67724540396719
2017,15,5.469747996748345,3.3608621353572383,2.108885861391107
2017,16,30.539603650259988,9.807940583702536,20.731663066557452
2017,17,19.80580065431135,4.784348405561971,15.02145224874938
2017,18,24.18389725207712,7.7144897203424945,16.469407531734625
2017,19,17.482944321873866,3.710589769642559,13.772354552231306
2017,20,26.177708068812706,7.40106141128831,18.776646657524395
2017,21,25.41638042016176,4.976438894400947,20.439941525760815
2017,22,33.31319406943234,7.958854607286724,25.354339462145617
2017,23,11.611574503140769,7.737232226685872,3.8743422764548967
2017,24,18.01575707093703,4.244631103439177,13.771125967497854
2017,25,6.859126529648988,1.9442994031208527,4.9148271265281345
2017,26,11.286760795103998,4.882314586510179,6.404446208593819
2017,27,12.29126874175117,3.8847801318772057,8.406488609873964
2017,28,37.93961307868224,12.285199725981444,25.6544133527008
2017,29,18.847162985309247,8.915099373771383,9.932063611537863
2017,30,14.827686070083985,9.023390151422058,5.804295918661927
2017,31,29.097586289485587,6.832968399858396,22.26461788962719
2017,32,23.489690262287528,8.327859590847677,15.161830671439851
2017,33,9.182332371095308,5.390812982898783,3.791519388196525
2017,34,18.513070587615204,4.470301905372394,14.042768682242809
2017,35,25.316254398834502,7.770773020196793,17.54548137863771
2017,36,11.973241737709186,4.028352561757526,7.94488917595166
2017,37,32.5704000690298,8.858150421134907,23.712249647894893
2017,38,16.698970321017566,7.15753262357372,9.541437697443845
2017,39,13.865065535267822,5.742994617770472,8.12207091749735
2017,40,33.32134596003321,13.189601768344476,20.13174419168874
2017,41,17.61277613271716,5.7717357234503845,11.841040409266775
2017,42,14.392657790361191,5.127843846208401,9.264813944152792
2017,44,13.845589324903148,2.9540488733394996,10.89154045156365
2017,45,30.441662651803362,10.493014962288704,19.948647689514658
2017,46,19.47909261293867,8.807169902579707,10.671922710358961
2017,47,32.18339626569213,8.527650850565816,23.655745415126315
2017,48,37.216996304971794,13.787152649865536,23.429843655106257
2017,49,27.642979341807543,7.512212199813997,20.130767141993545
2017,50,3.8706739526411655,4.141931336821646,-0.2712573841804802
2017,51,20.616047791341284,7.36385551342547,13.252192277915814
2017,53,15.518843996947071,4.47407662391053,11.044767373036542
2017,54,9.386657704587464,6.1560489176474835,3.23060878693998
2017,55,15.081006909617741,4.81494081487926,10.26606609473848
2017,56,38.464543856221916,11.415235566348231,27.049308289873686
2018,1,33.1564596672896,9.835125696367736,23.321333970921867
2018,2,13.117498308223812,12.254816506867842,0.8626818013559703
2018,4,24.121225988289254,9.194455244557766,14.926770743731488
2018,5,29.588264484158007,7.79045615455206,21.797808329605946
2018,6,13.252203546234812,5.140760749040593,8.111442797194218
2018,8,23.603342211791475,6.2012325302850755,17.4021096815064
2018,9,17.593128258962267,3.121489501278513,14.471638757683754
2018,10,17.486417403428014,4.549556402862157,12.936861000565857
2018,11,7.644765809618065,2.5826866365273493,5.062079173090716
2018,12,22.1345220485884,11.154074957243342,10.98044709134506
2018,13,30.761529915469044,12.44425448043231,18.317275435036734
2018,15,6.975743559404076,3.579394915861081,3.3963486435429955
2018,16,28.826439103592804,10.117679176522454,18.70875992707035
2018,17,18.862421997419755,5.162131464802836,13.700290532616918
2018,18,24.064312732928776,7.7573431350019,16.306969597926877
2018,19,18.345165130737687,4.200942027784645,14.144223102953042
2018,20,29.109382900344304,7.327393626956555,21.78198927338775
2018,21,24.898363789776784,5.115807416317023,19.782556373459762
2018,22,32.47129890421124,7.531497763328969,24.93980114088227
2018,23,5.700486996584962,7.887299833608559,-2.186812837023597
2018,24,17.75939298646741,3.9628341963037905,13.79655879016362
2018,25,5.792503975772454,2.067730469768208,3.724773506004246
2018,26,11.47061643865025,5.141092219977569,6.329524218672681
2018,27,12.290526000947152,3.7020533007890775,8.588472700158075
2018,28,38.664558169970284,12.415328046695828,26.249230123274458
2018,29,17.97248575400645,9.212813696617475,8.759672057388974
2018,30,5.544312336621974,8.26163898720392,-2.7173266505819456
2018,31,23.768071896843658,7.338884512031613,16.429187384812046
2018,32,23.7363469361198,8.533951915139145,15.202395020980656
2018,33,11.88050694025347,4.956160112281149,6.924346827972321
2018,34,17.971580947710414,4.342434315239081,13.629146632471333
2018,35,27.396788235353736,7.739784691623496,19.65700354373024
2018,36,11.401831918021399,3.6089965817893424,7.792835336232057
2018,37,32.541110660166545,8.976493044119762,23.56461761604678
2018,38,22.928842478464393,6.699127963887973,16.229714514576422
2018,39,15.965695042528525,6.281027075421759,9.684667967106765
2018,40,31.527954121326257,13.011766060245305,18.516188061080953
2018,41,18.529802286016704,6.0881263991154455,12.441675886901258
2018,42,13.767188329908633,5.307716073845737,8.459472256062895
2018,44,7.636263281357804,3.389824758600647,4.246438522757157
2018,45,29.895930037524476,9.789776845325564,20.10615319219891
2018,46,18.659671687256726,9.11139482395959,9.548276863297136
2018,47,34.04041625990643,9.250546633372954,24.789869626533473
2018,48,36.38741778639606,14.373599102276685,22.01381868411937
2018,49,29.1897678309014,7.4511517712450015,21.738616059656398
2018,50,13.138734665381163,3.5708421289626884,9.567892536418475
2018,51,21.374718927736872,7.000713672446439,14.374005255290433
2018,53,17.23427853021824,4.7141602494425605,12.52011828077568
2018,54,15.417106652587117,6.5123976097207255,8.904709042866392
2018,55,19.97026169032008,5.028614874609963,14.941646815710115
2018,56,23.12690919189114,10.544734223798423,12.582174968092717
2019,1,28.871062957947007,9.375950917262655,19.495112040684354
2019,2,8.927978146110968,11.418056027954492,-2.490077881843524
2019,4,24.848592987421252,9.664560078064376,15.184032909356876
2019,5,30.24008195073879,8.475888283811901,21.76419366692689
2019,6,14.281909158339001,5.624107266114287,8.657801892224715
2019,8,21.189417651125964,6.664055509096649,14.525362142029316
2019,9,19.2613817864637,3.4997836303352683,15.761598156128432
2019,10,18.647738943857473,5.906326972242086,12.741411971615387
2019,11,7.630672195292881,3.116855644632183,4.513816550660698
2019,12,21.817496587662536,11.261344493495939,10.556152094166597
2019,13,29.283927469085963,12.170502722069603,17.11342474701636
2019,15,6.4047139303956335,3.7054659489240684,2.699247981471565
2019,16,27.513057624796645,9.523177699682039,17.989879925114607
2019,17,18.79905195782064,5.536087067132869,13.262964890687773
2019,18,20.808095956187636,8.293859867110834,12.514236089076801
2019,19,13.552947058623003,4.330768999151838,9.222178059471165
2019,20,29.59362784866141,7.898004328574193,21.695623520087217
2019,21,20.877345397141557,6.093360917137126,14.783984480004431
2019,22,37.647227587337525,8.222624110746192,29.424603476591333
2019,23,10.428741644283782,7.9986187187053455,2.430122925578437
2019,24,18.136519903596277,3.8603362678316175,14.27618363576466
2019,25,6.095742626625585,2.40584083832163,3.689901788303955
2019,26,11.160370823446183,5.530723967684703,5.62964685576148
2019,27,13.000780600810819,4.144702120151274,8.856078480659544
2019,28,33.71792446882289,13.212193199305315,20.50573126951758
2019,29,20.52463720650962,9.940306281600323,10.584330924909297
2019,30,10.926478246461203,8.354687927493286,2.571790318967917
2019,31,27.497073674149284,6.566323743883418,20.93074993026587
2019,32,23.304135793011497,8.99755306563432,14.306582727377178
2019,33,15.325987144168963,5.809777377663064,9.516209766505899
2019,34,19.141281090492935,4.55020232976788,14.591078760725054
2019,35,29.87593152882409,8.144229104229105,21.731702424594985
2019,36,11.445740130578537,3.6034060444964573,7.842334086082079
2019,37,33.14655789653595,9.4602704299612,23.686287466574754
2019,38,14.473301324021534,7.033437088767215,7.439864235254319
2019,39,16.34793999654316,6.381573093409432,9.966366903133729
2019,40,34.925993248506884,13.952427169416854,20.97356607909003
2019,41,17.068055288923016,6.214763585656456,10.85329170326656
2019,42,14.34194355748349,5.398561131311258,8.943382426172231
2019,44,11.909688498514983,2.8380130517401,9.071675446774883
2019,45,33.09117993487148,9.669307011985019,23.421872922886458
2019,46,16.929895923920665,9.472877981101831,7.457017942818833
2019,47,36.66838521762702,9.049953193158213,27.618432024468806
2019,48,37.012418592069324,15.11733641664626,21.895082175423063
2019,49,29.060707635009308,8.00257366016658,21.05813397484273
2019,50,8.187005337750783,4.162641966019665,4.024363371731118
2019,51,20.83898934329709,6.282268602941792,14.5567207403553
2019,53,15.99691243550239,4.949667097271448,11.047245338230942
2019,54,13.778841967784066,6.928616553736898,6.850225414047168
2019,55,23.743241767243735,4.964745654838249,18.778496112405485
2019,56,32.57684060042888,11.776868018167322,20.79997258226156
2020,1,32.42492633311349,9.331648154742176,23.093278178371314
2020,2,16.590595858168214,11.020329298756504,5.57026655941171
2020,4,24.4421637115384,9.970830213051954,14.471333498486445
2020,5,30.163524486527493,7.961205647201311,22.202318839326182
2020,6,12.755753597514396,5.30505144696493,7.450702150549466
2020,8,25.32748017232193,6.85148332863839,18.47599684368354
2020,9,14.863362703906532,2.7280792953840955,12.135283408522437
2020,10,15.110551860506922,6.0464167997553435,9.064135060751578
2020,11,9.10634708973,2.417546940140306,6.688800149589695
2020,12,19.58106701392583,10.82067249029059,8.760394523635238
2020,13,25.303350100031725,12.519265392411938,12.784084707619787
2020,15,6.78446697409467,3.232211421433889,3.552255552660781
2020,16,24.18812234314302,8.778190429742564,15.409931913400458
2020,17,18.884892714149913,5.321192516608893,13.56370019754102
2020,18,16.800195299496217,7.007426766110447,9.79276853338577
2020,19,16.494048823561876,4.478789157169929,12.015259666391946
2020,20,26.791576713573594,8.143631928720971,18.647944784852623
2020,21,19.0708619714241,5.568709038381205,13.502152933042897
2020,22,30.23196562130211,8.033379113620773,22.198586507681334
2020,23,9.969603580022797,7.3048351822790405,2.6647683977437566
2020,24,16.69462623882204,3.943868930714458,12.75075730810758
2020,25,5.229191689224315,2.107980696927625,3.12121099229669
2020,26,8.359781386062688,5.291748887713072,3.0680324983496154
2020,27,13.39380382819621,4.3996904268996,8.99411340129661
2020,28,36.022867428914296,11.91866450256943,24.10420292634487
2020,29,18.362913997721172,9.997442726342964,8.365471271378208
2020,30,12.251962361659597,8.542517868630348,3.709444493029249
2020,31,26.61065549116721,6.662854515674837,19.947800975492374
2020,32,22.58603716657763,9.382051211507537,13.203985955070092
2020,33,13.218780251694096,5.702895123484819,7.515885128209277
2020,34,18.01883503304226,4.205742002987729,13.813093030054532
2020,35,25.83876239983656,7.769641742853282,18.06912065698328
2020,36,10.34039620541322,3.7716437129646154,6.568752492448605
2020,37,30.482862536587056,9.149756763204667,21.33310577338239
2020,38,9.831178961444172,6.692969721386745,3.138209240057427
2020,39,14.455868182515946,6.524147628600739,7.931720553915207
2020,40,35.23694167194535,14.448701154520366,20.78824051742499
2020,41,15.546941087709227,5.991963246075841,9.554977841633386
2020,42,14.112151202657037,6.050122506545178,8.06202869611186
2020,44,7.705941718178377,2.9560671940369403,4.749874524141437
2020,45,29.703726620298752,9.730489269404528,19.973237350894223
2020,46,16.46984527944427,9.964754184359712,6.505091095084559
2020,47,30.001539693293093,9.585715980070079,20.415823713223013
2020,48,34.37573217948869,14.799914792787936,19.575817386700756
2020,49,25.03388698941917,7.533685216796624,17.500201772622546
2020,50,3.450404296031109,4.272220496417343,-0.8218162003862335
2020,51,18.731951602880432,5.748907591878778,12.983044011001654
2020,53,15.180209827480748,4.9542043953886585,10.22600543209209
2020,54,12.39169927333706,6.892451711719739,5.499247561617322
2020,55,15.129242217833772,5.363055574762301,9.766186643071471
2020,56,33.704535678439996,11.151016181607368,22.553519496832628
2021,1,33.7189836261065,9.57763772896926,24.141345897137242
2021,2,10.561447286338115,10.724853091026104,-0.16340580468798827
2021,4,24.737384455170407,8.894680535725556,15.842703919444851
2021,5,37.52624140722548,8.301250387459014,29.224991019766463
2021,6,12.907554634906571,5.0999536907118195,7.807600944194752
2021,8,25.076718785600367,6.2560490709170375,18.82066971468333
2021,9,15.969672119250475,3.159962343214991,12.809709776035485
2021,10,15.037683458944864,5.16943199928515,9.868251459659714
2021,11,7.971380286636085,3.0828523234379337,4.888527963198152
2021,12,19.797082651375987,10.535823580893128,9.26125907048286
2021,13,26.29205621635916,11.679535687167089,14.612520529192071
2021,15,6.111706303929949,3.125659718801458,2.9860465851284905
2021,16,24.191963637295693,7.521104533360826,16.670859103934866
2021,17,18.452838506303486,5.0800890226903945,13.372749483613092
2021,18,19.01128244097563,6.9196437322336966,12.091638708741934
2021,19,20.630493378647603,4.140658682136348,16.489834696511256
2021,20,26.952341295377973,7.831590988198264,19.12075030717971
2021,21,22.292615650052475,5.093361109282181,17.199254540770294
2021,22,33.18057565525004,7.081325794159242,26.099249861090797
2021,23,7.665760502824533,5.491612685740991,2.1741478170835418
2021,24,17.217362635098237,4.122295668238528,13.095066966859708
2021,25,5.519110155035667,1.8025743637718066,3.716535791263861
2021,26,9.379531845086218,5.007813841967917,4.371718003118301
2021,27,8.913228099694187,3.921542025354139,4.991686074340048
2021,28,36.078322455214554,12.185405231138969,23.892917224075585
2021,29,20.568793863228333,9.002740594468882,11.56605326875945
2021,30,17.95263559969442,7.654961860569337,10.297673739125084
2021,31,23.361773672571,5.882447545389307,17.479326127181693
2021,32,22.698263262195916,8.940910783667471,13.757352478528444
2021,33,11.469323015548772,4.520930117279294,6.9483928982694785
2021,34,17.9979603007153,3.9613619271382343,14.036598373577064
2021,35,30.68339586999943,8.008904636005093,22.67449123399434
2021,36,10.200333836925008,3.76687519387722,6.433458643047788
2021,37,30.857533263560192,8.583188716794362,22.274344546765832
2021,38,9.34526230174868,7.323966519324555,2.021295782424124
2021,39,16.197876690462767,6.194052317828679,10.003824372634089
2021,40,32.77872582480091,12.838403024439629,19.94032280036128
2021,41,17.00463402644879,5.132293765510116,11.872340260938675
2021,42,15.025410036408884,4.829670499852983,10.195739536555902
2021,44,10.974084667483872,3.0942942388324197,7.879790428651452
2021,45,30.7325288704274,9.133633192677662,21.598895677749738
2021,46,16.585047339209925,9.33725834879622,7.247788990413705
2021,47,35.235377264689916,9.040432610277705,26.19494465441221
2021,48,35.547727361857326,14.809984893016914,20.737742468840413
2021,49,28.1105242651197,7.573443690661069,20.53708057445863
2021,50,5.610129489060407,3.204705301690454,2.405424187369953
2021,51,19.262881825723166,5.166387764758754,14.096494060964412
2021,53,14.989850280712735,5.020742005222992,9.969108275489743
2021,54,11.32622107092948,6.590322456701547,4.735898614227932
2021,55,18.43896137279651,4.922168880847541,13.51679249194897
2021,56,27.37883922328008,11.25820186946835,16.12063735381173
2022,1,27.95671373275909,8.17548687574772,19.78122685701137
2022,2,15.36498404954025,10.310257269579028,5.054726779961223
2022,4,23.77643181966603,8.613272825134018,15.163158994532012
2022,5,28.807654374751834,8.1469481386597,20.660706236092132
2022,6,12.109549337278787,4.505547439581637,7.604001897697151
2022,8,21.812913164159703,5.727394202473179,16.085518961686525
2022,9,15.111755148640935,3.1246719979364594,11.987083150704475
2022,10,16.454094647266494,4.342610071792345,12.11148457547415
2022,11,4.574260643483913,2.930396374855932,1.643864268627981
2022,12,18.99203996940913,9.279900943004476,9.712139026404655
2022,13,25.180128676110634,10.570913076990959,14.609215599119675
2022,15,5.002597195029368,3.1585038665895104,1.844093328439858
2022,16,23.72609511122018,7.114237211282715,16.611857899937462
2022,17,18.343962893172925,4.7400482062735945,13.60391468689933
2022,18,18.633156987345185,6.101564373292659,12.531592614052526
2022,19,11.97960662784595,3.7019128237388124,8.277693804107138
2022,20,27.11733611143265,7.3268145598715275,19.79052155156112
2022,21,19.56796340710156,5.209301372984237,14.358662034117321
2022,22,34.28735452220656,6.194485207160205,28.092869315046357
2022,23,10.143540669856458,6.323657185289333,3.819883484567125
2022,24,18.7800254942189,3.6319011440499516,15.148124350168949
2022,25,5.097883437012094,1.8209800684564528,3.276903368555641
2022,26,9.680271020835454,4.386980701551171,5.293290319284282
2022,27,13.563216956568757,3.6183149441576403,9.944902012411116
2022,28,33.479774151133114,10.970539451473027,22.509234699660087
2022,29,20.009040229019135,8.111816484977137,11.897223744041998
2022,30,7.493807534474472,8.056946629102312,-0.5631390946278394
2022,31,22.886332612899558,5.502218801592805,17.384113811306754
2022,32,22.885736317129187,8.526919170627012,14.358817146502174
2022,33,10.912175356375709,4.318033969582148,6.594141386793561
2022,34,17.656437876445523,3.5167964280682438,14.13964144837728
2022,35,27.09039313111993,6.6078900163555625,20.48250311476437
2022,36,9.874774974261271,3.3898964134570844,6.484878560804187
2022,37,29.560570032342028,7.573676366487031,21.986893665854996
2022,38,25.07454164816342,5.807579129759362,19.26696251840406
2022,39,15.318981834716066,5.5124029473101865,9.80657888740588
2022,40,33.73116217327747,10.859704850629024,22.871457322648446
2022,41,17.638034298971217,4.829955785897558,12.80807851307366
2022,42,13.308907546825017,4.929961958643879,8.378945588181137
2022,44,11.981532224766339,2.5611881070117337,9.420344117754604
2022,45,26.94459064592824,8.163193394630222,18.781397251298017
2022,46,11.896775050649309,8.138126565553689,3.7586484850956197
2022,47,33.1513439417078,8.344617036571938,24.80672690513586
2022,48,34.17817883612932,13.433925454421969,20.744253381707352
2022,49,28.108642075890582,6.335089551361745,21.77355252452884
2022,50,4.758106329517808,3.8368316960615947,0.9212746334562136
2022,51,17.224666257276812,5.0371676261696186,12.187498631107193
2022,53,14.335538943327608,4.4318258551892695,9.903713088138339
2022,54,13.920289189106395,6.500341929033292,7.419947260073103
2022,55,21.275339363372375,4.629305148151032,16.64603421522134
2022,56,31.500750911821495,10.996111137980263,20.504639773841234
2023,1,30.299773197909474,8.02963074052337,22.270142457386104
2023,2,16.853720288704984,9.874831817996494,6.97888847070849
2023,4,22.519758497652965,8.247713269201602,14.272045228451363
2023,5,34.47001459672661,8.503252293061486,25.96676230366512
2023,6,11.660347364740508,4.427576499400365,7.232770865340143
2023,8,22.08360334129302,5.328397351515949,16.75520598977707
2023,9,17.749423902351023,3.101758505574501,14.647665396776521
2023,10,22.678539895562675,4.697131903301926,17.98140799226075
2023,11,6.551275488439553,2.3100168905219136,4.241258597917639
2023,12,17.43595181472531,9.171071011950131,8.26488080277518
2023,13,27.2777620894091,9.8010544813998,17.4767076080093
2023,15,3.1754672473235344,2.6120721331863535,0.5633951141371809
2023,16,25.033576746213164,7.997920178095674,17.03565656811749
2023,17,16.340711719702142,4.338470648166477,12.002241071535664
2023,18,18.504214717413568,6.025557661027874,12.478657056385693
2023,19,19.119317121545755,4.31057328565354,14.808743835892216
2023,20,27.593656849886727,6.833187536256456,20.76046931363027
2023,21,23.46658003416077,5.024101800776347,18.442478233384424
2023,22,36.72275842273331,5.998544932161627,30.724213490571678
2023,23,6.566721463798156,5.974775319084661,0.5919461447134946
2023,24,19.097050271704262,3.9449310613029738,15.152119210401288
2023,25,5.3821748817143344,1.948738251829956,3.4334366298843784
2023,26,9.913051935158384,4.1736178313841865,5.739434103774197
2023,27,10.96696084101939,3.422788686698867,7.544172154320522
2023,28,35.50940196249983,10.539942921856667,24.969459040643162
2023,29,17.62137135053212,7.223223939016546,10.398147411515573
2023,30,12.050302451448584,8.28734863274584,3.7629538187027443
2023,31,25.379004576659035,4.813996249381225,20.56500832727781
2023,32,22.5082607193832,8.1055884680624,14.402672251320798
2023,33,11.35039397812239,4.2028701007542155,7.147523877368175
2023,34,18.21787334042487,3.498531666547099,14.719341673877771
2023,35,25.977500279152864,7.154859920457681,18.822640358695182
2023,36,9.278088358583751,3.4612051007912417,5.81688325779251
2023,37,28.679422776242586,7.295176538913652,21.384246237328934
2023,38,6.603705831657569,4.0126370004175635,2.5910688312400056
2023,39,17.616631156307122,5.648154503646919,11.968476652660204
2023,40,34.85720110080522,10.125470324108829,24.73173077669639
2023,41,15.128345301673917,4.515400206882314,10.612945094791604
2023,42,15.076855584747761,4.7688777656216335,10.307977819126128
2023,44,13.575121759082695,2.8043304773347133,10.770791281747982
2023,45,30.000860335658363,7.771650971105867,22.229209364552496
2023,46,18.391797842029053,8.07191643828865,10.319881403740403
2023,47,33.46162574740752,7.992964385414149,25.46866136199337
2023,48,33.181826956222,13.161600632090241,20.020226324131755
2023,49,25.63681128999254,6.110334673257681,19.52647661673486
2023,50,7.38508434653088,3.2761985644174785,4.108885782113402
2023,51,17.368157785003973,4.759094848307637,12.609062936696336
2023,53,14.988136622875603,4.611350325300672,10.376786297574931
2023,54,10.363257541443971,6.443513917867365,3.9197436235766068
2023,55,18.790423876567743,4.257293492791379,14.533130383776363
2023,56,27.570720866706793,10.020789200378116,17.549931666328675
2024,1,29.595128943642905,7.635662312615062,21.959466631027844
2024,2,10.970447363714053,10.729546381860654,0.24090098185339848
2024,4,23.494112029615717,8.670209124439372,14.823902905176345
2024,5,35.60858508352699,8.347770739542252,27.260814343984737
2024,6,10.15467963901166,4.353367114693437,5.801312524318222
2024,8,23.086091834667208,6.255748222042657,16.830343612624553
2024,9,18.433446224970364,3.2196574620659018,15.213788762904462
2024,10,21.84523347729016,5.080075004907421,16.76515847238274
2024,11,13.059871710128196,3.4558707128550683,9.604000997273127
2024,12,17.43038741647146,9.235821604329118,8.194565812142343
2024,13,25.427057305087725,10.651908411926343,14.775148893161383
2024,15,3.947478400948307,3.0760691827495243,0.8714092181987825
2024,16,26.40729148083878,7.870808360421909,18.53648312041687
2024,17,17.57056214977193,4.906353284736026,12.664208865035905
2024,18,20.227773905458342,6.517798164561828,13.709975740896514
2024,19,24.259049915843946,4.662128386064966,19.59692152977898
2024,20,26.76494120702583,6.962102385409111,19.80283882161672
2024,21,26.715366553613357,5.997555649519529,20.717810904093827
2024,22,40.38990387411413,6.407625464646383,33.98227840946775
2024,23,8.339429407461594,5.544466806266772,2.794962601194822
2024,24,18.95382158475247,3.7989445635803505,15.154877021172117
2024,25,5.302264716624727,2.213016081049822,3.0892486355749047
2024,26,10.379956669962883,4.722289422071695,5.6576672478911885
2024,27,16.479390029594096,4.188459070450038,12.29093095914406
2024,28,35.60097931702838,9.530647439984497,26.070331877043884
2024,29,17.839732067810637,7.332642002001198,10.50709006580944
2024,30,14.700760310920444,8.58834372970168,6.112416581218763
2024,31,27.87671045054433,5.6811273371471165,22.195583113397213
2024,32,21.85540268107981,9.149462505766813,12.705940175312996
2024,33,10.128272711298541,4.4316021804959265,5.696670530802614
2024,34,19.457835793221093,3.714176515850919,15.743659277370174
2024,35,29.415045500698362,8.11570453868749,21.299340962010874
2024,36,9.512229279601494,3.5881877022653716,5.924041577336122
2024,37,28.348295824622294,6.5560725548747545,21.792223269747538
2024,38,15.129966847643301,5.399780239170362,9.730186608472938
2024,39,19.63914533292282,6.089451733367395,13.549693599555425
2024,40,32.25609101642159,10.484814702017966,21.77127631440363
2024,41,11.130997858833961,4.721422955902228,6.409574902931733
2024,42,15.213502156517396,5.29807364820616,9.915428508311237
2024,44,13.06624214071426,3.1213534615765393,9.944888679137721
2024,45,28.3484429311201,7.781672467169706,20.566770463950395
2024,46,18.444690205810158,7.477709984655753,10.966980221154405
2024,47,35.19327298468403,8.245388308272567,26.947884676411462
2024,48,31.041411910525486,14.040425629715026,17.00098628081046
2024,49,27.164122305001392,6.350476929315725,20.813645375685667
2024,50,10.690028901734104,3.94597003668278,6.744058865051324
2024,51,18.679595875499576,4.971886370322565,13.70770950517701
2024,53,14.72430921880877,4.908268676758861,9.816040542049908
2024,54,13.274551699889109,6.293728996023701,6.9808227038654085
2024,55,16.71350348247239,4.89095653649571,11.82254694597668
2024,56,21.138211382113823,9.660053638349645,11.478157743764179
