YEAR,STATEFIP,nativity_group,weighted_denominator,weighted_numerator,uninsured_rate_pct
2008,1,Foreign-born,13170900,5455800.0,41.423137371022484
2008,1,US-born,449740000,57613900.0,12.810490505625472
2008,2,Foreign-born,4185300,936100.0,22.366377559553676
2008,2,US-born,62945900,12108900.0,19.236995578743016
2008,4,Foreign-born,93815100,42149200.0,44.92794869909002
2008,4,US-born,548574100,75640000.0,13.788474519668354
2008,5,Foreign-born,10861500,5007600.0,46.104129263913826
2008,5,US-born,273036400,44408300.0,16.264607942384238
2008,6,Foreign-born,985189800,307083200.0,31.169953241497222
2008,6,US-born,2647256700,330681100.0,12.491463332588788
2008,8,Foreign-born,50191900,20887200.0,41.614682847232324
2008,8,US-born,437075800,60597300.0,13.864254209452914
2008,9,Foreign-born,46331700,10854700.0,23.428235959397128
2008,9,US-born,293083700,19028400.0,6.492479793315016
2008,10,Foreign-born,6920600,1639300.0,23.687252550356906
2008,10,US-born,79035600,7392600.0,9.353506521112005
2008,11,Foreign-born,8077700,1312000.0,16.24224717431942
2008,11,US-born,50332000,2904100.0,5.769887944051498
2008,12,Foreign-born,340449700,124068700.0,36.442593428632776
2008,12,US-born,1438246000,244740400.0,17.016588260979
2008,13,Foreign-born,91214000,42537500.0,46.63483675751529
2008,13,US-born,866980500,138673100.0,15.994950290116098
2008,15,Foreign-born,22408200,2096000.0,9.353718727965656
2008,15,US-born,102224400,5727700.0,5.603065412954246
2008,16,Foreign-born,8811100,3721300.0,42.2342272814972
2008,16,US-born,142116000,22393900.0,15.75747980522953
2008,17,Foreign-born,178742300,55178500.0,30.870420711829265
2008,17,US-born,1098518900,105117900.0,9.569057027603257
2008,18,Foreign-born,25600600,8104600.0,31.65785176909916
2008,18,US-born,608383600,77563600.0,12.749127359777615
2008,19,Foreign-born,11298500,3071300.0,27.18325441430278
2008,19,US-born,287540600,22037500.0,7.664135082141444
2008,20,Foreign-born,17229600,6654800.0,38.62422807261922
2008,20,US-born,260591300,26841000.0,10.300036877670129
2008,21,Foreign-born,11715300,3732100.0,31.856631925772284
2008,21,US-born,412789500,52924600.0,12.821207903786313
2008,22,Foreign-born,13224700,5429700.0,41.057264058920055
2008,22,US-born,425587300,72007000.0,16.91944284991587
2008,23,Foreign-born,4041600,313200.0,7.749406175771971
2008,23,US-born,126133900,12947400.0,10.264805892785365
2008,24,Foreign-born,70753100,18755200.0,26.50795512846787
2008,24,US-born,485306500,42852200.0,8.829925006155904
2008,25,Foreign-born,93485800,9143000.0,9.780094944900723
2008,25,US-born,541291700,16806200.0,3.1048323852000688
2008,26,Foreign-born,58048000,13041000.0,22.465890297684673
2008,26,US-born,935370200,98209400.0,10.4995220074362
2008,27,Foreign-born,35633500,7294800.0,20.471747091921927
2008,27,US-born,483401300,36743500.0,7.60103458555035
2008,28,Foreign-born,5950500,2929800.0,49.23619863876985
2008,28,US-born,286135000,48765400.0,17.04279448512066
2008,29,Foreign-born,21222700,6323000.0,29.793570092401062
2008,29,US-born,566238100,67763900.0,11.967386157872458
2008,30,Foreign-born,1986100,467200.0,23.52348824329087
2008,30,US-born,93709800,16523600.0,17.632734249779638
2008,31,Foreign-born,10653900,3616800.0,33.94813167009264
2008,31,US-born,166641700,14826800.0,8.897412832442301
2008,32,Foreign-born,49769000,18330500.0,36.83115995901063
2008,32,US-born,206071900,36264900.0,17.598178111620264
2008,33,Foreign-born,6383100,1194000.0,18.705644592752737
2008,33,US-born,123477300,12669700.0,10.26075238120691
2008,34,Foreign-born,172712300,48045100.0,27.81799559151259
2008,34,US-born,673054400,53924400.0,8.0118932436962
2008,35,Foreign-born,18467200,8663400.0,46.91236354184717
2008,35,US-born,177805500,32356100.0,18.197468582242955
2008,36,Foreign-born,422417500,98361700.0,23.2854225973119
2008,36,US-born,1479491000,121908400.0,8.239887907395179
2008,37,Foreign-born,64255600,30249300.0,47.076519400643676
2008,37,US-born,849820000,112361500.0,13.221799910569295
2008,38,Foreign-born,1421700,255700.0,17.985510304564958
2008,38,US-born,62331400,5730500.0,9.19360065713268
2008,39,Foreign-born,43303000,8699700.0,20.090293975013278
2008,39,US-born,1097867700,122552100.0,11.162738461109658
2008,40,Foreign-born,18165400,7987500.0,43.970955773063075
2008,40,US-born,342615400,59924900.0,17.490428042639063
2008,41,Foreign-born,36232300,12087200.0,33.360289023882004
2008,41,US-born,339384600,49015500.0,14.442464389957587
2008,42,Foreign-born,66420200,13698300.0,20.623695803385115
2008,42,US-born,1161241100,100157100.0,8.625004747076211
2008,44,Foreign-born,13147500,3242400.0,24.661722760981174
2008,44,US-born,89991300,7119300.0,7.911098072813704
2008,45,Foreign-born,19118600,8127700.0,42.512004017030534
2008,45,US-born,425279000,64993300.0,15.28250865902149
2008,46,Foreign-born,1548800,176700.0,11.408832644628099
2008,46,US-born,78510100,8694100.0,11.073861834337238
2008,47,Foreign-born,25003700,10080200.0,40.314833404656106
2008,47,US-born,592236200,71996300.0,12.156686808405158
2008,48,Foreign-born,387540000,195117000.0,50.347577024307164
2008,48,US-born,2015686400,373226700.0,18.516109450358943
2008,49,Foreign-born,22369200,9205500.0,41.152566922375414
2008,49,US-born,248462100,30651500.0,12.336489146634436
2008,50,Foreign-born,2431600,287600.0,11.827603224214508
2008,50,US-born,58980600,4779800.0,8.104020644076188
2008,51,Foreign-born,79341500,21990500.0,27.716264502183595
2008,51,US-born,685231200,65852200.0,9.610216230667838
2008,53,Foreign-born,80577200,20518600.0,25.464523463212917
2008,53,US-born,564218500,61061800.0,10.822367575682117
2008,54,Foreign-born,2439700,795900.0,32.62286346681969
2008,54,US-born,178386400,25817600.0,14.472852190525733
2008,55,Foreign-born,25373500,6678900.0,26.322344177980966
2008,55,US-born,533779700,42736100.0,8.00631796226046
2008,56,Foreign-born,1263500,356300.0,28.1994459833795
2008,56,US-born,51624500,7137700.0,13.826187178568317
2009,1,Foreign-born,14939000,6242000.0,41.78325189102349
2009,1,US-born,452238000,60114400.0,13.292646792175802
2009,2,Foreign-born,4925600,1091000.0,22.149585837258403
2009,2,US-born,63212500,12787400.0,20.22922681431679
2009,4,Foreign-born,92518000,37667700.0,40.71391513002875
2009,4,US-born,560117000,78875800.0,14.082022148943881
2009,5,Foreign-born,11618000,5554500.0,47.809433637459115
2009,5,US-born,275373100,43581000.0,15.82616457453542
2009,6,Foreign-born,992797400,320061700.0,32.238370084369684
2009,6,US-born,2659960600,347592400.0,13.067577015990386
2009,8,Foreign-born,49152500,21494800.0,43.730837698998016
2009,8,US-born,446859400,55783500.0,12.483456765148054
2009,9,Foreign-born,45815400,10753300.0,23.470928988942582
2009,9,US-born,293928200,19195000.0,6.530506429801564
2009,10,Foreign-born,7339500,2202300.0,30.006131207847947
2009,10,US-born,79817100,6937000.0,8.691120073267507
2009,11,Foreign-born,7327300,1105300.0,15.08468330763037
2009,11,US-born,51822000,3003900.0,5.796572884103276
2009,12,Foreign-born,347945500,132849700.0,38.18118067341006
2009,12,US-born,1448465700,248160900.0,17.132673559339377
2009,13,Foreign-born,92325500,45368600.0,49.13983677315584
2009,13,US-born,879256200,144925100.0,16.48269298527551
2009,15,Foreign-born,22015500,1855300.0,8.427244441416274
2009,15,US-born,103552700,6542900.0,6.31842530421708
2009,16,Foreign-born,9460300,3496200.0,36.95654471845502
2009,16,US-born,143527600,22621000.0,15.760731733826805
2009,17,Foreign-born,173212900,56288400.0,32.49665584953546
2009,17,US-born,1104600300,113948100.0,10.315776666003078
2009,18,Foreign-born,27894200,9647800.0,34.58711846907242
2009,18,US-born,611321200,79934000.0,13.075613932577507
2009,19,Foreign-born,11480600,3248200.0,28.292946361688415
2009,19,US-born,288123400,22815600.0,7.918690394462928
2009,20,Foreign-born,17915600,7067300.0,39.4477438656813
2009,20,US-born,261871700,29110100.0,11.116168719262143
2009,21,Foreign-born,12672800,4994600.0,39.411968941354715
2009,21,US-born,416232900,58982500.0,14.170552111570228
2009,22,Foreign-born,14968700,5747400.0,38.39611990353204
2009,22,US-born,431801500,73275100.0,16.969626089765782
2009,23,Foreign-born,4497600,372400.0,8.27997154037709
2009,23,US-born,125870400,12665100.0,10.062016169011937
2009,24,Foreign-born,73353100,20918400.0,28.517404172420797
2009,24,US-born,489566400,43001900.0,8.783670611381828
2009,25,Foreign-born,94806100,9605300.0,10.131521073011125
2009,25,US-born,548880800,17721100.0,3.2285880650224965
2009,26,Foreign-born,60331800,14417800.0,23.89751341746807
2009,26,US-born,930226700,109312200.0,11.75113550277583
2009,27,Foreign-born,35571900,7657500.0,21.526823138488528
2009,27,US-born,488013500,39056700.0,8.003200731127315
2009,28,Foreign-born,5783800,2414500.0,41.74591099277292
2009,28,US-born,287710600,50214600.0,17.453163004769376
2009,29,Foreign-born,21198000,6412300.0,30.249551844513633
2009,29,US-born,573789700,74270600.0,12.94387124760169
2009,30,Foreign-born,1991500,532800.0,26.753703238764746
2009,30,US-born,94734600,17753200.0,18.73993240062237
2009,31,Foreign-born,10295100,3991800.0,38.77378558731824
2009,31,US-born,168027300,16249000.0,9.670452361015144
2009,32,Foreign-born,50481100,19936200.0,39.492404087866554
2009,32,US-born,210011900,37283400.0,17.752993997006836
2009,33,Foreign-born,7162700,1422200.0,19.855641029220823
2009,33,US-born,123817200,12290800.0,9.926569168096194
2009,34,Foreign-born,175550300,50014900.0,28.49035290740033
2009,34,US-born,673657600,56570400.0,8.397500451267826
2009,35,Foreign-born,20088000,10222200.0,50.88709677419355
2009,35,US-born,178305200,30481700.0,17.095238949845545
2009,36,Foreign-born,416126900,98377700.0,23.641273851798577
2009,36,US-born,1491249200,123395200.0,8.274619694682821
2009,37,Foreign-born,67096400,32638900.0,48.64478571130493
2009,37,US-born,861142100,116073400.0,13.479006542590358
2009,38,Foreign-born,1671000,279100.0,16.70257330939557
2009,38,US-born,62541600,6104400.0,9.760543382324725
2009,39,Foreign-born,42899800,9888800.0,23.050923314327807
2009,39,US-born,1103425000,131278700.0,11.897383147925776
2009,40,Foreign-born,19512400,9194400.0,47.12080523154507
2009,40,US-born,346304200,60371600.0,17.433112275277054
2009,41,Foreign-born,37408200,14379400.0,38.43916574440898
2009,41,US-born,341325000,52020700.0,15.240811543250569
2009,42,Foreign-born,67195000,14057900.0,20.9210506734132
2009,42,US-born,1174616500,107898400.0,9.18584065522662
2009,44,Foreign-born,13613100,3811900.0,28.00170424076808
2009,44,US-born,89772800,7843800.0,8.737390389962215
2009,45,Foreign-born,20890400,9328900.0,44.65639719679853
2009,45,US-born,430634000,67418100.0,15.655545080044773
2009,46,Foreign-born,1800100,298300.0,16.57130159435587
2009,46,US-born,78888100,10468500.0,13.270062278087568
2009,47,Foreign-born,26450000,12338900.0,46.64990548204159
2009,47,US-born,598528500,78574500.0,13.127946288271989
2009,48,Foreign-born,398644500,203593800.0,51.07151860868518
2009,48,US-born,2050336700,389128400.0,18.978756025778594
2009,49,Foreign-born,21503600,8773000.0,40.79781989992373
2009,49,US-born,254213900,30980100.0,12.186627088447958
2009,50,Foreign-born,2155500,150600.0,6.98677800974252
2009,50,US-born,59581200,5089200.0,8.541620511167952
2009,51,Foreign-born,80612300,21565200.0,26.751748802602084
2009,51,US-born,694510300,68791400.0,9.905022286926487
2009,53,Foreign-born,80767800,21550100.0,26.68154883505555
2009,53,US-born,574925200,66898400.0,11.636018041999202
2009,54,Foreign-born,2178100,324900.0,14.916670492631193
2009,54,US-born,179129100,25778000.0,14.390738299918885
2009,55,Foreign-born,25447600,7541100.0,29.633835803769315
2009,55,US-born,535493500,44866800.0,8.378589095852703
2009,56,Foreign-born,1594600,761200.0,47.73610936912078
2009,56,US-born,52410300,7359600.0,14.042277949181745
2010,1,Foreign-born,17033100,8902400.0,52.265295219308285
2010,1,US-born,458340200,62682600.0,13.675998745036983
2010,2,Foreign-born,4632200,1550600.0,33.47437502698502
2010,2,US-born,65159500,11062700.0,16.97787736247209
2010,4,Foreign-born,86128700,33910900.0,39.37235787838432
2010,4,US-born,547597700,77393600.0,14.13329530054637
2010,5,Foreign-born,13283200,6266600.0,47.17688508793062
2010,5,US-born,277008900,45525400.0,16.43463441066334
2010,6,Foreign-born,1014206300,333246300.0,32.857841644249305
2010,6,US-born,2674909600,356981000.0,13.345535116401692
2010,8,Foreign-born,49113600,18923800.0,38.53067174876205
2010,8,US-born,448313400,59746600.0,13.326971712199546
2010,9,Foreign-born,47266400,11370300.0,24.055777465599242
2010,9,US-born,297638400,19706500.0,6.620953479120974
2010,10,Foreign-born,6997200,1742500.0,24.90281827016521
2010,10,US-born,81502900,7371700.0,9.044708838581204
2010,11,Foreign-born,7987700,1228100.0,15.374888891670944
2010,11,US-born,51399900,3278000.0,6.377444314093997
2010,12,Foreign-born,366819200,144522100.0,39.39872831084087
2010,12,US-born,1458674200,251324000.0,17.22961851248209
2010,13,Foreign-born,93982000,45527400.0,48.44268051328978
2010,13,US-born,865130900,149013600.0,17.22439922097338
2010,15,Foreign-born,24214700,2763500.0,11.412489107855972
2010,15,US-born,107956700,7213100.0,6.68147507287644
2010,16,Foreign-born,9006300,3904500.0,43.35298624296326
2010,16,US-born,146630200,24236300.0,16.52885967556479
2010,17,Foreign-born,175949100,59643600.0,33.89821260807813
2010,17,US-born,1095301300,119964700.0,10.952666631546954
2010,18,Foreign-born,29990300,9789900.0,32.64355474936897
2010,18,US-born,615373600,88666200.0,14.408515412425881
2010,19,Foreign-born,14080800,4794900.0,34.05275268450656
2010,19,US-born,289667900,23964200.0,8.272991242730036
2010,20,Foreign-born,18714000,7105800.0,37.97050336646361
2010,20,US-born,264789900,32481100.0,12.26674431313279
2010,21,Foreign-born,14675800,5470800.0,37.27769525341038
2010,21,US-born,417065000,62297500.0,14.937120113171808
2010,22,Foreign-born,16696700,7618900.0,45.63117262692628
2010,22,US-born,434828500,75693800.0,17.407736613400456
2010,23,Foreign-born,4790400,493300.0,10.297678690714763
2010,23,US-born,126703500,13439600.0,10.607126085704026
2010,24,Foreign-born,80619800,23965500.0,29.726568411233966
2010,24,US-born,490522400,42406100.0,8.64508939856773
2010,25,Foreign-born,97510600,10047500.0,10.304007974517642
2010,25,US-born,542199600,18002000.0,3.3201795058498753
2010,26,Foreign-born,58254700,12768900.0,21.919089790180017
2010,26,US-born,923968000,111197200.0,12.034745792062063
2010,27,Foreign-born,37835800,8639400.0,22.833929770217626
2010,27,US-born,490022100,38978700.0,7.954477971503734
2010,28,Foreign-born,6298100,3300000.0,52.39675457677713
2010,28,US-born,289417300,51811700.0,17.90207427130306
2010,29,Foreign-born,23294000,6859700.0,29.448355799776767
2010,29,US-born,572749200,73814000.0,12.887665316686606
2010,30,Foreign-born,1985600,338300.0,17.03767123287671
2010,30,US-born,96295400,16255300.0,16.88066096615207
2010,31,Foreign-born,10926900,3520800.0,32.22139856683963
2010,31,US-born,170853500,17780700.0,10.406986102128432
2010,32,Foreign-born,50890300,19015500.0,37.365666934563166
2010,32,US-born,214943800,41233600.0,19.18343306482904
2010,33,Foreign-born,7069800,1319700.0,18.666723245353474
2010,33,US-born,123415400,13285100.0,10.764539919653462
2010,34,Foreign-born,184611200,57322500.0,31.050391308869667
2010,34,US-born,674260400,57591200.0,8.541388460600682
2010,35,Foreign-born,20815400,10234800.0,49.16936498938286
2010,35,US-born,183724900,31287300.0,17.029428237544288
2010,36,Foreign-born,430147400,104591200.0,24.315199859397037
2010,36,US-born,1462243500,124402900.0,8.507673311592768
2010,37,Foreign-born,71983400,34772000.0,48.30558156463851
2010,37,US-born,874712300,124838500.0,14.27194975993821
2010,38,Foreign-born,1665600,218700.0,13.130403458213259
2010,38,US-born,65396800,6542000.0,10.003547574193233
2010,39,Foreign-born,46898100,10951200.0,23.35105260127809
2010,39,US-born,1098235100,131461100.0,11.97021475638504
2010,40,Foreign-born,21003500,10280700.0,48.94755635965434
2010,40,US-born,352157200,62323800.0,17.697721358529655
2010,41,Foreign-born,37483600,14396200.0,38.40666318069769
2010,41,US-born,342510200,51376800.0,15.000078829769157
2010,42,Foreign-born,72727900,17112400.0,23.529347059381614
2010,42,US-born,1179670500,113756700.0,9.643091015669206
2010,44,Foreign-born,13062800,3558200.0,27.239183023547785
2010,44,US-born,89828800,8710200.0,9.69644479276134
2010,45,Foreign-born,21321100,10935300.0,51.288629573521064
2010,45,US-born,437103000,70134600.0,16.04532570126492
2010,46,Foreign-born,2118200,404800.0,19.110565574544424
2010,46,US-born,78960100,9253000.0,11.718576850839854
2010,47,Foreign-born,29020500,13029100.0,44.896194069709345
2010,47,US-born,601670000,79793500.0,13.262004088620008
2010,48,Foreign-born,414037900,210657200.0,50.87872390426094
2010,48,US-born,2082333400,392250600.0,18.83706999080935
2010,49,Foreign-born,22855200,10672400.0,46.69571913612657
2010,49,US-born,251574400,32298000.0,12.838349212002493
2010,50,Foreign-born,2797900,263600.0,9.421351728081776
2010,50,US-born,59214100,4586500.0,7.745621397606313
2010,51,Foreign-born,90358300,27250200.0,30.1579378983447
2010,51,US-born,698526100,73234800.0,10.484189495567882
2010,53,Foreign-born,89393400,26060900.0,29.15304709296212
2010,53,US-born,574242600,68253300.0,11.885795306722281
2010,54,Foreign-born,2254400,525800.0,23.323278921220727
2010,54,US-born,182591800,26991800.0,14.782591551208762
2010,55,Foreign-born,25176300,7964100.0,31.633321814563697
2010,55,US-born,539731700,47298600.0,8.763354088707407
2010,56,Foreign-born,1657200,487800.0,29.43519188993483
2010,56,US-born,54394800,7644200.0,14.053181554119142
2011,1,Foreign-born,16153400,7425300.0,45.96741243329578
2011,1,US-born,460435400,61983800.0,13.461997057567684
2011,2,Foreign-born,4471900,1351300.0,30.217580894027147
2011,2,US-born,66482300,12581500.0,18.92458594242377
2011,4,Foreign-born,86899200,33072600.0,38.05857821475917
2011,4,US-born,553398800,80745300.0,14.590797811632406
2011,5,Foreign-born,12612500,5796100.0,45.95520317145689
2011,5,US-born,279354900,44613200.0,15.970079637049503
2011,6,Foreign-born,1021967500,327706900.0,32.06627412319863
2011,6,US-born,2702078700,353769900.0,13.092509111596195
2011,8,Foreign-born,49516300,19037300.0,38.44653174813143
2011,8,US-born,455036700,57726300.0,12.686075650601369
2011,9,Foreign-born,47724700,11374400.0,23.833360922122086
2011,9,US-born,297396800,17616100.0,5.923432935391369
2011,10,Foreign-born,7816400,2009000.0,25.702369377206896
2011,10,US-born,81365500,6220700.0,7.645377955030081
2011,11,Foreign-born,8382300,1216100.0,14.507951278288775
2011,11,US-born,52458600,3591300.0,6.845969964886596
2011,12,Foreign-born,369962200,144179200.0,38.97133274696712
2011,12,US-born,1474435200,246922500.0,16.746921126136975
2011,13,Foreign-born,94565900,44762600.0,47.33482153715028
2011,13,US-born,873606300,149904800.0,17.15930848941909
2011,15,Foreign-born,24823000,2126200.0,8.56544333883898
2011,15,US-born,108105300,7409200.0,6.853688024546438
2011,16,Foreign-born,9287400,3990700.0,42.96896871029567
2011,16,US-born,147635100,20960000.0,14.197165850126424
2011,17,Foreign-born,179124900,56489200.0,31.53620741728258
2011,17,US-born,1094286900,108760000.0,9.938892624959689
2011,18,Foreign-born,30102600,9985000.0,33.169892301661655
2011,18,US-born,617326600,86713500.0,14.046616491173392
2011,19,Foreign-born,13247500,3665000.0,27.665597282506134
2011,19,US-born,291471200,24087700.0,8.264178416255191
2011,20,Foreign-born,19356100,7429500.0,38.38324869162693
2011,20,US-born,265228000,29290900.0,11.043668089342
2011,21,Foreign-born,14343000,4386300.0,30.581468312068605
2011,21,US-born,419437700,60109400.0,14.33094831485105
2011,22,Foreign-born,17303100,8481600.0,49.017806057874026
2011,22,US-born,437541700,74971300.0,17.134663964600403
2011,23,Foreign-born,4418700,530800.0,12.012582886369294
2011,23,US-born,127004000,14092100.0,11.095792258511542
2011,24,Foreign-born,79764000,21984900.0,27.562434180833456
2011,24,US-born,495092500,38275500.0,7.730979564424829
2011,25,Foreign-born,98491000,9301000.0,9.44350245200069
2011,25,US-born,543186500,17667200.0,3.2525108779397134
2011,26,Foreign-born,60699900,13885600.0,22.875820223756545
2011,26,US-born,919694100,104735200.0,11.388047395324161
2011,27,Foreign-born,39488100,9462600.0,23.963168650808726
2011,27,US-born,492346700,37122100.0,7.539829148849784
2011,28,Foreign-born,6816600,3633700.0,53.306633805709595
2011,28,US-born,289565500,49924600.0,17.241211401220106
2011,29,Foreign-born,24989100,8157800.0,32.645433408966305
2011,29,US-born,572129900,74766800.0,13.06815113141264
2011,30,Foreign-born,2024900,514600.0,25.413600671638104
2011,30,US-born,97229600,18246300.0,18.76619877074471
2011,31,Foreign-born,11403600,4457600.0,39.089410361640184
2011,31,US-born,171794200,17292100.0,10.065590107232957
2011,32,Foreign-born,52317600,20490900.0,39.16636084224047
2011,32,US-born,215499100,39155000.0,18.16944943157535
2011,33,Foreign-born,7045300,1385100.0,19.659915120718775
2011,33,US-born,123002600,11422100.0,9.286063871820597
2011,34,Foreign-born,187709500,55291900.0,29.456101049760402
2011,34,US-born,671730500,57488500.0,8.558268531799582
2011,35,Foreign-born,21153300,10807600.0,51.09179182444347
2011,35,US-born,184983200,31213300.0,16.873586358112522
2011,36,Foreign-born,432088800,101292000.0,23.442403505946
2011,36,US-born,1466660400,119059600.0,8.117734684866381
2011,37,Foreign-born,70811000,33850100.0,47.80344861674033
2011,37,US-born,884529400,122801500.0,13.883258148344193
2011,38,Foreign-born,1664900,196900.0,11.826536128295993
2011,38,US-born,66415600,6578700.0,9.905353561512657
2011,39,Foreign-born,45266900,11195400.0,24.731978553866067
2011,39,US-born,1100690400,129500700.0,11.765406512130932
2011,40,Foreign-born,20771800,10007500.0,48.17829942518222
2011,40,US-born,354626700,60870400.0,17.164641015467815
2011,41,Foreign-born,36883900,12747100.0,34.56006550283457
2011,41,US-born,346407000,47480200.0,13.706478217818924
2011,42,Foreign-born,75638500,18323900.0,24.225625838693258
2011,42,US-born,1179056700,112129900.0,9.5101363657914
2011,44,Foreign-born,14205400,3355100.0,23.61848311205598
2011,44,US-born,88523600,8059200.0,9.104012941181788
2011,45,Foreign-born,22192400,9854400.0,44.40439069230908
2011,45,US-born,441625300,69151600.0,15.658432612443175
2011,46,Foreign-born,2367200,701200.0,29.6214937478878
2011,46,US-born,79553100,8846500.0,11.120245471263848
2011,47,Foreign-born,30353900,14242500.0,46.92148290664462
2011,47,US-born,604744700,82070100.0,13.571032536539798
2011,48,Foreign-born,422656900,210730300.0,49.85847859102738
2011,48,US-born,2112912500,381906900.0,18.07490371702567
2011,49,Foreign-born,23592900,10350300.0,43.87040168864362
2011,49,US-born,255515900,32143200.0,12.57972595834545
2011,50,Foreign-born,2422600,444200.0,18.335672418063236
2011,50,US-born,59633800,3971800.0,6.660316800203911
2011,51,Foreign-born,89866900,26825800.0,29.85059015054486
2011,51,US-born,706456500,72498500.0,10.262273756416707
2011,53,Foreign-born,91870500,27826100.0,30.28839507785415
2011,53,US-born,579776100,67192600.0,11.58940494442596
2011,54,Foreign-born,2330000,422500.0,18.13304721030043
2011,54,US-born,182498700,28325400.0,15.520877682964318
2011,55,Foreign-born,27483300,7569000.0,27.54036087369421
2011,55,US-born,539262500,46235200.0,8.5737836396931
2011,56,Foreign-born,1641900,697000.0,42.45081917290943
2011,56,US-born,54780500,7994600.0,14.593879208842564
2012,1,Foreign-born,16253900,6407700.0,39.42253859073822
2012,1,US-born,462181300,58838600.0,12.730631897049923
2012,2,Foreign-born,5050800,1688900.0,33.43826720519522
2012,2,US-born,66427400,12977500.0,19.5363660176373
2012,4,Foreign-born,89020900,34963400.0,39.27549597903413
2012,4,US-born,559019800,82225700.0,14.708906553936012
2012,5,Foreign-born,12744500,4970500.0,39.00113774569422
2012,5,US-born,280265100,43537600.0,15.534435075933464
2012,6,Foreign-born,1028627800,319076200.0,31.019597175965885
2012,6,US-born,2729730400,356850600.0,13.07274154253475
2012,8,Foreign-born,51117100,18557700.0,36.30428956259256
2012,8,US-born,459813000,55687800.0,12.110966849567106
2012,9,Foreign-born,48610400,12571000.0,25.860721162549577
2012,9,US-born,297276200,19087000.0,6.42062835840878
2012,10,Foreign-born,7981400,2004500.0,25.11464154158418
2012,10,US-born,82344900,6110800.0,7.420981748717893
2012,11,Foreign-born,9057200,1175800.0,12.981937022479354
2012,11,US-born,53105100,2274600.0,4.283204437991831
2012,12,Foreign-born,376330700,140848000.0,37.42665692700595
2012,12,US-born,1494186100,237662600.0,15.905823243838235
2012,13,Foreign-born,94131600,42139300.0,44.76636963570151
2012,13,US-born,884635200,145530900.0,16.45095062914069
2012,15,Foreign-born,24754100,2651700.0,10.712164853499017
2012,15,US-born,110030600,6171000.0,5.608439834009812
2012,16,Foreign-born,9362100,4053900.0,43.30118242701958
2012,16,US-born,148851900,21926300.0,14.730278887941639
2012,17,Foreign-born,178334500,56972300.0,31.946875113901125
2012,17,US-born,1095783700,110460300.0,10.08048394952398
2012,18,Foreign-born,30251200,10579600.0,34.972496958798324
2012,18,US-born,619716600,85573100.0,13.80842468960812
2012,19,Foreign-born,13129700,3382100.0,25.759156721021803
2012,19,US-born,292443200,22381500.0,7.653281047396554
2012,20,Foreign-born,18824000,7615900.0,40.458457288567786
2012,20,US-born,267279700,29402900.0,11.000798040404865
2012,21,Foreign-born,13374400,4230400.0,31.630577820313434
2012,21,US-born,421933100,57096800.0,13.532192662770473
2012,22,Foreign-born,16444100,7485500.0,45.52088591044812
2012,22,US-born,441258000,72082900.0,16.335771816035063
2012,23,Foreign-born,4430700,564400.0,12.738393481842596
2012,23,US-born,127465500,13209400.0,10.363117863264963
2012,24,Foreign-born,83001200,24613100.0,29.65390861818865
2012,24,US-born,497491200,35747600.0,7.185574337797332
2012,25,Foreign-born,100220600,8424800.0,8.406255799705848
2012,25,US-born,547416400,17161700.0,3.135035778979219
2012,26,Foreign-born,60100600,12506700.0,20.809609221871327
2012,26,US-born,921432700,103668100.0,11.25075114004528
2012,27,Foreign-born,40339800,9037800.0,22.404176520458705
2012,27,US-born,494327900,35673600.0,7.216586399432441
2012,28,Foreign-born,5598900,2753300.0,49.17573094715033
2012,28,US-born,291132600,49726300.0,17.080292622674342
2012,29,Foreign-born,22648900,6889500.0,30.418695830702596
2012,29,US-born,575619000,77533500.0,13.46958665367196
2012,30,Foreign-born,1786000,412000.0,23.06830907054871
2012,30,US-born,97984800,17933800.0,18.30263469436076
2012,31,Foreign-born,12239000,4887700.0,39.935452242830294
2012,31,US-born,171885000,15486000.0,9.009512173837159
2012,32,Foreign-born,52673100,20649800.0,39.20369220721773
2012,32,US-born,218334000,39399000.0,18.045288411333097
2012,33,Foreign-born,7310900,1144400.0,15.653339534120287
2012,33,US-born,123437500,13216200.0,10.70679493670886
2012,34,Foreign-born,187578800,54926700.0,29.28193377929702
2012,34,US-born,678570500,56204300.0,8.28275028165828
2012,35,Foreign-born,19438800,8968300.0,46.136078358746424
2012,35,US-born,186738400,30518500.0,16.342916079392346
2012,36,Foreign-born,444695500,102605900.0,23.073293973066964
2012,36,US-born,1466806900,108319000.0,7.384680287500693
2012,37,Foreign-born,75371100,36640900.0,48.61399130435936
2012,37,US-born,889321700,122372500.0,13.760206233582291
2012,38,Foreign-born,1958000,436000.0,22.26762002042901
2012,38,US-born,66750700,6865100.0,10.284686153104012
2012,39,Foreign-born,43739100,10687700.0,24.435116406144616
2012,39,US-born,1102203600,124797300.0,11.322526981403435
2012,40,Foreign-born,21215800,10696600.0,50.41808463503615
2012,40,US-born,356936600,59627200.0,16.705263623848044
2012,41,Foreign-born,37160400,11783600.0,31.710099998923585
2012,41,US-born,349072700,45295900.0,12.97606487130045
2012,42,Foreign-born,76635700,17236400.0,22.491345417344657
2012,42,US-born,1179217700,107727500.0,9.13550568313213
2012,44,Foreign-born,14223200,3830100.0,26.928539287923954
2012,44,US-born,88913300,8079300.0,9.086717060327308
2012,45,Foreign-born,22133500,9795800.0,44.25779926355976
2012,45,US-born,444974800,68749100.0,15.450110882683694
2012,46,Foreign-born,2225100,562600.0,25.28425688733091
2012,46,US-born,80686100,8403900.0,10.415548650882865
2012,47,Foreign-born,28276200,11700100.0,41.37790792256385
2012,47,US-born,611758700,78920100.0,12.900527609987403
2012,48,Foreign-born,422643500,204594300.0,48.40824477366859
2012,48,US-born,2150161200,382464500.0,17.787712846832136
2012,49,Foreign-born,23503400,9943100.0,42.3049431146132
2012,49,US-born,259240600,29946000.0,11.55143137301796
2012,50,Foreign-born,2626900,133700.0,5.089649396627203
2012,50,US-born,59326900,3918200.0,6.604423962822935
2012,51,Foreign-born,94840500,28250800.0,29.787696184646855
2012,51,US-born,710134700,73263900.0,10.31690184974766
2012,53,Foreign-born,91276700,26537100.0,29.07324651307508
2012,53,US-born,585650500,67071300.0,11.45244476014278
2012,54,Foreign-born,2560700,468100.0,18.28015776935994
2012,54,US-born,182064600,26598000.0,14.609100286381866
2012,55,Foreign-born,26577500,7635900.0,28.730693255573325
2012,55,US-born,541943500,45493900.0,8.394583568213292
2012,56,Foreign-born,1840300,813900.0,44.22648481225887
2012,56,US-born,55333000,8387200.0,15.157681672781163
2013,1,Foreign-born,15743700,6539600.0,41.53788499526795
2013,1,US-born,463848300,61025900.0,13.156434981005644
2013,2,Foreign-born,4431200,1095000.0,24.711139194800506
2013,2,US-born,67829100,12240900.0,18.046679080217785
2013,4,Foreign-born,88578900,34550400.0,39.00522584949689
2013,4,US-born,566028600,81978300.0,14.483066756697452
2013,5,Foreign-born,13516100,5950200.0,44.023053987466795
2013,5,US-born,280367600,41553200.0,14.820970754109961
2013,6,Foreign-born,1031928900,310200300.0,30.06023961534559
2013,6,US-born,2754966500,344173600.0,12.492841564498153
2013,8,Foreign-born,50434400,17054400.0,33.815015148390785
2013,8,US-born,468882200,55639100.0,11.866328045722359
2013,9,Foreign-born,49744400,11956500.0,24.03587137446627
2013,9,US-born,297899400,20161100.0,6.767754483560558
2013,10,Foreign-born,7571000,2194200.0,28.981640470215297
2013,10,US-born,83686700,7335900.0,8.76590903930971
2013,11,Foreign-born,9600600,962600.0,10.026456679790845
2013,11,US-born,53789900,2951400.0,5.486903675225275
2013,12,Foreign-born,379830100,140491800.0,36.98806387382148
2013,12,US-born,1507651400,243622900.0,16.15910017395268
2013,13,Foreign-born,97399000,44432200.0,45.6187435189273
2013,13,US-born,889258100,146352800.0,16.457854024607705
2013,15,Foreign-born,24217800,2788200.0,11.513019349404157
2013,15,US-born,111948400,6728700.0,6.010536997402375
2013,16,Foreign-born,9886200,4013900.0,40.60103983330299
2013,16,US-born,149931700,22102300.0,14.741578998970864
2013,17,Foreign-born,180249700,54781700.0,30.392117157476545
2013,17,US-born,1095019200,108923000.0,9.94713152061626
2013,18,Foreign-born,31430900,10480900.0,33.345847557658225
2013,18,US-born,621435500,83727100.0,13.473176218609975
2013,19,Foreign-born,15689100,3551800.0,22.638647213670637
2013,19,US-born,291702600,23339800.0,8.001231391149753
2013,20,Foreign-born,19681600,7906600.0,40.17254694740265
2013,20,US-born,267392200,28313800.0,10.588865344613643
2013,21,Foreign-born,15374100,5261800.0,34.225092850963634
2013,21,US-born,420898200,59809700.0,14.210015628482136
2013,22,Foreign-born,17870400,8414400.0,47.0856835885039
2013,22,US-born,441427200,71931600.0,16.29523509199252
2013,23,Foreign-born,4295300,607200.0,14.136381626428888
2013,23,US-born,127042200,13920000.0,10.956989094962147
2013,24,Foreign-born,83619200,23321000.0,27.889527763958515
2013,24,US-born,500930400,36838400.0,7.353995684829669
2013,25,Foreign-born,105228800,8508300.0,8.08552411507116
2013,25,US-born,546970800,16786300.0,3.0689572459809553
2013,26,Foreign-born,61616600,11985200.0,19.451251773061156
2013,26,US-born,920907100,99003100.0,10.750606657283889
2013,27,Foreign-born,39687000,9525200.0,24.000806309370827
2013,27,US-born,498293700,35268800.0,7.0779140896222446
2013,28,Foreign-born,6403900,2869200.0,44.80394759443464
2013,28,US-born,290888800,49380200.0,16.975627800039053
2013,29,Foreign-born,22793100,6368300.0,27.939595754855635
2013,29,US-born,577910400,73276800.0,12.679612618149802
2013,30,Foreign-born,1779100,421300.0,23.68051261873981
2013,30,US-born,98702400,16452100.0,16.668389015869927
2013,31,Foreign-born,11306000,3555800.0,31.450557226251547
2013,31,US-born,174147400,16266100.0,9.340420815929495
2013,32,Foreign-born,52667800,19096700.0,36.258776709868265
2013,32,US-born,221842500,38035400.0,17.14522690647644
2013,33,Foreign-born,7510100,1228300.0,16.355308184977563
2013,33,US-born,123377500,13014100.0,10.548195578610363
2013,34,Foreign-born,191452300,57314600.0,29.93675186978689
2013,34,US-born,676969400,59422900.0,8.777782274944776
2013,35,Foreign-born,21942900,10396900.0,47.38161318695341
2013,35,US-born,184128200,30045000.0,16.317435352107935
2013,36,Foreign-born,439364700,97195700.0,22.12187278586559
2013,36,US-born,1479165200,111536500.0,7.540503251428577
2013,37,Foreign-born,74863800,34973900.0,46.71670420149658
2013,37,US-born,898969800,116264300.0,12.933059597775143
2013,38,Foreign-born,1927200,388300.0,20.14840182648402
2013,38,US-born,69910700,6960200.0,9.955843669137915
2013,39,Foreign-born,47287800,11169100.0,23.619411349227494
2013,39,US-born,1100804300,118326900.0,10.749131339694076
2013,40,Foreign-born,22106900,10468800.0,47.35535059189665
2013,40,US-born,359735300,58223700.0,16.185150581552602
2013,41,Foreign-born,40552300,13354500.0,32.93154765574332
2013,41,US-born,348298000,44676600.0,12.827119305881746
2013,42,Foreign-born,81151700,19805400.0,24.40540370688476
2013,42,US-born,1174253300,104147200.0,8.869227789268296
2013,44,Foreign-born,13751900,4026100.0,29.276681767610295
2013,44,US-born,89026100,8212600.0,9.224935159464472
2013,45,Foreign-born,23040200,10333500.0,44.84987109486897
2013,45,US-born,449275900,65082700.0,14.486132018209746
2013,46,Foreign-born,2314700,504400.0,21.791160841577742
2013,46,US-born,81780500,10102700.0,12.353433887051315
2013,47,Foreign-born,30129500,13738900.0,45.59949551104399
2013,47,US-born,614011100,76977800.0,12.536874333379316
2013,48,Foreign-born,435877100,207682900.0,47.64712346668361
2013,48,US-born,2173214300,377966300.0,17.392039984275826
2013,49,Foreign-born,23911900,8672000.0,36.2664614689757
2013,49,US-born,263059300,30239700.0,11.495392863890386
2013,50,Foreign-born,2707600,175300.0,6.474368444378785
2013,50,US-born,59364800,4199100.0,7.073383553890521
2013,51,Foreign-born,95063300,27728000.0,29.16793336650421
2013,51,US-born,716941800,73040300.0,10.187758615831857
2013,53,Foreign-born,94379500,27065900.0,28.677731922716266
2013,53,US-born,590974400,69140200.0,11.699356181925985
2013,54,Foreign-born,2825400,713700.0,25.260140157145887
2013,54,US-born,181517300,24769300.0,13.645696580987046
2013,55,Foreign-born,27603800,7743500.0,28.052297147494187
2013,55,US-born,542315800,44789600.0,8.258951703048298
2013,56,Foreign-born,1842600,410300.0,22.26744817106263
2013,56,US-born,56037500,6954500.0,12.410439437876422
2014,1,Foreign-born,15278900,6013300.0,39.35689087565205
2014,1,US-born,465522300,53836500.0,11.564752107471543
2014,2,Foreign-born,5485800,1224600.0,22.323088701739035
2014,2,US-born,66185100,11422700.0,17.258718352015787
2014,4,Foreign-born,92190000,29293000.0,31.774595943160865
2014,4,US-born,570922100,64854500.0,11.359605802613002
2014,5,Foreign-born,14333100,5753900.0,40.14414188137946
2014,5,US-born,280292300,29603500.0,10.561652960141966
2014,6,Foreign-born,1046970400,237373900.0,22.672455687381422
2014,6,US-born,2784050700,248814400.0,8.937136094540232
2014,8,Foreign-born,53290300,16131900.0,30.27173800860569
2014,8,US-born,474067100,39582900.0,8.349640799793953
2014,9,Foreign-born,49405900,9937300.0,20.11358967248851
2014,9,US-born,297126600,13949900.0,4.694934751718628
2014,10,Foreign-born,7972000,1499700.0,18.81209232313096
2014,10,US-born,84265200,5766100.0,6.842801061410879
2014,11,Foreign-born,9282000,1535200.0,16.539538892480067
2014,11,US-born,55453500,2188900.0,3.947271137078814
2014,12,Foreign-born,397720400,119123200.0,29.95149356180875
2014,12,US-born,1524640900,205618300.0,13.48634291523991
2014,13,Foreign-born,99107900,38808200.0,39.15752427404879
2014,13,US-born,897073400,124489100.0,13.877247948718576
2014,15,Foreign-born,23869400,1823700.0,7.640326107903843
2014,15,US-born,112739100,4696200.0,4.165546824482367
2014,16,Foreign-born,10290300,4609100.0,44.79072524610556
2014,16,US-born,151620600,17782500.0,11.728287580975143
2014,17,Foreign-born,176934400,44927400.0,25.39212273023222
2014,17,US-born,1097004000,83124900.0,7.577447301924149
2014,18,Foreign-born,32230200,9150000.0,28.389522869854982
2014,18,US-born,623430900,72147600.0,11.572669882099202
2014,19,Foreign-born,15408600,2594900.0,16.84059551159742
2014,19,US-born,293488900,15707500.0,5.351991165594338
2014,20,Foreign-born,20443300,6726400.0,32.902711401779555
2014,20,US-born,267143600,24714400.0,9.251353953454247
2014,21,Foreign-born,15967100,4775300.0,29.90712151862267
2014,21,US-born,422838100,35462700.0,8.386827014878746
2014,22,Foreign-born,18430400,7267000.0,39.42942095668027
2014,22,US-born,443521100,63364700.0,14.286738556519635
2014,23,Foreign-born,4883500,351800.0,7.203849697962526
2014,23,US-born,126939700,12543200.0,9.88122707080606
2014,24,Foreign-born,88665000,21001300.0,23.686121919584956
2014,24,US-born,500430900,27390900.0,5.473462969612788
2014,25,Foreign-born,105339700,8360900.0,7.937083549696839
2014,25,US-born,549665200,13896300.0,2.52813894712636
2014,26,Foreign-born,64193100,11252000.0,17.528363640328944
2014,26,US-born,919440800,74129700.0,8.062476670602392
2014,27,Foreign-born,43772200,8334400.0,19.040395502168042
2014,27,US-born,498356200,24479700.0,4.9120889837429536
2014,28,Foreign-born,6301500,2855300.0,45.3114337856066
2014,28,US-born,291004700,42353000.0,14.554060467064623
2014,29,Foreign-born,22416500,6014800.0,26.83202105591863
2014,29,US-born,579421800,65151700.0,11.244261089244485
2014,30,Foreign-born,2365500,409100.0,17.29444092158106
2014,30,US-born,99025700,13666100.0,13.800558844825131
2014,31,Foreign-born,12013100,3891800.0,32.39630070506364
2014,31,US-born,174837800,13572700.0,7.763023785474308
2014,32,Foreign-born,54762800,17159800.0,31.33477470107445
2014,32,US-born,224385100,26374000.0,11.753899880161384
2014,33,Foreign-born,7811800,1039200.0,13.302951944494227
2014,33,US-born,123482100,11105000.0,8.993206302775867
2014,34,Foreign-born,194377900,49149200.0,25.285384809692875
2014,34,US-born,677682700,47491100.0,7.007866660901923
2014,35,Foreign-born,21405600,8488700.0,39.65644504241881
2014,35,US-born,184496500,22850400.0,12.385275601434174
2014,36,Foreign-born,446314600,82278200.0,18.43502318767972
2014,36,US-born,1479505900,84989500.0,5.74445157670544
2014,37,Foreign-born,76324600,30743500.0,40.279935957738395
2014,37,US-born,906217400,98261700.0,10.843060395882931
2014,38,Foreign-born,2704400,511700.0,18.921017600946605
2014,38,US-born,70775500,5376000.0,7.595848845998969
2014,39,Foreign-born,48130000,9612500.0,19.971950966133388
2014,39,US-born,1103109900,90575700.0,8.210940723131937
2014,40,Foreign-born,22018800,8120800.0,36.88121060184933
2014,40,US-born,362095700,51654200.0,14.265344769352412
2014,41,Foreign-born,38920500,9655700.0,24.808776865662054
2014,41,US-born,353787500,29982300.0,8.474663463237112
2014,42,Foreign-born,81319800,16695400.0,20.530547295984498
2014,42,US-born,1175586500,94859000.0,8.069078710924291
2014,44,Foreign-born,13743200,2512300.0,18.28031317306013
2014,44,US-born,89612500,4582400.0,5.113572325289441
2014,45,Foreign-born,22565100,9366200.0,41.50746063611506
2014,45,US-born,455435800,56762000.0,12.46322752844638
2014,46,Foreign-born,2362500,420000.0,17.77777777777778
2014,46,US-born,82563500,8366400.0,10.13329134544926
2014,47,Foreign-born,32243900,12827800.0,39.78364900027602
2014,47,US-born,617461900,66456900.0,10.762915088364156
2014,48,Foreign-born,450113000,190308600.0,42.280182976274844
2014,48,US-born,2208810100,331383200.0,15.002792680095043
2014,49,Foreign-born,24994600,9095500.0,36.38986020980532
2014,49,US-born,266310900,27552300.0,10.345915244175135
2014,50,Foreign-born,2440200,297500.0,12.19162363740677
2014,50,US-born,59606500,2615800.0,4.388447568637648
2014,51,Foreign-born,101122300,25617300.0,25.3329878770558
2014,51,US-born,716339100,63873100.0,8.916601090182011
2014,53,Foreign-born,93000800,20011400.0,21.51744931226398
2014,53,US-born,601200900,44373900.0,7.380877174335568
2014,54,Foreign-born,2682100,441200.0,16.44979680101413
2014,54,US-born,181377900,16793600.0,9.2589008914537
2014,55,Foreign-born,27432900,6568100.0,23.94241950358876
2014,55,US-born,543564900,37102300.0,6.825735068618301
2014,56,Foreign-born,2343700,795100.0,33.9249903997952
2014,56,US-born,55610300,6380200.0,11.473054452142858
2015,1,Foreign-born,16131000,5346900.0,33.14673609819602
2015,1,US-born,465911100,46321200.0,9.942068347373565
2015,2,Foreign-born,6253100,899400.0,14.383265900113543
2015,2,US-born,66048700,9785600.0,14.815734450488808
2015,4,Foreign-born,90822100,23747700.0,26.14749053369169
2015,4,US-born,582486300,54554100.0,9.365731005175572
2015,5,Foreign-born,14389500,5006400.0,34.79203585948087
2015,5,US-born,281446800,24122500.0,8.570891550374707
2015,6,Foreign-born,1067300000,176263100.0,16.514859926918394
2015,6,US-born,2794189300,161790200.0,5.790237619190654
2015,8,Foreign-born,53408200,15608800.0,29.225474739833956
2015,8,US-born,483548300,28456100.0,5.884851627024642
2015,9,Foreign-born,51729200,9604600.0,18.56707623547242
2015,9,US-born,294312200,10903200.0,3.70463745641533
2015,10,Foreign-born,8975100,1481500.0,16.50677986874798
2015,10,US-born,84492500,4329400.0,5.124005089209102
2015,11,Foreign-born,9550900,755600.0,7.911296317624517
2015,11,US-born,56587400,1733200.0,3.0628726536296065
2015,12,Foreign-born,408946200,100320000.0,24.531344220829048
2015,12,US-born,1544672800,168355800.0,10.899123749702849
2015,13,Foreign-born,102834600,35714600.0,34.73013946667756
2015,13,US-born,905106000,110261000.0,12.182109056839751
2015,15,Foreign-born,24983900,1884500.0,7.542857600294589
2015,15,US-born,113381900,3412300.0,3.00956325480522
2015,16,Foreign-born,9577100,2795600.0,29.190464754466383
2015,16,US-born,154700400,16343700.0,10.564743206869537
2015,17,Foreign-born,182371200,39674700.0,21.75491524977628
2015,17,US-born,1089354600,52415300.0,4.811592111512633
2015,18,Foreign-born,31637700,8551100.0,27.0281973721225
2015,18,US-born,626144800,58608000.0,9.36013522750648
2015,19,Foreign-born,14277000,2708300.0,18.969671499614766
2015,19,US-born,296144700,12747300.0,4.304416050667123
2015,20,Foreign-born,21892000,7254300.0,33.13676228759364
2015,20,US-born,266888700,20203800.0,7.57012192723034
2015,21,Foreign-born,16259500,3945800.0,24.267658907100465
2015,21,US-born,423155600,24695900.0,5.836127419795461
2015,22,Foreign-born,18897400,6407800.0,33.908368346968366
2015,22,US-born,444989500,53149500.0,11.943989689644361
2015,23,Foreign-born,4180800,422500.0,10.105721393034827
2015,23,US-born,127185000,10898000.0,8.568620513425325
2015,24,Foreign-born,91264300,18378600.0,20.137775669128015
2015,24,US-born,500627500,22592400.0,4.5128164153986745
2015,25,Foreign-born,109951200,7019800.0,6.384468746134648
2015,25,US-born,551269800,11870000.0,2.153210642048594
2015,26,Foreign-born,65554300,8619400.0,13.14848911513051
2015,26,US-born,919308200,53073800.0,5.773232524195912
2015,27,Foreign-born,45239900,6975400.0,15.418690138572366
2015,27,US-born,500043000,18088800.0,3.617448899394652
2015,28,Foreign-born,6876600,2932600.0,42.64607509525056
2015,28,US-born,290206000,36560500.0,12.598119956169066
2015,29,Foreign-born,23673100,5152600.0,21.76563272237265
2015,29,US-born,580077800,55073300.0,9.494123029703946
2015,30,Foreign-born,2098900,216100.0,10.295869264853017
2015,30,US-born,100424300,11853900.0,11.803816406985163
2015,31,Foreign-born,12297100,3346200.0,27.21129371965748
2015,31,US-born,175584700,11591800.0,6.601828063606908
2015,32,Foreign-born,55965100,15224600.0,27.203739473350357
2015,32,US-born,228117500,20135100.0,8.826635396232204
2015,33,Foreign-born,7477600,1056300.0,14.126190221461432
2015,33,US-born,124120000,7932000.0,6.390589751853046
2015,34,Foreign-born,197782200,44040200.0,22.267018973395988
2015,34,US-born,677272200,34091800.0,5.033692509451886
2015,35,Foreign-born,19603200,6968000.0,35.545217107411034
2015,35,US-born,186310700,16163400.0,8.675508169954812
2015,36,Foreign-born,451424000,69476700.0,15.390564081661587
2015,36,US-born,1477422300,68664600.0,4.6475946653844336
2015,37,Foreign-born,79526000,30270200.0,38.063274903805045
2015,37,US-born,913118300,82476500.0,9.032400292492222
2015,38,Foreign-born,2515300,517300.0,20.566135252256192
2015,38,US-born,72818200,5672800.0,7.790360102282122
2015,39,Foreign-born,50003900,7940100.0,15.878961441007602
2015,39,US-born,1101427600,70027000.0,6.357839589274865
2015,40,Foreign-born,23304800,8565300.0,36.75337269575367
2015,40,US-born,364411600,47865200.0,13.134927647747766
2015,41,Foreign-born,39536000,7836000.0,19.81991096721975
2015,41,US-born,358912300,20610900.0,5.742600629736011
2015,42,Foreign-born,81356200,12627800.0,15.52161974133502
2015,42,US-born,1177971000,70695000.0,6.001421087615909
2015,44,Foreign-born,14343400,1973800.0,13.761032948952131
2015,44,US-born,88826400,3266700.0,3.67762286887682
2015,45,Foreign-born,23447100,8150400.0,34.76080197551083
2015,45,US-born,461093300,45835300.0,9.940569511636799
2015,46,Foreign-born,2759000,649200.0,23.530264588619065
2015,46,US-born,82626200,9134800.0,11.055573171705827
2015,47,Foreign-born,32271500,12193600.0,37.78442278790883
2015,47,US-born,622316900,56651000.0,9.103239844522944
2015,48,Foreign-born,462788700,176286700.0,38.092265433447274
2015,48,US-born,2244273900,299909300.0,13.363310957722227
2015,49,Foreign-born,24319200,8139300.0,33.468617388729896
2015,49,US-born,272360900,24007800.0,8.814701376005146
2015,50,Foreign-born,2785000,104600.0,3.755834829443447
2015,50,US-born,59109400,2434900.0,4.119310972535671
2015,51,Foreign-born,101464200,21879800.0,21.564059047427566
2015,51,US-born,721260200,56264300.0,7.800832487360318
2015,53,Foreign-born,97988700,16824300.0,17.169632825009415
2015,53,US-born,605845800,29673500.0,4.897863449742492
2015,54,Foreign-born,3180600,455600.0,14.32434131924794
2015,54,US-born,180138000,10488700.0,5.822591568686229
2015,55,Foreign-born,28667600,6205300.0,21.64569060542215
2015,55,US-born,544439700,28059200.0,5.153775523717319
2015,56,Foreign-born,1873100,758300.0,40.4836901393412
2015,56,US-born,56306800,5370700.0,9.538279568364745
2016,1,Foreign-born,15929000,5423500.0,34.04796283508067
2016,1,US-born,466018300,41422300.0,8.888556522351161
2016,2,Foreign-born,5646700,1190300.0,21.079568597587972
2016,2,US-born,67064700,9333700.0,13.917455829967182
2016,4,Foreign-born,94102700,21908600.0,23.281584906702996
2016,4,US-born,589428000,50241800.0,8.523823096289963
2016,5,Foreign-born,13359300,3902600.0,29.212608445053256
2016,5,US-born,283581200,21340300.0,7.525287289848551
2016,6,Foreign-born,1067706200,155617400.0,14.574927072634775
2016,6,US-born,2803675700,137191800.0,4.893283484962259
2016,8,Foreign-born,54072400,14301200.0,26.448243466167582
2016,8,US-born,491923100,29378600.0,5.97219362132008
2016,9,Foreign-born,52136700,8220800.0,15.767779702205932
2016,9,US-born,292532900,8274600.0,2.8286049193099303
2016,10,Foreign-born,9000600,1385700.0,15.39564029064729
2016,10,US-born,84325300,4394500.0,5.211365983874353
2016,11,Foreign-born,9056000,838700.0,9.261263250883392
2016,11,US-born,57743600,1865200.0,3.2301415221773495
2016,12,Foreign-born,423756100,97582600.0,23.02801068822372
2016,12,US-born,1560430400,159523800.0,10.223064098212904
2016,13,Foreign-born,103450600,34392000.0,33.24485309896704
2016,13,US-born,913100300,102409200.0,11.215547733365108
2016,15,Foreign-born,25976800,1851300.0,7.126743863755351
2016,15,US-born,112336300,3020900.0,2.68915746735472
2016,16,Foreign-born,9449700,2997800.0,31.723758426193427
2016,16,US-born,157295500,14751900.0,9.378462829515149
2016,17,Foreign-born,177264800,34991600.0,19.73973400246411
2016,17,US-born,1089468100,48705600.0,4.470585233289529
2016,18,Foreign-born,34618200,7775400.0,22.46043988422275
2016,18,US-born,624459000,47033400.0,7.531863581115814
2016,19,Foreign-born,16169700,2669800.0,16.51112883974347
2016,19,US-born,294807200,10255800.0,3.478815985498319
2016,20,Foreign-born,21327700,5546100.0,26.00421048683168
2016,20,US-born,267015000,19190600.0,7.187086867778963
2016,21,Foreign-born,15184000,3331600.0,21.941517386722868
2016,21,US-born,425618400,20881400.0,4.906131877757165
2016,22,Foreign-born,18574000,6463400.0,34.79810487778615
2016,22,US-born,446806600,44695400.0,10.00329896648796
2016,23,Foreign-born,5060900,545400.0,10.776739315141576
2016,23,US-born,126540000,9829400.0,7.767820452030978
2016,24,Foreign-born,91705600,17031500.0,18.571930176565008
2016,24,US-born,500817500,20427200.0,4.078771209073166
2016,25,Foreign-born,112637400,6292000.0,5.586066439743815
2016,25,US-born,549354900,10379700.0,1.8894343165046859
2016,26,Foreign-born,66443800,7865200.0,11.837372335718307
2016,26,US-born,918575600,47019900.0,5.11878390847743
2016,27,Foreign-born,44931400,5864800.0,13.052787137725511
2016,27,US-born,503470600,17996400.0,3.5744688964956444
2016,28,Foreign-born,5886600,2064400.0,35.069479835558724
2016,28,US-born,290767400,35263700.0,12.127803873474125
2016,29,Foreign-born,25409500,5130800.0,20.19244770656644
2016,29,US-born,579325100,50672400.0,8.746798645527356
2016,30,Foreign-born,2325000,464500.0,19.978494623655916
2016,30,US-born,101058200,8126500.0,8.041405843365506
2016,31,Foreign-born,13921900,3456800.0,24.829944188652412
2016,31,US-born,175308500,12936400.0,7.379220060635965
2016,32,Foreign-born,58548700,14729800.0,25.158201633853526
2016,32,US-born,230397100,18017900.0,7.820367530667703
2016,33,Foreign-born,7419200,912800.0,12.303213284451154
2016,33,US-born,124159400,7555900.0,6.085644743772924
2016,34,Foreign-born,200627900,39980600.0,19.927736870096332
2016,34,US-born,672501600,28747100.0,4.274651539862508
2016,35,Foreign-born,19524700,5791400.0,29.661915419955236
2016,35,US-born,185922300,13364000.0,7.187948944263275
2016,36,Foreign-born,454272300,61606500.0,13.561579695702337
2016,36,US-born,1471059800,57315700.0,3.8962182230797144
2016,37,Foreign-born,78670300,25192400.0,32.022758270910366
2016,37,US-born,924928200,80002700.0,8.649611937445522
2016,38,Foreign-born,2394200,605100.0,25.2735778130482
2016,38,US-born,72715700,5483900.0,7.54156255114095
2016,39,Foreign-born,50058200,6795600.0,13.575398236452768
2016,39,US-born,1101711300,61175600.0,5.552779571199824
2016,40,Foreign-born,22059600,8331100.0,37.766323958729984
2016,40,US-born,366622100,46567600.0,12.701798391313563
2016,41,Foreign-born,39661300,6715000.0,16.93086207461682
2016,41,US-born,365225100,19456700.0,5.327317317457097
2016,42,Foreign-born,86830200,13532600.0,15.585130519105103
2016,42,US-born,1168535100,63977800.0,5.475043068881714
2016,44,Foreign-born,14936500,1594300.0,10.67385264285475
2016,44,US-born,88282800,2766000.0,3.1331131318897905
2016,45,Foreign-born,23928100,7937800.0,33.173549090817914
2016,45,US-born,467078100,42091200.0,9.011597846270249
2016,46,Foreign-born,3066400,576500.0,18.80054787372815
2016,46,US-born,82907700,6838700.0,8.24857039816567
2016,47,Foreign-born,33200700,11096000.0,33.42098208772706
2016,47,US-born,626828500,50747800.0,8.0959624522497
2016,48,Foreign-born,470773000,172831800.0,36.71234331620548
2016,48,US-born,2273650900,299423100.0,13.16926446359905
2016,49,Foreign-born,24772800,7390900.0,29.83473809985145
2016,49,US-born,277335700,19076700.0,6.87855908921931
2016,50,Foreign-born,2335900,126300.0,5.406909542360546
2016,50,US-born,59574800,2086100.0,3.501648347959204
2016,51,Foreign-born,102227600,22366500.0,21.879120707128017
2016,51,US-born,721591400,51884100.0,7.19023258869216
2016,53,Foreign-born,101991900,16065900.0,15.752133257641049
2016,53,US-born,613877300,27121100.0,4.418000144328516
2016,54,Foreign-born,3197400,475000.0,14.855820354037656
2016,54,US-born,178873600,9316000.0,5.208146982002934
2016,55,Foreign-born,30207300,5610600.0,18.57365603678581
2016,55,US-born,542390900,25492600.0,4.700041980792819
2016,56,Foreign-born,2072200,370600.0,17.88437409516456
2016,56,US-born,56025100,6134700.0,10.949913520904023
2017,1,Foreign-born,17528600,5828300.0,33.25023105096813
2017,1,US-born,465199000,42508500.0,9.13770235963534
2017,2,Foreign-born,5638800,1006500.0,17.849542455841668
2017,2,US-born,66218600,8861400.0,13.382040695514553
2017,4,Foreign-born,93166200,21270200.0,22.83038269243567
2017,4,US-born,598179600,52438900.0,8.766413966641457
2017,5,Foreign-born,14206900,4668600.0,32.86149687827746
2017,5,US-born,283741800,21011200.0,7.405042189765484
2017,6,Foreign-born,1062099300,145554800.0,13.70444364288725
2017,6,US-born,2836307700,144505900.0,5.094859771385171
2017,8,Foreign-born,55468800,13131400.0,23.67348851967232
2017,8,US-born,496537200,30085600.0,6.059082783726979
2017,9,Foreign-born,52581300,9255800.0,17.6028359892205
2017,9,US-born,293026700,10685100.0,3.646459520582937
2017,10,Foreign-born,9427800,1867600.0,19.809499565115935
2017,10,US-born,85154000,3778500.0,4.43725485590812
2017,11,Foreign-born,10373000,992200.0,9.565217391304348
2017,11,US-born,57389600,1472300.0,2.565447398134854
2017,12,Foreign-born,437029300,101650400.0,23.259401600762235
2017,12,US-born,1581921200,167627800.0,10.596469659803535
2017,13,Foreign-born,105924500,33480700.0,31.60807933952957
2017,13,US-born,922544900,110067300.0,11.930833935562378
2017,15,Foreign-born,25833000,1413000.0,5.469747996748345
2017,15,US-born,112706200,3787900.0,3.3608621353572383
2017,16,Foreign-born,9577400,2924900.0,30.539603650259988
2017,16,US-born,160413900,15733300.0,9.807940583702536
2017,17,Foreign-born,182420800,36129900.0,19.80580065431135
2017,17,US-born,1082839200,51806800.0,4.784348405561971
2017,18,Foreign-born,34928200,8447000.0,24.18389725207712
2017,18,US-born,627292300,48392400.0,7.7144897203424945
2017,19,Foreign-born,15727900,2749700.0,17.482944321873866
2017,19,US-born,296734500,11010600.0,3.710589769642559
2017,20,Foreign-born,20083500,5257400.0,26.177708068812706
2017,20,US-born,268585800,19878200.0,7.40106141128831
2017,21,Foreign-born,17321900,4402600.0,25.41638042016176
2017,21,US-born,424725400,21136200.0,4.976438894400947
2017,22,Foreign-born,18703100,6230600.0,33.31319406943234
2017,22,US-born,446222500,35514200.0,7.958854607286724
2017,23,Foreign-born,4855500,563800.0,11.611574503140769
2017,23,US-born,127598600,9872600.0,7.737232226685872
2017,24,Foreign-born,92682200,16697400.0,18.01575707093703
2017,24,US-born,503306400,21363500.0,4.244631103439177
2017,25,Foreign-born,115255200,7905500.0,6.859126529648988
2017,25,US-born,549843300,10690600.0,1.9442994031208527
2017,26,Foreign-born,70506500,7957900.0,11.286760795103998
2017,26,US-born,918363600,44837400.0,4.882314586510179
2017,27,Foreign-born,48794800,5997500.0,12.29126874175117
2017,27,US-born,503802000,19571600.0,3.8847801318772057
2017,28,Foreign-born,6471600,2455300.0,37.93961307868224
2017,28,US-born,290345300,35669500.0,12.285199725981444
2017,29,Foreign-born,25955100,4891800.0,18.847162985309247
2017,29,US-born,580938000,51791200.0,8.915099373771383
2017,30,Foreign-born,2417100,358400.0,14.827686070083985
2017,30,US-born,101722300,9178800.0,9.023390151422058
2017,31,Foreign-born,15030800,4373600.0,29.097586289485587
2017,31,US-born,175420100,11986400.0,6.832968399858396
2017,32,Foreign-born,59472900,13970000.0,23.489690262287528
2017,32,US-born,235061600,19575600.0,8.327859590847677
2017,33,Foreign-born,8521800,782500.0,9.182332371095308
2017,33,US-born,124055500,6687600.0,5.390812982898783
2017,34,Foreign-born,204902800,37933800.0,18.513070587615204
2017,34,US-born,674088700,30133800.0,4.470301905372394
2017,35,Foreign-born,19493800,4935100.0,25.316254398834502
2017,35,US-born,187079200,14537500.0,7.770773020196793
2017,36,Foreign-born,452510700,54180200.0,11.973241737709186
2017,36,US-born,1481305300,59672200.0,4.028352561757526
2017,37,Foreign-born,82283300,26800000.0,32.5704000690298
2017,37,US-born,932432800,82596300.0,8.858150421134907
2017,38,Foreign-born,3302000,551400.0,16.698970321017566
2017,38,US-born,71742600,5135000.0,7.15753262357372
2017,39,Foreign-born,52796000,7320200.0,13.865065535267822
2017,39,US-born,1102684300,63327100.0,5.742994617770472
2017,40,Foreign-born,22523700,7505200.0,33.32134596003321
2017,40,US-born,367077800,48416100.0,13.189601768344476
2017,41,Foreign-born,40356500,7107900.0,17.61277613271716
2017,41,US-born,368807600,21286600.0,5.7717357234503845
2017,42,Foreign-born,88017100,12668000.0,14.392657790361191
2017,42,US-born,1168914300,59940100.0,5.127843846208401
2017,44,Foreign-born,14171300,1962100.0,13.845589324903148
2017,44,US-born,89521200,2644500.0,2.9540488733394996
2017,45,Foreign-born,24077200,7329500.0,30.441662651803362
2017,45,US-born,472882200,49619600.0,10.493014962288704
2017,46,Foreign-born,3094600,602800.0,19.47909261293867
2017,46,US-born,83114100,7320000.0,8.807169902579707
2017,47,Foreign-born,34587400,11131400.0,32.18339626569213
2017,47,US-born,631573700,53858400.0,8.527650850565816
2017,48,Foreign-born,484976000,180493500.0,37.216996304971794
2017,48,US-born,2301111100,317257700.0,13.787152649865536
2017,49,Foreign-born,27180500,7513500.0,27.642979341807543
2017,49,US-born,279351800,20985500.0,7.512212199813997
2017,50,Foreign-born,3074400,119000.0,3.8706739526411655
2017,50,US-born,58805900,2435700.0,4.141931336821646
2017,51,Foreign-born,105274300,21703400.0,20.616047791341284
2017,51,US-born,724950400,53384300.0,7.36385551342547
2017,53,Foreign-born,107044700,16612100.0,15.518843996947071
2017,53,US-born,620519100,27762500.0,4.47407662391053
2017,54,Foreign-born,2975500,279300.0,9.386657704587464
2017,54,US-born,177539200,10929400.0,6.1560489176474835
2017,55,Foreign-born,28713600,4330300.0,15.081006909617741
2017,55,US-born,545855100,26282600.0,4.81494081487926
2017,56,Foreign-born,2047600,787600.0,38.464543856221916
2017,56,US-born,55510900,6336700.0,11.415235566348231
2018,1,Foreign-born,16320500,5411300.0,33.1564596672896
2018,1,US-born,467622900,45991300.0,9.835125696367736
2018,2,Foreign-born,5615400,736600.0,13.117498308223812
2018,2,US-born,66542000,8154600.0,12.254816506867842
2018,4,Foreign-born,96151000,23192800.0,24.121225988289254
2018,4,US-born,610847500,56164100.0,9.194455244557766
2018,5,Foreign-born,14710900,4352700.0,29.588264484158007
2018,5,US-born,284631600,22174100.0,7.79045615455206
2018,6,Foreign-born,1060268200,140508900.0,13.252203546234812
2018,6,US-born,2839488300,145971300.0,5.140760749040593
2018,8,Foreign-born,55903100,13195000.0,23.603342211791475
2018,8,US-born,503614400,31230300.0,6.2012325302850755
2018,9,Foreign-born,52202200,9184000.0,17.593128258962267
2018,9,US-born,291002100,9083600.0,3.121489501278513
2018,10,Foreign-born,9037300,1580300.0,17.486417403428014
2018,10,US-born,86102900,3917300.0,4.549556402862157
2018,11,Foreign-born,9902200,757000.0,7.644765809618065
2018,11,US-born,58528200,1511600.0,2.5826866365273493
2018,12,Foreign-born,447205500,98986800.0,22.1345220485884
2018,12,US-born,1599458500,178404800.0,11.154074957243342
2018,13,Foreign-born,106481700,32755400.0,30.761529915469044
2018,13,US-born,930702600,115819000.0,12.44425448043231
2018,15,Foreign-born,26030200,1815800.0,6.975743559404076
2018,15,US-born,111720000,3998900.0,3.579394915861081
2018,16,Foreign-born,10593400,3053700.0,28.826439103592804
2018,16,US-born,162637100,16455100.0,10.117679176522454
2018,17,Foreign-born,180603000,34066100.0,18.862421997419755
2018,17,US-born,1078180600,55657100.0,5.162131464802836
2018,18,Foreign-born,35874700,8633000.0,24.064312732928776
2018,18,US-born,628355600,48743700.0,7.7573431350019
2018,19,Foreign-born,18143200,3328400.0,18.345165130737687
2018,19,US-born,295681300,12421400.0,4.200942027784645
2018,20,Foreign-born,20766500,6045000.0,29.109382900344304
2018,20,US-born,267690000,19614700.0,7.327393626956555
2018,21,Foreign-born,16947700,4219700.0,24.898363789776784
2018,21,US-born,426505500,21819200.0,5.115807416317023
2018,22,Foreign-born,19136900,6214000.0,32.47129890421124
2018,22,US-born,443404500,33395000.0,7.531497763328969
2018,23,Foreign-born,4948700,282100.0,5.700486996584962
2018,23,US-born,127350300,10044500.0,7.887299833608559
2018,24,Foreign-born,90884300,16140500.0,17.75939298646741
2018,24,US-born,503667300,19959500.0,3.9628341963037905
2018,25,Foreign-born,119599400,6927800.0,5.792503975772454
2018,25,US-born,550139400,11375400.0,2.067730469768208
2018,26,Foreign-born,69870700,8014600.0,11.47061643865025
2018,26,US-born,922290400,47415800.0,5.141092219977569
2018,27,Foreign-born,48144400,5917200.0,12.290526000947152
2018,27,US-born,508517800,18825600.0,3.7020533007890775
2018,28,Foreign-born,7335400,2836200.0,38.664558169970284
2018,28,US-born,289396300,35929500.0,12.415328046695828
2018,29,Foreign-born,26182800,4705700.0,17.97248575400645
2018,29,US-born,581796200,53599800.0,9.212813696617475
2018,30,Foreign-born,2371800,131500.0,5.544312336621974
2018,30,US-born,102844000,8496600.0,8.26163898720392
2018,31,Foreign-born,13819800,3284700.0,23.768071896843658
2018,31,US-born,177956200,13060000.0,7.338884512031613
2018,32,Foreign-born,59171700,14045200.0,23.7363469361198
2018,32,US-born,238998300,20396000.0,8.533951915139145
2018,33,Foreign-born,8285000,984300.0,11.88050694025347
2018,33,US-born,125399500,6215000.0,4.956160112281149
2018,34,Foreign-born,203912500,36646300.0,17.971580947710414
2018,34,US-born,665668100,28906200.0,4.342434315239081
2018,35,Foreign-born,19733700,5406400.0,27.396788235353736
2018,35,US-born,187507800,14512700.0,7.739784691623496
2018,36,Foreign-born,445696800,50817600.0,11.401831918021399
2018,36,US-born,1458336100,52631300.0,3.6089965817893424
2018,37,Foreign-born,81803600,26619800.0,32.541110660166545
2018,37,US-born,942763500,84627100.0,8.976493044119762
2018,38,Foreign-born,3610300,827800.0,22.928842478464393
2018,38,US-born,71510800,4790600.0,6.699127963887973
2018,39,Foreign-born,55292300,8827800.0,15.965695042528525
2018,39,US-born,1102867400,69271400.0,6.281027075421759
2018,40,Foreign-born,23470600,7399800.0,31.527954121326257
2018,40,US-born,366571300,47697400.0,13.011766060245305
2018,41,Foreign-born,42703100,7912800.0,18.529802286016704
2018,41,US-born,371350700,22608300.0,6.0881263991154455
2018,42,Foreign-born,93195500,12830400.0,13.767188329908633
2018,42,US-born,1163257400,61742400.0,5.307716073845737
2018,44,Foreign-born,14494000,1106800.0,7.636263281357804
2018,44,US-born,88432300,2997700.0,3.389824758600647
2018,45,Foreign-born,25636600,7664300.0,29.895930037524476
2018,45,US-born,476974100,46694700.0,9.789776845325564
2018,46,Foreign-born,2954500,551300.0,18.659671687256726
2018,46,US-born,84670900,7714700.0,9.11139482395959
2018,47,Foreign-born,35545100,12099700.0,34.04041625990643
2018,47,US-born,635114900,58751600.0,9.250546633372954
2018,48,Foreign-born,493318600,179505900.0,36.38741778639606
2018,48,US-born,2332923700,335325100.0,14.373599102276685
2018,49,Foreign-born,26062900,7607700.0,29.1897678309014
2018,49,US-born,286259100,21329600.0,7.4511517712450015
2018,50,Foreign-born,3007900,395200.0,13.138734665381163
2018,50,US-born,59072900,2109400.0,3.5708421289626884
2018,51,Foreign-born,106600700,22785600.0,21.374718927736872
2018,51,US-born,728765700,51018800.0,7.000713672446439
2018,53,Foreign-born,110721200,19082000.0,17.23427853021824
2018,53,US-born,628633700,29634800.0,4.7141602494425605
2018,54,Foreign-born,2651600,408800.0,15.417106652587117
2018,54,US-born,176933300,11522600.0,6.5123976097207255
2018,55,Foreign-born,29389700,5869200.0,19.97026169032008
2018,55,US-born,546359200,27474300.0,5.028614874609963
2018,56,Foreign-born,1800500,416400.0,23.12690919189114
2018,56,US-born,55379300,5839600.0,10.544734223798423
2019,1,Foreign-born,17278200,4988400.0,28.871062957947007
2019,1,US-born,468955100,43969000.0,9.375950917262655
2019,2,Foreign-born,5417800,483700.0,8.927978146110968
2019,2,US-born,65563700,7486100.0,11.418056027954492
2019,4,Foreign-born,96957200,24092500.0,24.848592987421252
2019,4,US-born,620513500,59969900.0,9.664560078064376
2019,5,Foreign-born,15423900,4664200.0,30.24008195073879
2019,5,US-born,284334800,24099900.0,8.475888283811901
2019,6,Foreign-born,1054967500,150669500.0,14.281909158339001
2019,6,US-born,2839592000,159701700.0,5.624107266114287
2019,8,Foreign-born,53802800,11400500.0,21.189417651125964
2019,8,US-born,512161100,34130700.0,6.664055509096649
2019,9,Foreign-born,52278700,10069600.0,19.2613817864637
2019,9,US-born,290475100,10166000.0,3.4997836303352683
2019,10,Foreign-born,9833900,1833800.0,18.647738943857473
2019,10,US-born,85582800,5054800.0,5.906326972242086
2019,11,Foreign-born,8561500,653300.0,7.630672195292881
2019,11,US-born,60509700,1886000.0,3.116855644632183
2019,12,Foreign-born,452402500,98702900.0,21.817496587662536
2019,12,US-born,1611685000,181497400.0,11.261344493495939
2019,13,Foreign-born,108373100,31735900.0,29.283927469085963
2019,13,US-born,938073000,114168200.0,12.170502722069603
2019,15,Foreign-born,26254100,1681500.0,6.4047139303956335
2019,15,US-born,109918700,4073000.0,3.7054659489240684
2019,16,Foreign-born,9343200,2570600.0,27.513057624796645
2019,16,US-born,167316000,15933800.0,9.523177699682039
2019,17,Foreign-born,176152500,33115000.0,18.79905195782064
2019,17,US-born,1075841100,59559500.0,5.536087067132869
2019,18,Foreign-born,36008100,7492600.0,20.808095956187636
2019,18,US-born,631774600,52398500.0,8.293859867110834
2019,19,Foreign-born,17600600,2385400.0,13.552947058623003
2019,19,US-born,295580300,12800900.0,4.330768999151838
2019,20,Foreign-born,20338500,6018900.0,29.59362784866141
2019,20,US-born,267709400,21143700.0,7.898004328574193
2019,21,Foreign-born,18877400,3941100.0,20.877345397141557
2019,21,US-born,424355300,25857500.0,6.093360917137126
2019,22,Foreign-born,19519100,7348400.0,37.647227587337525
2019,22,US-born,441803000,36327800.0,8.222624110746192
2019,23,Foreign-born,4951700,516400.0,10.428741644283782
2019,23,US-born,127997100,10238000.0,7.9986187187053455
2019,24,Foreign-born,92237100,16728600.0,18.136519903596277
2019,24,US-born,503277400,19428200.0,3.8603362678316175
2019,25,Foreign-born,119111000,7260700.0,6.095742626625585
2019,25,US-born,548934900,13206500.0,2.40584083832163
2019,26,Foreign-born,67849000,7572200.0,11.160370823446183
2019,26,US-born,922436200,51017400.0,5.530723967684703
2019,27,Foreign-born,47655600,6195600.0,13.000780600810819
2019,27,US-born,512340800,21235000.0,4.144702120151274
2019,28,Foreign-born,6344400,2139200.0,33.71792446882289
2019,28,US-born,289108700,38197600.0,13.212193199305315
2019,29,Foreign-born,25648200,5264200.0,20.52463720650962
2019,29,US-born,582490100,57901300.0,9.940306281600323
2019,30,Foreign-born,2112300,230800.0,10.926478246461203
2019,30,US-born,103802800,8672400.0,8.354687927493286
2019,31,Foreign-born,14437900,3970000.0,27.497073674149284
2019,31,US-born,177591000,11661200.0,6.566323743883418
2019,32,Foreign-born,61352200,14297600.0,23.304135793011497
2019,32,US-born,241158900,21698400.0,8.99755306563432
2019,33,Foreign-born,8712000,1335200.0,15.325987144168963
2019,33,US-born,125297400,7279500.0,5.809777377663064
2019,34,Foreign-born,207788600,39773400.0,19.141281090492935
2019,34,US-born,659542100,30010500.0,4.55020232976788
2019,35,Foreign-born,19698800,5885200.0,29.87593152882409
2019,35,US-born,187687500,15285700.0,8.144229104229105
2019,36,Foreign-born,435676500,49866400.0,11.445740130578537
2019,36,US-born,1458794800,52566300.0,3.6034060444964573
2019,37,Foreign-born,86592400,28702400.0,33.14655789653595
2019,37,US-born,950146200,89886400.0,9.4602704299612
2019,38,Foreign-born,2749200,397900.0,14.473301324021534
2019,38,US-born,72799400,5120300.0,7.033437088767215
2019,39,Foreign-born,54963500,8985400.0,16.34793999654316
2019,39,US-born,1103616600,70428100.0,6.381573093409432
2019,40,Foreign-born,23876200,8339000.0,34.925993248506884
2019,40,US-born,367726700,51306800.0,13.952427169416854
2019,41,Foreign-born,41672000,7112600.0,17.068055288923016
2019,41,US-born,374772100,23291200.0,6.214763585656456
2019,42,Foreign-born,89099500,12778600.0,14.34194355748349
2019,42,US-born,1164595500,62871400.0,5.398561131311258
2019,44,Foreign-born,14208600,1692200.0,11.909688498514983
2019,44,US-born,88463300,2510600.0,2.8380130517401
2019,45,Foreign-born,28866000,9552100.0,33.09117993487148
2019,45,US-born,479874100,46400500.0,9.669307011985019
2019,46,Foreign-born,3564700,603500.0,16.929895923920665
2019,46,US-born,84473800,8002100.0,9.472877981101831
2019,47,Foreign-born,37628600,13797800.0,36.66838521762702
2019,47,US-born,639756900,57897700.0,9.049953193158213
2019,48,Foreign-born,494991700,183208400.0,37.012418592069324
2019,48,US-born,2357810200,356438100.0,15.11733641664626
2019,49,Foreign-born,26850000,7802800.0,29.060707635009308
2019,49,US-born,290170400,23221100.0,8.00257366016658
2019,50,Foreign-born,2716500,222400.0,8.187005337750783
2019,50,US-born,59010600,2456400.0,4.162641966019665
2019,51,Foreign-born,108954900,22705100.0,20.83898934329709
2019,51,US-born,728746300,45781800.0,6.282268602941792
2019,53,Foreign-born,112969300,18071600.0,15.99691243550239
2019,53,US-born,635230600,31441800.0,4.949667097271448
2019,54,Foreign-born,2756400,379800.0,13.778841967784066
2019,54,US-born,175226900,12140800.0,6.928616553736898
2019,55,Foreign-born,29297600,6956200.0,23.743241767243735
2019,55,US-born,547407700,27177400.0,4.964745654838249
2019,56,Foreign-born,1678800,546900.0,32.57684060042888
2019,56,US-born,55814500,6573200.0,11.776868018167322
2020,1,Foreign-born,16527100,5358900.0,32.42492633311349
2020,1,US-born,471245800,43975000.0,9.331648154742176
2020,2,Foreign-born,5586900,926900.0,16.590595858168214
2020,2,US-born,65211300,7186500.0,11.020329298756504
2020,4,Foreign-born,92173100,22529100.0,24.4421637115384
2020,4,US-born,640834300,63896500.0,9.970830213051954
2020,5,Foreign-born,14236400,4294200.0,30.163524486527493
2020,5,US-born,286010700,22769900.0,7.961205647201311
2020,6,Foreign-born,1026583800,130948500.0,12.755753597514396
2020,6,US-born,2839263700,150624400.0,5.30505144696493
2020,8,Foreign-born,52552800,13310300.0,25.32748017232193
2020,8,US-born,517933100,35486100.0,6.85148332863839
2020,9,Foreign-born,51457400,7648300.0,14.863362703906532
2020,9,US-born,291245200,7945400.0,2.7280792953840955
2020,10,Foreign-born,8344500,1260900.0,15.110551860506922
2020,10,US-born,88287000,5338200.0,6.0464167997553435
2020,11,Foreign-born,8774100,799000.0,9.10634708973
2020,11,US-born,60710300,1467700.0,2.417546940140306
2020,12,Foreign-born,445546200,87242700.0,19.58106701392583
2020,12,US-born,1648916000,178423800.0,10.82067249029059
2020,13,Foreign-born,109065400,27597200.0,25.303350100031725
2020,13,US-born,948397500,118732400.0,12.519265392411938
2020,15,Foreign-born,23593600,1600700.0,6.78446697409467
2020,15,US-born,112563800,3638300.0,3.232211421433889
2020,16,Foreign-born,10374100,2509300.0,24.18812234314302
2020,16,US-born,172030900,15101200.0,8.778190429742564
2020,17,Foreign-born,171886600,32460600.0,18.884892714149913
2020,17,US-born,1069878600,56930300.0,5.321192516608893
2020,18,Foreign-born,36047200,6056000.0,16.800195299496217
2020,18,US-born,634569600,44467000.0,7.007426766110447
2020,19,Foreign-born,16307700,2689800.0,16.494048823561876
2020,19,US-born,298198900,13355700.0,4.478789157169929
2020,20,Foreign-born,19037700,5100500.0,26.791576713573594
2020,20,US-born,269678200,21961600.0,8.143631928720971
2020,21,Foreign-born,16615400,3168700.0,19.0708619714241
2020,21,US-born,427305500,23795400.0,5.568709038381205
2020,22,Foreign-born,17662100,5339600.0,30.23196562130211
2020,22,US-born,442839800,35575000.0,8.033379113620773
2020,23,Foreign-born,4737400,472300.0,9.969603580022797
2020,23,US-born,127252700,9295600.0,7.3048351822790405
2020,24,Foreign-born,92335700,15415100.0,16.69462623882204
2020,24,US-born,501426400,19775600.0,3.943868930714458
2020,25,Foreign-born,117144300,6125700.0,5.229191689224315
2020,25,US-born,553093300,11659100.0,2.107980696927625
2020,26,Foreign-born,66766100,5581500.0,8.359781386062688
2020,26,US-born,925503100,48975300.0,5.291748887713072
2020,27,Foreign-born,43007200,5760300.0,13.39380382819621
2020,27,US-born,515936300,22699600.0,4.3996904268996
2020,28,Foreign-born,5999800,2161300.0,36.022867428914296
2020,28,US-born,287048100,34212300.0,11.91866450256943
2020,29,Foreign-born,23433100,4303000.0,18.362913997721172
2020,29,US-born,587735300,58758500.0,9.997442726342964
2020,30,Foreign-born,2051100,251300.0,12.251962361659597
2020,30,US-born,103995100,8883800.0,8.542517868630348
2020,31,Foreign-born,14961300,3981300.0,26.61065549116721
2020,31,US-born,174005000,11593700.0,6.662854515674837
2020,32,Foreign-born,59526600,13444700.0,22.58603716657763
2020,32,US-born,250799100,23530100.0,9.382051211507537
2020,33,Foreign-born,8264000,1092400.0,13.218780251694096
2020,33,US-born,127072300,7246800.0,5.702895123484819
2020,34,Foreign-born,201348200,36280600.0,18.01883503304226
2020,34,US-born,661372000,27815600.0,4.205742002987729
2020,35,Foreign-born,17621200,4553100.0,25.83876239983656
2020,35,US-born,190223700,14779700.0,7.769641742853282
2020,36,Foreign-born,427904300,44247000.0,10.34039620541322
2020,36,US-born,1457963800,54989200.0,3.7716437129646154
2020,37,Foreign-born,80834600,24640700.0,30.482862536587056
2020,37,US-born,969096800,88670000.0,9.149756763204667
2020,38,Foreign-born,3589600,352900.0,9.831178961444172
2020,38,US-born,71981500,4817700.0,6.692969721386745
2020,39,Foreign-born,54068700,7816100.0,14.455868182515946
2020,39,US-born,1104151900,72036500.0,6.524147628600739
2020,40,Foreign-born,23364400,8232900.0,35.23694167194535
2020,40,US-born,372457700,53815300.0,14.448701154520366
2020,41,Foreign-born,39365300,6120100.0,15.546941087709227
2020,41,US-born,378909200,22704100.0,5.991963246075841
2020,42,Foreign-born,89543400,12636500.0,14.112151202657037
2020,42,US-born,1167080500,70609800.0,6.050122506545178
2020,44,Foreign-born,15854000,1221700.0,7.705941718178377
2020,44,US-born,87579200,2588900.0,2.9560671940369403
2020,45,Foreign-born,26181900,7777000.0,29.703726620298752
2020,45,US-born,489628000,47643200.0,9.730489269404528
2020,46,Foreign-born,3167000,521600.0,16.46984527944427
2020,46,US-born,86733700,8642800.0,9.964754184359712
2020,47,Foreign-born,32474000,9742700.0,30.001539693293093
2020,47,US-born,651743700,62474300.0,9.585715980070079
2020,48,Foreign-born,474610400,163150800.0,34.37573217948869
2020,48,US-born,2412002400,356974300.0,14.799914792787936
2020,49,Foreign-born,24714500,6187000.0,25.03388698941917
2020,49,US-born,297712200,22428700.0,7.533685216796624
2020,50,Foreign-born,3240200,111800.0,3.450404296031109
2020,50,US-born,58587800,2503000.0,4.272220496417343
2020,51,Foreign-born,103956600,19473100.0,18.731951602880432
2020,51,US-born,733929000,42192900.0,5.748907591878778
2020,53,Foreign-born,111825200,16975300.0,15.180209827480748
2020,53,US-born,642823700,31846800.0,4.9542043953886585
2020,54,Foreign-born,2862400,354700.0,12.39169927333706
2020,54,US-born,175104600,12069000.0,6.892451711719739
2020,55,Foreign-born,28407900,4297900.0,15.129242217833772
2020,55,US-born,551021700,29551600.0,5.363055574762301
2020,56,Foreign-born,2092300,705200.0,33.704535678439996
2020,56,US-born,54852400,6116600.0,11.151016181607368
2021,1,Foreign-born,17442400,5881400.0,33.7189836261065
2021,1,US-born,482133500,46177000.0,9.57763772896926
2021,2,Foreign-born,6412000,677200.0,10.561447286338115
2021,2,US-born,65261500,6999200.0,10.724853091026104
2021,4,Foreign-born,91512100,22637700.0,24.737384455170407
2021,4,US-born,625805500,55663400.0,8.894680535725556
2021,5,Foreign-born,14576200,5469900.0,37.52624140722548
2021,5,US-born,286159300,23754800.0,8.301250387459014
2021,6,Foreign-born,1046025400,135016300.0,12.907554634906571
2021,6,US-born,2816929500,143662100.0,5.0999536907118195
2021,8,Foreign-born,56179200,14087900.0,25.076718785600367
2021,8,US-born,515368400,32241700.0,6.2560490709170375
2021,9,Foreign-born,55117600,8802100.0,15.969672119250475
2021,9,US-born,292430700,9240700.0,3.159962343214991
2021,10,Foreign-born,10084000,1516400.0,15.037683458944864
2021,10,US-born,88410100,4570300.0,5.16943199928515
2021,11,Foreign-born,9112600,726400.0,7.971380286636085
2021,11,US-born,56201200,1732600.0,3.0828523234379337
2021,12,Foreign-born,458423100,90754400.0,19.797082651375987
2021,12,US-born,1634172200,172173500.0,10.535823580893128
2021,13,Foreign-born,108907800,28634100.0,26.29205621635916
2021,13,US-born,953219400,111331600.0,11.679535687167089
2021,15,Foreign-born,25855300,1580200.0,6.111706303929949
2021,15,US-born,113684800,3553400.0,3.125659718801458
2021,16,Foreign-born,11704300,2831500.0,24.191963637295693
2021,16,US-born,176537900,13277600.0,7.521104533360826
2021,17,Foreign-born,180566800,33319700.0,18.452838506303486
2021,17,US-born,1070109200,54362500.0,5.0800890226903945
2021,18,Foreign-born,37899600,7205200.0,19.01128244097563
2021,18,US-born,637688900,44125800.0,6.9196437322336966
2021,19,Foreign-born,17066000,3520800.0,20.630493378647603
2021,19,US-born,300372500,12437400.0,4.140658682136348
2021,20,Foreign-born,21133600,5696000.0,26.952341295377973
2021,20,US-born,268909600,21059900.0,7.831590988198264
2021,21,Foreign-born,18199300,4057100.0,22.292615650052475
2021,21,US-born,429820300,21892300.0,5.093361109282181
2021,22,Foreign-born,19900800,6603200.0,33.18057565525004
2021,22,US-born,439323100,31109900.0,7.081325794159242
2021,23,Foreign-born,5186700,397600.0,7.665760502824533
2021,23,US-born,130524500,7167900.0,5.491612685740991
2021,24,Foreign-born,97059000,16711000.0,17.217362635098237
2021,24,US-born,509247800,20992700.0,4.122295668238528
2021,25,Foreign-born,122816900,6778400.0,5.519110155035667
2021,25,US-born,554140800,9988800.0,1.8025743637718066
2021,26,Foreign-born,69370200,6506600.0,9.379531845086218
2021,26,US-born,927392700,46442100.0,5.007813841967917
2021,27,Foreign-born,50161400,4471000.0,8.913228099694187
2021,27,US-born,515955200,20233400.0,3.921542025354139
2021,28,Foreign-born,6480900,2338200.0,36.078322455214554
2021,28,US-born,286606800,34924200.0,12.185405231138969
2021,29,Foreign-born,24508000,5041000.0,20.568793863228333
2021,29,US-born,588047600,52940400.0,9.002740594468882
2021,30,Foreign-born,2356200,423000.0,17.95263559969442
2021,30,US-born,107107000,8199000.0,7.654961860569337
2021,31,Foreign-born,14334100,3348700.0,23.361773672571
2021,31,US-born,180317800,10607100.0,5.882447545389307
2021,32,Foreign-born,57677100,13091700.0,22.698263262195916
2021,32,US-born,251069500,22447900.0,8.940910783667471
2021,33,Foreign-born,8322200,954500.0,11.469323015548772
2021,33,US-born,129110600,5837000.0,4.520930117279294
2021,34,Foreign-born,213757000,38471900.0,17.9979603007153
2021,34,US-born,689972300,27332300.0,3.9613619271382343
2021,35,Foreign-born,19375300,5945000.0,30.68339586999943
2021,35,US-born,189833700,15203600.0,8.008904636005093
2021,36,Foreign-born,441892400,45074500.0,10.200333836925008
2021,36,US-born,1491923600,56198900.0,3.76687519387722
2021,37,Foreign-born,87235100,26918600.0,30.857533263560192
2021,37,US-born,953268100,81820800.0,8.583188716794362
2021,38,Foreign-born,3688500,344700.0,9.34526230174868
2021,38,US-born,72710600,5325300.0,7.323966519324555
2021,39,Foreign-born,58889200,9538800.0,16.197876690462767
2021,39,US-born,1108088800,68635600.0,6.194052317828679
2021,40,Foreign-born,21799200,7145500.0,32.77872582480091
2021,40,US-born,371797800,47732900.0,12.838403024439629
2021,41,Foreign-born,41907400,7126200.0,17.00463402644879
2021,41,US-born,377092600,19353500.0,5.132293765510116
2021,42,Foreign-born,94509900,14200500.0,15.025410036408884
2021,42,US-born,1178436500,56914600.0,4.829670499852983
2021,44,Foreign-born,16152600,1772600.0,10.974084667483872
2021,44,US-born,90964200,2814700.0,3.0942942388324197
2021,45,Foreign-born,27372300,8412200.0,30.7325288704274
2021,45,US-born,485227500,44318900.0,9.133633192677662
2021,46,Foreign-born,2756700,457200.0,16.585047339209925
2021,46,US-born,86012400,8031200.0,9.33725834879622
2021,47,Foreign-born,37212600,13112000.0,35.235377264689916
2021,47,US-born,654076000,59131300.0,9.040432610277705
2021,48,Foreign-born,509980000,181286300.0,35.547727361857326
2021,48,US-born,2394257000,354589100.0,14.809984893016914
2021,49,Foreign-born,27718800,7791900.0,28.1105242651197
2021,49,US-born,302194100,22886500.0,7.573443690661069
2021,50,Foreign-born,3135400,175900.0,5.610129489060407
2021,50,US-born,60782500,1947900.0,3.204705301690454
2021,51,Foreign-born,105961300,20411200.0,19.262881825723166
2021,51,US-born,740523200,38258300.0,5.166387764758754
2021,53,Foreign-born,114387400,17146500.0,14.989850280712735
2021,53,US-born,644151800,32341200.0,5.020742005222992
2021,54,Foreign-born,2933900,332300.0,11.32622107092948
2021,54,US-born,174376900,11492000.0,6.590322456701547
2021,55,Foreign-born,30343900,5595100.0,18.43896137279651
2021,55,US-born,553583200,27248300.0,4.922168880847541
2021,56,Foreign-born,1859100,509000.0,27.37883922328008
2021,56,US-born,55566600,6255800.0,11.25820186946835
2022,1,Foreign-born,18343000,5128100.0,27.95671373275909
2022,1,US-born,484389500,39601200.0,8.17548687574772
2022,2,Foreign-born,5329000,818800.0,15.36498404954025
2022,2,US-born,66241800,6829700.0,10.310257269579028
2022,4,Foreign-born,96469900,22937100.0,23.77643181966603
2022,4,US-born,628719200,54153300.0,8.613272825134018
2022,5,Foreign-born,15614600,4498200.0,28.807654374751834
2022,5,US-born,286664400,23354400.0,8.1469481386597
2022,6,Foreign-born,1040995800,126059900.0,12.109549337278787
2022,6,US-born,2801950300,126243200.0,4.505547439581637
2022,8,Foreign-born,55698200,12149400.0,21.812913164159703
2022,8,US-born,517876000,29660800.0,5.727394202473179
2022,9,Foreign-born,56932500,8603500.0,15.111755148640935
2022,9,US-born,291537800,9109600.0,3.1246719979364594
2022,10,Foreign-born,9800600,1612600.0,16.454094647266494
2022,10,US-born,90107100,3913000.0,4.342610071792345
2022,11,Foreign-born,9846400,450400.0,4.574260643483913
2022,11,US-born,55876400,1637400.0,2.930396374855932
2022,12,Foreign-born,480927800,91338000.0,18.99203996940913
2022,12,US-born,1655612500,153639200.0,9.279900943004476
2022,13,Foreign-born,117457700,29576000.0,25.180128676110634
2022,13,US-born,956418800,101102200.0,10.570913076990959
2022,15,Foreign-born,25027000,1252000.0,5.002597195029368
2022,15,US-born,114054000,3602400.0,3.1585038665895104
2022,16,Foreign-born,11409800,2707100.0,23.72609511122018
2022,16,US-born,180843000,12865600.0,7.114237211282715
2022,17,Foreign-born,179374000,32904300.0,18.343962893172925
2022,17,US-born,1062185400,50348100.0,4.7400482062735945
2022,18,Foreign-born,42284300,7878900.0,18.633156987345185
2022,18,US-born,635161700,38754800.0,6.101564373292659
2022,19,Foreign-born,20006500,2396700.0,11.97960662784595
2022,19,US-born,298218800,11039800.0,3.7019128237388124
2022,20,Foreign-born,20733600,5622400.0,27.11733611143265
2022,20,US-born,269631500,19755400.0,7.3268145598715275
2022,21,Foreign-born,17970700,3516500.0,19.56796340710156
2022,21,US-born,429669900,22382800.0,5.209301372984237
2022,22,Foreign-born,19161000,6569800.0,34.28735452220656
2022,22,US-born,436741700,27053900.0,6.194485207160205
2022,23,Foreign-born,5747500,583000.0,10.143540669856458
2022,23,US-born,131436600,8311600.0,6.323657185289333
2022,24,Foreign-born,102454600,19241000.0,18.7800254942189
2022,24,US-born,503876600,18300300.0,3.6319011440499516
2022,25,Foreign-born,126625100,6455200.0,5.097883437012094
2022,25,US-born,551708400,10046500.0,1.8209800684564528
2022,26,Foreign-born,68777000,6657800.0,9.680271020835454
2022,26,US-born,926338700,40638300.0,4.386980701551171
2022,27,Foreign-born,48085200,6521900.0,13.563216956568757
2022,27,US-born,518647500,18766300.0,3.6183149441576403
2022,28,Foreign-born,6464500,2164300.0,33.479774151133114
2022,28,US-born,285714300,31344400.0,10.970539451473027
2022,29,Foreign-born,25220600,5046400.0,20.009040229019135
2022,29,US-born,587348100,47644600.0,8.111816484977137
2022,30,Foreign-born,2704900,202700.0,7.493807534474472
2022,30,US-born,108649100,8753800.0,8.056946629102312
2022,31,Foreign-born,14065600,3219100.0,22.886332612899558
2022,31,US-born,180863400,9951500.0,5.502218801592805
2022,32,Foreign-born,60303500,13800900.0,22.885736317129187
2022,32,US-born,250483200,21358500.0,8.526919170627012
2022,33,Foreign-born,8193600,894100.0,10.912175356375709
2022,33,US-born,129739600,5602200.0,4.318033969582148
2022,34,Foreign-born,216565200,38237700.0,17.656437876445523
2022,34,US-born,687762300,24187200.0,3.5167964280682438
2022,35,Foreign-born,19240400,5212300.0,27.09039313111993
2022,35,US-born,189599100,12528500.0,6.6078900163555625
2022,36,Foreign-born,448448700,44283300.0,9.874774974261271
2022,36,US-born,1468472600,49779700.0,3.3898964134570844
2022,37,Foreign-born,91552700,27063500.0,29.560570032342028
2022,37,US-born,962581400,72902800.0,7.573676366487031
2022,38,Foreign-born,3152600,790500.0,25.07454164816342
2022,38,US-born,73641700,4276800.0,5.807579129759362
2022,39,Foreign-born,58061300,8894400.0,15.318981834716066
2022,39,US-born,1106229000,60979800.0,5.5124029473101865
2022,40,Foreign-born,24558300,8283800.0,33.73116217327747
2022,40,US-born,372990800,40505700.0,10.859704850629024
2022,41,Foreign-born,42759300,7541900.0,17.638034298971217
2022,41,US-born,375943400,18157900.0,4.829955785897558
2022,42,Foreign-born,99594200,13254900.0,13.308907546825017
2022,42,US-born,1172934000,57825200.0,4.929961958643879
2022,44,Foreign-born,15984600,1915200.0,11.981532224766339
2022,44,US-born,90618100,2320900.0,2.5611881070117337
2022,45,Foreign-born,27549500,7423100.0,26.94459064592824
2022,45,US-born,493804300,40310200.0,8.163193394630222
2022,46,Foreign-born,3010900,358200.0,11.896775050649309
2022,46,US-born,87189600,7095600.0,8.138126565553689
2022,47,Foreign-born,38372200,12720900.0,33.1513439417078
2022,47,US-born,659358000,55020900.0,8.344617036571938
2022,48,Foreign-born,515447300,176170500.0,34.17817883612932
2022,48,US-born,2436804500,327358500.0,13.433925454421969
2022,49,Foreign-born,29458200,8280300.0,28.108642075890582
2022,49,US-born,304612900,19297500.0,6.335089551361745
2022,50,Foreign-born,2507300,119300.0,4.758106329517808
2022,50,US-born,61433500,2357100.0,3.8368316960615947
2022,51,Foreign-born,109268300,18821100.0,17.224666257276812
2022,51,US-born,740348600,37292600.0,5.0371676261696186
2022,53,Foreign-born,118788000,17028900.0,14.335538943327608
2022,53,US-born,644199500,28549800.0,4.4318258551892695
2022,54,Foreign-born,3264300,454400.0,13.920289189106395
2022,54,US-born,173427800,11273400.0,6.500341929033292
2022,55,Foreign-born,28789200,6125000.0,21.275339363372375
2022,55,US-born,554731200,25680200.0,4.629305148151032
2022,56,Foreign-born,1864400,587300.0,31.500750911821495
2022,56,US-born,55826100,6138700.0,10.996111137980263
2023,1,Foreign-born,20282000,6145400.0,30.299773197909474
2023,1,US-born,485428300,38978100.0,8.02963074052337
2023,2,Foreign-born,5292600,892000.0,16.853720288704984
2023,2,US-born,66222900,6539400.0,9.874831817996494
2023,4,Foreign-born,98400700,22159600.0,22.519758497652965
2023,4,US-born,633622900,52259400.0,8.247713269201602
2023,5,Foreign-born,16099500,5549500.0,34.47001459672661
2023,5,US-born,288642500,24544000.0,8.503252293061486
2023,6,Foreign-born,1062485500,123889500.0,11.660347364740508
2023,6,US-born,2772688400,122762900.0,4.427576499400365
2023,8,Foreign-born,56325500,12438700.0,22.08360334129302
2023,8,US-born,522125100,27820900.0,5.328397351515949
2023,9,Foreign-born,58757400,10429100.0,17.749423902351023
2023,9,US-born,289245600,8971700.0,3.101758505574501
2023,10,Foreign-born,11892300,2697000.0,22.678539895562675
2023,10,US-born,89205500,4190100.0,4.697131903301926
2023,11,Foreign-born,9376800,614300.0,6.551275488439553
2023,11,US-born,56718200,1310200.0,2.3100168905219136
2023,12,Foreign-born,498874400,86983500.0,17.43595181472531
2023,12,US-born,1673839400,153509000.0,9.171071011950131
2023,13,Foreign-born,127837100,34871100.0,27.2777620894091
2023,13,US-born,957930600,93887300.0,9.8010544813998
2023,15,Foreign-born,25350600,805000.0,3.1754672473235344
2023,15,US-born,113212800,2957200.0,2.6120721331863535
2023,16,Foreign-born,11242900,2814500.0,25.033576746213164
2023,16,US-born,183092600,14643600.0,7.997920178095674
2023,17,Foreign-born,188062800,30730800.0,16.340711719702142
2023,17,US-born,1051794600,45631800.0,4.338470648166477
2023,18,Foreign-born,42671900,7896100.0,18.504214717413568
2023,18,US-born,637914400,38437900.0,6.025557661027874
2023,19,Foreign-born,18755900,3586000.0,19.119317121545755
2023,19,US-born,299609800,12914900.0,4.31057328565354
2023,20,Foreign-born,20967500,5785700.0,27.593656849886727
2023,20,US-born,270124300,18458100.0,6.833187536256456
2023,21,Foreign-born,20315700,4767400.0,23.46658003416077
2023,21,US-born,428287500,21517600.0,5.024101800776347
2023,22,Foreign-born,22296800,8188000.0,36.72275842273331
2023,22,US-born,432144800,25922400.0,5.998544932161627
2023,23,Foreign-born,5596400,367500.0,6.566721463798156
2023,23,US-born,132410000,7911200.0,5.974775319084661
2023,24,Foreign-born,105206300,20091300.0,19.097050271704262
2023,24,US-born,502323100,19816300.0,3.9449310613029738
2023,25,Foreign-born,127023000,6836600.0,5.3821748817143344
2023,25,US-born,552649900,10769700.0,1.948738251829956
2023,26,Foreign-born,74032700,7338900.0,9.913051935158384
2023,26,US-born,921548200,38461900.0,4.1736178313841865
2023,27,Foreign-born,48236700,5290100.0,10.96696084101939
2023,27,US-born,520099300,17801900.0,3.422788686698867
2023,28,Foreign-born,7429300,2638100.0,35.50940196249983
2023,28,US-born,284417100,29977400.0,10.539942921856667
2023,29,Foreign-born,30021500,5290200.0,17.62137135053212
2023,29,US-born,584552000,42223500.0,7.223223939016546
2023,30,Foreign-born,2512800,302800.0,12.050302451448584
2023,30,US-born,109873500,9105600.0,8.28734863274584
2023,31,Foreign-born,15382400,3903900.0,25.379004576659035
2023,31,US-born,180396900,8684300.0,4.813996249381225
2023,32,Foreign-born,61374800,13814400.0,22.5082607193832
2023,32,US-born,251322900,20371200.0,8.1055884680624
2023,33,Foreign-born,9937100,1127900.0,11.35039397812239
2023,33,US-born,128371800,5395300.0,4.2028701007542155
2023,34,Foreign-born,224681000,40932100.0,18.21787334042487
2023,34,US-born,681623100,23846800.0,3.498531666547099
2023,35,Foreign-born,21493600,5583500.0,25.977500279152864
2023,35,US-born,187397100,13408000.0,7.154859920457681
2023,36,Foreign-born,453022200,42031800.0,9.278088358583751
2023,36,US-born,1456495600,50412300.0,3.4612051007912417
2023,37,Foreign-born,100349300,28779600.0,28.679422776242586
2023,37,US-born,966826500,70531700.0,7.295176538913652
2023,38,Foreign-born,2784800,183900.0,6.603705831657569
2023,38,US-born,74479700,2988600.0,4.0126370004175635
2023,39,Foreign-born,60123300,10591700.0,17.616631156307122
2023,39,US-born,1107236000,62538400.0,5.648154503646919
2023,40,Foreign-born,24527500,8549600.0,34.85720110080522
2023,40,US-born,375778100,38049300.0,10.125470324108829
2023,41,Foreign-born,40426100,6115800.0,15.128345301673917
2023,41,US-born,376832600,17015500.0,4.515400206882314
2023,42,Foreign-born,102120100,15396500.0,15.076855584747761
2023,42,US-born,1168042100,55702500.0,4.7688777656216335
2023,44,Foreign-born,15994700,2171300.0,13.575121759082695
2023,44,US-born,91223200,2558200.0,2.8043304773347133
2023,45,Foreign-born,31383100,9415200.0,30.000860335658363
2023,45,US-born,499281300,38802400.0,7.771650971105867
2023,46,Foreign-born,4281800,787500.0,18.391797842029053
2023,46,US-born,87245700,7042400.0,8.07191643828865
2023,47,Foreign-born,43182600,14449600.0,33.46162574740752
2023,47,US-born,661377900,52863700.0,7.992964385414149
2023,48,Foreign-born,543937500,180488400.0,33.181826956222
2023,48,US-born,2450789300,322563100.0,13.161600632090241
2023,49,Foreign-born,30299400,7767800.0,25.63681128999254
2023,49,US-born,307529800,18791100.0,6.110334673257681
2023,50,Foreign-born,2886900,213200.0,7.38508434653088
2023,50,US-born,61229500,2006000.0,3.2761985644174785
2023,51,Foreign-born,115351900,20034500.0,17.368157785003973
2023,51,US-born,738033200,35123700.0,4.759094848307637
2023,53,Foreign-born,122140600,18306600.0,14.988136622875603
2023,53,US-born,645771800,29778800.0,4.611350325300672
2023,54,Foreign-born,3311700,343200.0,10.363257541443971
2023,54,US-born,172781500,11133200.0,6.443513917867365
2023,55,Foreign-born,32004600,6013800.0,18.790423876567743
2023,55,US-born,553483100,23563400.0,4.257293492791379
2023,56,Foreign-born,2159900,595500.0,27.570720866706793
2023,56,US-born,55750100,5586600.0,10.020789200378116
2024,1,Foreign-born,22533100,6668700.0,29.595128943642905
2024,1,US-born,488219600,37278800.0,7.635662312615062
2024,2,Foreign-born,5031700,552000.0,10.970447363714053
2024,2,US-born,66908700,7179000.0,10.729546381860654
2024,4,Foreign-born,101783800,23913200.0,23.494112029615717
2024,4,US-born,644166700,55850600.0,8.670209124439372
2024,5,Foreign-born,18245600,6497000.0,35.60858508352699
2024,5,US-born,288140400,24053300.0,8.347770739542252
2024,6,Foreign-born,1088921600,110576500.0,10.15467963901166
2024,6,US-born,2792920900,121586100.0,4.353367114693437
2024,8,Foreign-born,63174400,14584500.0,23.086091834667208
2024,8,US-born,522987800,32716800.0,6.255748222042657
2024,9,Foreign-born,58965100,10869300.0,18.433446224970364
2024,9,US-born,295301600,9507700.0,3.2196574620659018
2024,10,Foreign-born,11600700,2534200.0,21.84523347729016
2024,10,US-born,92207300,4684200.0,5.080075004907421
2024,11,Foreign-born,10741300,1402800.0,13.059871710128196
2024,11,US-born,58115600,2008400.0,3.4558707128550683
2024,12,Foreign-born,541177300,94329300.0,17.43038741647146
2024,12,US-born,1701409000,157139100.0,9.235821604329118
2024,13,Foreign-born,133108600,33845600.0,25.427057305087725
2024,13,US-born,968226500,103134600.0,10.651908411926343
2024,15,Foreign-born,26320600,1039000.0,3.947478400948307
2024,15,US-born,113687300,3497100.0,3.0760691827495243
2024,16,Foreign-born,12332200,3256600.0,26.40729148083878
2024,16,US-born,185717900,14617500.0,7.870808360421909
2024,17,Foreign-born,195533300,34356300.0,17.57056214977193
2024,17,US-born,1059359100,51975900.0,4.906353284736026
2024,18,Foreign-born,49066200,9925000.0,20.227773905458342
2024,18,US-born,637341000,41540600.0,6.517798164561828
2024,19,Foreign-born,19903500,4828400.0,24.259049915843946
2024,19,US-born,301068500,14036200.0,4.662128386064966
2024,20,Foreign-born,23871900,6389300.0,26.76494120702583
2024,20,US-born,269362600,18753300.0,6.962102385409111
2024,21,Foreign-born,22998000,6144000.0,26.715366553613357
2024,21,US-born,431607500,25885900.0,5.997555649519529
2024,22,Foreign-born,24072600,9722900.0,40.38990387411413
2024,22,US-born,432183500,27692700.0,6.407625464646383
2024,23,Foreign-born,6561600,547200.0,8.339429407461594
2024,23,US-born,132616900,7352900.0,5.544466806266772
2024,24,Foreign-born,107201600,20318800.0,18.95382158475247
2024,24,US-born,507543600,19281300.0,3.7989445635803505
2024,25,Foreign-born,133884300,7098900.0,5.302264716624727
2024,25,US-born,558974700,12370200.0,2.213016081049822
2024,26,Foreign-born,79990700,8303000.0,10.379956669962883
2024,26,US-born,925928000,43725000.0,4.722289422071695
2024,27,Foreign-born,52409100,8636700.0,16.479390029594096
2024,27,US-born,521129600,21827300.0,4.188459070450038
2024,28,Foreign-born,7842200,2791900.0,35.60097931702838
2024,28,US-born,284826400,27145800.0,9.530647439984497
2024,29,Foreign-born,30933200,5518400.0,17.839732067810637
2024,29,US-born,587947700,43112100.0,7.332642002001198
2024,30,Foreign-born,2354300,346100.0,14.700760310920444
2024,30,US-born,110230800,9467000.0,8.58834372970168
2024,31,Foreign-born,18233500,5082900.0,27.87671045054433
2024,31,US-born,179786500,10213900.0,5.6811273371471165
2024,32,Foreign-born,64533700,14104100.0,21.85540268107981
2024,32,US-born,256207400,23441600.0,9.149462505766813
2024,33,Foreign-born,8536500,864600.0,10.128272711298541
2024,33,US-born,130575800,5786600.0,4.4316021804959265
2024,34,Foreign-born,237300800,46173600.0,19.457835793221093
2024,34,US-born,689439500,25607000.0,3.714176515850919
2024,35,Foreign-born,20977700,6170600.0,29.415045500698362
2024,35,US-born,189420400,15372800.0,8.11570453868749
2024,36,Foreign-born,464132000,44149300.0,9.512229279601494
2024,36,US-born,1470840000,52776500.0,3.5881877022653716
2024,37,Foreign-born,109774500,31119200.0,28.348295824622294
2024,37,US-born,978961100,64181400.0,6.5560725548747545
2024,38,Foreign-born,4162600,629800.0,15.129966847643301
2024,38,US-born,74808600,4039500.0,5.399780239170362
2024,39,Foreign-born,65283900,12821200.0,19.63914533292282
2024,39,US-born,1111694500,67696100.0,6.089451733367395
2024,40,Foreign-born,27951000,9015900.0,32.25609101642159
2024,40,US-born,377276100,39556700.0,10.484814702017966
2024,41,Foreign-born,42406800,4720300.0,11.130997858833961
2024,41,US-born,378923900,17890600.0,4.721422955902228
2024,42,Foreign-born,108160500,16455000.0,15.213502156517396
2024,42,US-born,1175325300,62269600.0,5.29807364820616
2024,44,Foreign-born,17399800,2273500.0,13.06624214071426
2024,44,US-born,89896900,2806000.0,3.1213534615765393
2024,45,Foreign-born,35242500,9990700.0,28.3484429311201
2024,45,US-born,505645800,39347700.0,7.781672467169706
2024,46,Foreign-born,3707300,683800.0,18.444690205810158
2024,46,US-born,88111200,6588700.0,7.477709984655753
2024,47,Foreign-born,46618000,16406400.0,35.19327298468403
2024,47,US-born,668561600,55125500.0,8.245388308272567
2024,48,Foreign-born,577022400,179115900.0,31.041411910525486
2024,48,US-born,2497494800,350658900.0,14.040425629715026
2024,49,Foreign-born,34160500,9279400.0,27.164122305001392
2024,49,US-born,311943500,19809900.0,6.350476929315725
2024,50,Foreign-born,2768000,295900.0,10.690028901734104
2024,50,US-born,61254900,2417100.0,3.94597003668278
2024,51,Foreign-born,119151400,22257000.0,18.679595875499576
2024,51,US-born,744069700,36994300.0,4.971886370322565
2024,53,Foreign-born,128680400,18947300.0,14.72430921880877
2024,53,US-born,651751200,31989700.0,4.908268676758861
2024,54,Foreign-born,3697300,490800.0,13.274551699889109
2024,54,US-born,172497100,10856500.0,6.293728996023701
2024,55,Foreign-born,33840900,5656000.0,16.71350348247239
2024,55,US-born,556273600,27207100.0,4.89095653649571
2024,56,Foreign-born,1857300,392600.0,21.138211382113823
2024,56,US-born,56303000,5438900.0,9.660053638349645
