period,STATEFIP,citizenship_group,weighted_denominator,weighted_numerator,uninsured_rate_pct
2008-2013,1,Naturalized citizen,30614600,5978100.0,19.526957726052277
2008-2013,1,Non-citizen / foreign-born unknown,62686600,35007300.0,55.84494931931226
2008-2013,1,US-born,2746783200,362259200.0,13.188488993233976
2008-2013,2,Naturalized citizen,15318800,2708000.0,17.67762487923336
2008-2013,2,Non-citizen / foreign-born unknown,12487300,5015500.0,40.16480744436347
2008-2013,2,US-born,392056700,73758900.0,18.813324705329613
2008-2013,4,Naturalized citizen,190433400,33832000.0,17.76579108496724
2008-2013,4,Non-citizen / foreign-born unknown,346304300,182438000.0,52.681413427439395
2008-2013,4,US-born,3334736000,476858700.0,14.299743667864561
2008-2013,5,Naturalized citizen,23712800,5776500.0,24.36026112479336
2008-2013,5,Non-citizen / foreign-born unknown,50923000,27769000.0,54.531351255817604
2008-2013,5,US-born,1665406000,263218700.0,15.805076960212705
2008-2013,6,Naturalized citizen,2828486200,449026900.0,15.875166723457939
2008-2013,6,Non-citizen / foreign-born unknown,3247929500,1468747300.0,45.221033892515216
2008-2013,6,US-born,16168902500,2090048600.0,12.926347969505041
2008-2013,8,Naturalized citizen,108429000,17731900.0,16.35346632358502
2008-2013,8,Non-citizen / foreign-born unknown,191083700,98223300.0,51.40328557590208
2008-2013,8,US-born,2715980500,345180600.0,12.709244414678237
2008-2013,9,Naturalized citizen,135748200,12630700.0,9.304506431761157
2008-2013,9,Non-citizen / foreign-born unknown,149751000,56249500.0,37.56201961923459
2008-2013,9,US-born,1777222700,114794100.0,6.459184884370428
2008-2013,10,Naturalized citizen,19884100,2346300.0,11.799880306375446
2008-2013,10,Non-citizen / foreign-born unknown,24731300,9445500.0,38.192492913837924
2008-2013,10,US-born,487752700,41368700.0,8.481490722655149
2008-2013,11,Naturalized citizen,18987300,1846100.0,9.722814723525724
2008-2013,11,Non-citizen / foreign-born unknown,31436400,5153800.0,16.394370856713874
2008-2013,11,US-born,312907500,18003300.0,5.753553366410201
2008-2013,12,Naturalized citizen,1085388200,231677500.0,21.34512794592755
2008-2013,12,Non-citizen / foreign-born unknown,1095829200,595262900.0,54.320773711815676
2008-2013,12,US-born,8821658600,1472433300.0,16.691116339505587
2008-2013,13,Naturalized citizen,205632200,48147700.0,23.4144749703597
2008-2013,13,Non-citizen / foreign-born unknown,357810600,216599500.0,60.534679520394306
2008-2013,13,US-born,5258867200,874400300.0,16.627160693466454
2008-2013,15,Naturalized citizen,79935900,4743500.0,5.934129721439303
2008-2013,15,Non-citizen / foreign-born unknown,63246900,9645500.0,15.250549829319699
2008-2013,15,US-born,643818100,39792600.0,6.180720921017908
2008-2013,16,Naturalized citizen,19115300,3581800.0,18.73786966461421
2008-2013,16,Non-citizen / foreign-born unknown,36576900,19555600.0,53.46434498276235
2008-2013,16,US-born,878692500,134239800.0,15.277221553615172
2008-2013,17,Naturalized citizen,483648600,69179000.0,14.303566680436994
2008-2013,17,Non-citizen / foreign-born unknown,581911100,270174700.0,46.42886172819182
2008-2013,17,US-born,6583510300,667174000.0,10.13401619497732
2008-2013,18,Naturalized citizen,62476800,10390700.0,16.631293536160623
2008-2013,18,Non-citizen / foreign-born unknown,112804800,48192500.0,42.722029559025856
2008-2013,18,US-born,3693557100,502177500.0,13.596039979996519
2008-2013,19,Naturalized citizen,29703500,4082300.0,13.743498240948037
2008-2013,19,Non-citizen / foreign-born unknown,49193500,17601800.0,35.78074339089514
2008-2013,19,US-born,1740948900,138626300.0,7.962686325830701
2008-2013,20,Naturalized citizen,39047700,7266000.0,18.608010202905678
2008-2013,20,Non-citizen / foreign-born unknown,72657900,36513900.0,50.25454905798268
2008-2013,20,US-born,1587152800,175439800.0,11.053743533703875
2008-2013,21,Naturalized citizen,29304900,4856200.0,16.571290125542145
2008-2013,21,Non-citizen / foreign-born unknown,52833900,23203200.0,43.91725766979155
2008-2013,21,US-born,2508356400,351220500.0,14.002017416663756
2008-2013,22,Naturalized citizen,39973200,9721800.0,24.320794932604844
2008-2013,22,Non-citizen / foreign-born unknown,56527100,33455700.0,59.18524035374183
2008-2013,22,US-born,2612444200,439961700.0,16.84099893884815
2008-2013,23,Naturalized citizen,14873900,990400.0,6.658643664405435
2008-2013,23,Non-citizen / foreign-born unknown,11595800,1890900.0,16.306766242950033
2008-2013,23,US-born,760219500,80273600.0,10.559266106696816
2008-2013,24,Naturalized citizen,218609700,26874700.0,12.293461818025458
2008-2013,24,Non-citizen / foreign-born unknown,252416700,106683400.0,42.26479468276069
2008-2013,24,US-born,2958909400,239121700.0,8.081413374806273
2008-2013,25,Naturalized citizen,295296000,12325200.0,4.173845903771131
2008-2013,25,Non-citizen / foreign-born unknown,294428800,42704700.0,14.504253659968047
2008-2013,25,US-born,3269945800,104144500.0,3.1848998842733107
2008-2013,26,Naturalized citizen,180098900,25482200.0,14.149003686307912
2008-2013,26,Non-citizen / foreign-born unknown,178918600,53137300.0,29.699148104221695
2008-2013,26,US-born,5551598800,626125200.0,11.278286175867033
2008-2013,27,Naturalized citizen,105469200,11060200.0,10.486663405050953
2008-2013,27,Non-citizen / foreign-born unknown,123093000,40557100.0,32.948339873104075
2008-2013,27,US-born,2946405200,222843400.0,7.563229931850514
2008-2013,28,Naturalized citizen,12149900,2801000.0,23.0536876846723
2008-2013,28,Non-citizen / foreign-born unknown,24701900,15099500.0,61.12687687991611
2008-2013,28,US-born,1734849800,299822800.0,17.28234916936325
2008-2013,29,Naturalized citizen,56780800,9133200.0,16.085014652840396
2008-2013,29,Non-citizen / foreign-born unknown,79277500,31874300.0,40.20598530478383
2008-2013,29,US-born,3438436300,441425600.0,12.837975215652534
2008-2013,30,Naturalized citizen,6148500,1086100.0,17.664471009189235
2008-2013,30,Non-citizen / foreign-born unknown,5397000,1600100.0,29.647952566240505
2008-2013,30,US-born,578656600,103164300.0,17.828242173337348
2008-2013,31,Naturalized citizen,24358300,3989300.0,16.377579716154248
2008-2013,31,Non-citizen / foreign-born unknown,42445500,20041200.0,47.216312683323316
2008-2013,31,US-born,1023349100,97900700.0,9.56669625253005
2008-2013,32,Naturalized citizen,128903400,22044600.0,17.101643556337535
2008-2013,32,Non-citizen / foreign-born unknown,179593200,95383500.0,53.110863885715055
2008-2013,32,US-born,1286703200,231371300.0,17.981714819703566
2008-2013,33,Naturalized citizen,22112300,2603200.0,11.772633330770658
2008-2013,33,Non-citizen / foreign-born unknown,20378100,5090500.0,24.98024840392382
2008-2013,33,US-born,740527500,75898000.0,10.249180482831495
2008-2013,34,Naturalized citizen,560642000,77654600.0,13.851013659340541
2008-2013,34,Non-citizen / foreign-born unknown,538981900,245261100.0,45.50451508668473
2008-2013,34,US-born,4048242800,341201700.0,8.42839021414427
2008-2013,35,Naturalized citizen,40063800,8998800.0,22.46117442678927
2008-2013,35,Non-citizen / foreign-born unknown,81835300,50294400.0,61.45807493832124
2008-2013,35,US-born,1095685400,185901900.0,16.96672238217284
2008-2013,36,Naturalized citizen,1357778800,149992600.0,11.04690985011697
2008-2013,36,Non-citizen / foreign-born unknown,1226900600,452379100.0,36.87169930473585
2008-2013,36,US-born,8845616200,708621600.0,8.010991930669567
2008-2013,37,Naturalized citizen,130745700,25576200.0,19.561790559842503
2008-2013,37,Non-citizen / foreign-born unknown,293488300,177514700.0,60.484421355127274
2008-2013,37,US-born,5258495300,714711700.0,13.59156297049462
2008-2013,38,Naturalized citizen,3732900,423100.0,11.334351308634037
2008-2013,38,Non-citizen / foreign-born unknown,6629700,1351600.0,20.387046171018298
2008-2013,38,US-born,393346800,38780900.0,9.859213294731266
2008-2013,39,Naturalized citizen,131922000,15869800.0,12.029684207334638
2008-2013,39,Non-citizen / foreign-born unknown,137483600,46748000.0,34.00260103750556
2008-2013,39,US-born,6603226100,757916800.0,11.477977408648782
2008-2013,40,Naturalized citizen,40516100,9592000.0,23.674539257233544
2008-2013,40,Non-citizen / foreign-born unknown,82254100,49057200.0,59.64103917008392
2008-2013,40,US-born,2112375400,361341600.0,17.105936757263883
2008-2013,41,Naturalized citizen,85569200,13503700.0,15.781028687892373
2008-2013,41,Non-citizen / foreign-born unknown,139810400,65055300.0,46.53108781607091
2008-2013,41,US-born,2066997500,289865700.0,14.023514784125283
2008-2013,42,Naturalized citizen,222884500,27939700.0,12.535506058070437
2008-2013,42,Non-citizen / foreign-born unknown,216835000,72294600.0,33.34083519726981
2008-2013,42,US-born,7048055800,645816800.0,9.163048907756945
2008-2013,44,Naturalized citizen,40848600,5579400.0,13.658730042155668
2008-2013,44,Non-citizen / foreign-born unknown,41148700,16244400.0,39.47731034030237
2008-2013,44,US-born,536055900,48024400.0,8.95884179243247
2008-2013,45,Naturalized citizen,44172500,8131600.0,18.40873846850416
2008-2013,45,Non-citizen / foreign-born unknown,84503600,50244000.0,59.457821915279354
2008-2013,45,US-born,2628892000,405529400.0,15.425867627882772
2008-2013,46,Naturalized citizen,5190700,517500.0,9.969753597780647
2008-2013,46,Non-citizen / foreign-born unknown,7183400,2130500.0,29.65865746025559
2008-2013,46,US-born,478378000,55768700.0,11.657873062724457
2008-2013,47,Naturalized citizen,58588800,11862700.0,20.247385165765472
2008-2013,47,Non-citizen / foreign-born unknown,110619200,63277900.0,57.20336071857327
2008-2013,47,US-born,3622949200,468332300.0,12.926824919322632
2008-2013,48,Naturalized citizen,814477800,210328100.0,25.823674997648798
2008-2013,48,Non-citizen / foreign-born unknown,1666275900,1021848500.0,61.32528832710117
2008-2013,48,US-born,12584644500,2296943400.0,18.251953005108724
2008-2013,49,Naturalized citizen,47684500,8754500.0,18.359215258627017
2008-2013,49,Non-citizen / foreign-born unknown,90836200,48903200.0,53.83668625503929
2008-2013,49,US-born,1532066200,186258500.0,12.157340198484896
2008-2013,50,Naturalized citizen,8844100,526100.0,5.948598500695379
2008-2013,50,Non-citizen / foreign-born unknown,6283600,928900.0,14.78292698453116
2008-2013,50,US-born,356101400,26544600.0,7.454225116778536
2008-2013,51,Naturalized citizen,247991900,34670000.0,13.980295324161798
2008-2013,51,Non-citizen / foreign-born unknown,281998400,118931300.0,42.174459145867495
2008-2013,51,US-born,4211800600,426681100.0,10.130610171811078
2008-2013,53,Naturalized citizen,240207700,37142700.0,15.462743284249422
2008-2013,53,Non-citizen / foreign-born unknown,287998400,112416800.0,39.03382796571092
2008-2013,53,US-born,3469787300,399617600.0,11.517063308174539
2008-2013,54,Naturalized citizen,6957000,841200.0,12.091418714963346
2008-2013,54,Non-citizen / foreign-born unknown,7631300,2409700.0,31.576533487086078
2008-2013,54,US-born,1086187900,158280100.0,14.572073579534445
2008-2013,55,Naturalized citizen,67009800,7574800.0,11.304018218230766
2008-2013,55,Non-citizen / foreign-born unknown,90663400,37563100.0,41.43138245422078
2008-2013,55,US-born,3232526700,271420200.0,8.396533894058788
2008-2013,56,Naturalized citizen,3748500,569700.0,15.198079231692677
2008-2013,56,Non-citizen / foreign-born unknown,6092300,2956800.0,48.53339461287199
2008-2013,56,US-born,324580600,45477800.0,14.011250210271347
2014-2019,1,Naturalized citizen,37993700,4780800.0,12.583138783535164
2014-2019,1,Non-citizen / foreign-born unknown,60446700,28242200.0,46.72248443670209
2014-2019,1,US-born,2799228700,274048800.0,9.79015398063045
2014-2019,2,Naturalized citizen,20747600,2506600.0,12.081397366442385
2014-2019,2,Non-citizen / foreign-born unknown,13891400,3201900.0,23.04951264811322
2014-2019,2,US-born,397622800,55044100.0,13.843295706383035
2014-2019,4,Naturalized citizen,241848800,25868100.0,10.695980298434392
2014-2019,4,Non-citizen / foreign-born unknown,321711000,117711900.0,36.589330175219374
2014-2019,4,US-born,3572377000,338223300.0,9.46773814745756
2014-2019,5,Naturalized citizen,28443900,3588100.0,12.614655514890716
2014-2019,5,Non-citizen / foreign-born unknown,57985100,24744600.0,42.67406626874835
2014-2019,5,US-born,1698028500,142351500.0,8.38333985560313
2014-2019,6,Naturalized citizen,3256429900,194567200.0,5.974862225653928
2014-2019,6,Non-citizen / foreign-born unknown,3105036100,811589500.0,26.137844258879955
2014-2019,6,US-born,16897303700,997975300.0,5.906121578438577
2014-2019,8,Naturalized citizen,138811400,11616600.0,8.368621021040058
2014-2019,8,Non-citizen / foreign-born unknown,186899300,72133500.0,38.59484759975024
2014-2019,8,US-born,2961851200,192864200.0,6.511610036317828
2014-2019,9,Naturalized citizen,159839100,9431800.0,5.900809001051682
2014-2019,9,Non-citizen / foreign-born unknown,150497400,46840300.0,31.123660608090237
2014-2019,9,US-born,1758475600,63062400.0,3.58619704475854
2014-2019,10,Naturalized citizen,25768200,1650400.0,6.404793505173043
2014-2019,10,Non-citizen / foreign-born unknown,28453100,7998200.0,28.110118053920313
2014-2019,10,US-born,509922700,27240600.0,5.342103812989694
2014-2019,11,Naturalized citizen,24775000,934700.0,3.7727547931382444
2014-2019,11,Non-citizen / foreign-born unknown,31950600,4597300.0,14.388775171671266
2014-2019,11,US-born,346212000,10657200.0,3.0782295241066167
2014-2019,12,Naturalized citizen,1424225600,176856700.0,12.417744773019106
2014-2019,12,Non-citizen / foreign-born unknown,1142533400,439407200.0,38.45902448015961
2014-2019,12,US-born,9422808800,1061027900.0,11.260208314955939
2014-2019,13,Naturalized citizen,270423800,37385000.0,13.824596799542052
2014-2019,13,Non-citizen / foreign-born unknown,355683000,169487900.0,47.651391829241206
2014-2019,13,US-born,5506600200,677213800.0,12.29821987076527
2014-2019,15,Naturalized citizen,90273200,3133700.0,3.471351408834516
2014-2019,15,Non-citizen / foreign-born unknown,64223500,7447000.0,11.595444035283036
2014-2019,15,US-born,672802200,22989200.0,3.41693294106351
2014-2019,16,Naturalized citizen,23340300,3631200.0,15.55764064729245
2014-2019,16,Non-citizen / foreign-born unknown,35423100,15320100.0,43.248896906256086
2014-2019,16,US-born,953983500,97000300.0,10.167922191526374
2014-2019,17,Naturalized citizen,546753100,44283200.0,8.099304786749267
2014-2019,17,Non-citizen / foreign-born unknown,529014800,178633000.0,33.76710821701018
2014-2019,17,US-born,6512687600,351269200.0,5.393613536752477
2014-2019,18,Naturalized citizen,81010800,8442100.0,10.420956218183255
2014-2019,18,Non-citizen / foreign-born unknown,124283700,41607000.0,33.477439117116724
2014-2019,18,US-born,3761457200,327323600.0,8.702042389316567
2014-2019,19,Naturalized citizen,39241200,2548500.0,6.494449711018012
2014-2019,19,Non-citizen / foreign-born unknown,58033300,13888000.0,23.931087840946493
2014-2019,19,US-born,1772436900,74943500.0,4.22827464266852
2014-2019,20,Naturalized citizen,49927900,5759600.0,11.53583467359933
2014-2019,20,Non-citizen / foreign-born unknown,74914300,31077000.0,41.483401700342924
2014-2019,20,US-born,1605032500,124745400.0,7.772141685604497
2014-2019,21,Naturalized citizen,39208800,3702000.0,9.441757972700007
2014-2019,21,Non-citizen / foreign-born unknown,61386900,20931500.0,34.09766578862917
2014-2019,21,US-born,2547198300,149852900.0,5.8830480532277365
2014-2019,22,Naturalized citizen,46490200,6408400.0,13.784410477907173
2014-2019,22,Non-citizen / foreign-born unknown,66750000,33513400.0,50.207340823970036
2014-2019,22,US-born,2666747200,266446600.0,9.991445758338099
2014-2019,23,Naturalized citizen,16179300,1005600.0,6.215349242550667
2014-2019,23,Non-citizen / foreign-born unknown,12665000,1676400.0,13.236478484011055
2014-2019,23,US-born,763610700,63425700.0,8.306025570359346
2014-2019,24,Naturalized citizen,281168800,18101300.0,6.437876464244965
2014-2019,24,Non-citizen / foreign-born unknown,266233200,87883700.0,33.01004532868177
2014-2019,24,US-born,3012127000,131161700.0,4.354454510052199
2014-2019,25,Naturalized citizen,360159700,10653400.0,2.9579655913751597
2014-2019,25,Non-citizen / foreign-born unknown,321681500,33100100.0,10.289712028823542
2014-2019,25,US-born,3299207500,71418500.0,2.1647168297235018
2014-2019,26,Naturalized citizen,213056100,13659500.0,6.411222208610784
2014-2019,26,Non-citizen / foreign-born unknown,191402900,37615700.0,19.652628042730804
2014-2019,26,US-born,5520414800,317494000.0,5.751270719729249
2014-2019,27,Naturalized citizen,148131300,8655100.0,5.842856978909927
2014-2019,27,Non-citizen / foreign-born unknown,130378700,30629800.0,23.492947851144397
2014-2019,27,US-born,3026530400,120197100.0,3.971448626453579
2014-2019,28,Naturalized citizen,15432700,2610100.0,16.912789077737532
2014-2019,28,Non-citizen / foreign-born unknown,23747000,12672900.0,53.366319956205
2014-2019,28,US-born,1740828400,223973800.0,12.865932104508405
2014-2019,29,Naturalized citizen,73616000,8768400.0,11.910997609215388
2014-2019,29,Non-citizen / foreign-born unknown,75960900,22406000.0,29.49675425120029
2014-2019,29,US-born,3484049000,334189700.0,9.59199196107747
2014-2019,30,Naturalized citizen,7170800,560400.0,7.815027611981927
2014-2019,30,Non-citizen / foreign-born unknown,6517000,1250000.0,19.18060457265613
2014-2019,30,US-born,608877300,59994300.0,9.853266002854761
2014-2019,31,Naturalized citizen,31317400,4447100.0,14.200093238902337
2014-2019,31,Non-citizen / foreign-born unknown,50200900,17876000.0,35.60892334599579
2014-2019,31,US-born,1056698300,74808500.0,7.079456832664537
2014-2019,32,Naturalized citizen,169610400,15007500.0,8.84821921297279
2014-2019,32,Non-citizen / foreign-born unknown,179801300,74421800.0,41.391135659197126
2014-2019,32,US-born,1398118500,126197000.0,9.026201999329814
2014-2019,33,Naturalized citizen,26659600,1598700.0,5.99671412924425
2014-2019,33,Non-citizen / foreign-born unknown,21531500,4511600.0,20.953486751968047
2014-2019,33,US-born,746513900,46775000.0,6.265790898200288
2014-2019,34,Naturalized citizen,681281200,57810100.0,8.485497618310912
2014-2019,34,Non-citizen / foreign-born unknown,527983200,189713400.0,35.93171146354657
2014-2019,34,US-born,4026755400,199380500.0,4.95139337244075
2014-2019,35,Naturalized citizen,48089400,5819600.0,12.101627385660873
2014-2019,35,Non-citizen / foreign-born unknown,71416100,31655200.0,44.3250191483433
2014-2019,35,US-born,1119004000,96713700.0,8.64283773784544
2014-2019,36,Naturalized citizen,1517389000,85585300.0,5.640300542576755
2014-2019,36,Non-citizen / foreign-born unknown,1168449800,282640000.0,24.189314765597974
2014-2019,36,US-born,8826424200,375839600.0,4.25811848018816
2014-2019,37,Naturalized citizen,187969100,23963100.0,12.748425140089514
2014-2019,37,Non-citizen / foreign-born unknown,297099000,144318600.0,48.57592923570931
2014-2019,37,US-born,5569606400,517850700.0,9.297797057975227
2014-2019,38,Naturalized citizen,7469800,1002200.0,13.416691209938685
2014-2019,38,Non-citizen / foreign-born unknown,9839600,2409500.0,24.48778405626245
2014-2019,38,US-born,432362200,31578600.0,7.303737468261565
2014-2019,39,Naturalized citizen,162010100,12000600.0,7.407315963634366
2014-2019,39,Non-citizen / foreign-born unknown,149208900,37481000.0,25.11981523890331
2014-2019,39,US-born,6615417100,424804900.0,6.421437886357914
2014-2019,40,Naturalized citizen,48651800,6449600.0,13.25665237462951
2014-2019,40,Non-citizen / foreign-born unknown,88448400,41805400.0,47.265298185156546
2014-2019,40,US-born,2194505200,293507300.0,13.374645911069155
2014-2019,41,Naturalized citizen,110139500,7460400.0,6.773591672379118
2014-2019,41,Non-citizen / foreign-born unknown,132428800,38825500.0,29.318018437077132
2014-2019,41,US-born,2192855300,137236000.0,6.258324477679854
2014-2019,42,Naturalized citizen,277968100,19334400.0,6.955618288573401
2014-2019,42,Non-citizen / foreign-born unknown,241810000,61814500.0,25.563252140110006
2014-2019,42,US-born,7018859800,414085700.0,5.899614920360712
2014-2019,44,Naturalized citizen,47745900,2590500.0,5.425596752810189
2014-2019,44,Non-citizen / foreign-born unknown,38143600,8251000.0,21.631413920028525
2014-2019,44,US-born,533138500,18767900.0,3.520267247628899
2014-2019,45,Naturalized citizen,61204400,7550700.0,12.336858134382496
2014-2019,45,Non-citizen / foreign-born unknown,87183800,42426300.0,48.663054374780636
2014-2019,45,US-born,2813337600,287403300.0,10.215741615936885
2014-2019,46,Naturalized citizen,7662400,724300.0,9.452651910628523
2014-2019,46,Non-citizen / foreign-born unknown,10095000,2679000.0,26.537890044576525
2014-2019,46,US-born,500356200,47376700.0,9.468594573226035
2014-2019,47,Naturalized citizen,78711300,10941700.0,13.901053597132812
2014-2019,47,Non-citizen / foreign-born unknown,126762700,62204600.0,49.071690647169866
2014-2019,47,US-born,3773052800,344363400.0,9.12691706832197
2014-2019,48,Naturalized citizen,1059541500,182343000.0,17.209613781055296
2014-2019,48,Non-citizen / foreign-born unknown,1797008500,900248700.0,50.09707522251564
2014-2019,48,US-born,13718579900,1939736500.0,14.139484656134124
2014-2019,49,Naturalized citizen,61475500,7569700.0,12.31336060707111
2014-2019,49,Non-citizen / foreign-born unknown,94066600,40216200.0,42.75290060446535
2014-2019,49,US-born,1671788800,136173000.0,8.145347067763584
2014-2019,50,Naturalized citizen,9253500,378800.0,4.093586210623008
2014-2019,50,Non-citizen / foreign-born unknown,7100300,886200.0,12.481162767770376
2014-2019,50,US-born,355180100,14138300.0,3.9806002644855383
2014-2019,51,Naturalized citizen,324531700,28612000.0,8.816396056225017
2014-2019,51,Non-citizen / foreign-born unknown,300991700,108445700.0,36.029465264324564
2014-2019,51,US-born,4341653100,322206400.0,7.42128384232264
2014-2019,53,Naturalized citizen,296513300,18433100.0,6.216618276482033
2014-2019,53,Non-citizen / foreign-born unknown,327140200,88247600.0,26.975468010351527
2014-2019,53,US-born,3705307400,190007600.0,5.127984792840669
2014-2019,54,Naturalized citizen,8797300,664500.0,7.553453900628602
2014-2019,54,Non-citizen / foreign-born unknown,8653300,1775200.0,20.51471692880173
2014-2019,54,US-born,1070088900,71191100.0,6.6528210880423115
2014-2019,55,Naturalized citizen,80207300,6098700.0,7.6036719849689485
2014-2019,55,Non-citizen / foreign-born unknown,93517800,29441000.0,31.481707225790174
2014-2019,55,US-born,3270017500,171588400.0,5.247323599950153
2014-2019,56,Naturalized citizen,4496200,540900.0,12.030158800765092
2014-2019,56,Non-citizen / foreign-born unknown,7308200,3134000.0,42.88333652609398
2014-2019,56,US-born,334646900,36635100.0,10.947389621717697
2020-2024,1,Naturalized citizen,39711100,4070600.0,10.250534485320225
2020-2024,1,Non-citizen / foreign-born unknown,55496100,25111900.0,45.24984638560187
2020-2024,1,US-born,2411416700,206010100.0,8.543114924931887
2020-2024,2,Naturalized citizen,17562700,1837300.0,10.461375528819602
2020-2024,2,Non-citizen / foreign-born unknown,11119700,2082000.0,18.723526713850195
2020-2024,2,US-born,329846200,34733800.0,10.530301698185397
2020-2024,4,Naturalized citizen,235422000,25392200.0,10.785822905250996
2020-2024,4,Non-citizen / foreign-born unknown,244841600,88754500.0,36.24976311215088
2020-2024,4,US-born,3173148600,281823200.0,8.88150022346889
2020-2024,5,Naturalized citizen,27758000,3170600.0,11.422292672382737
2020-2024,5,Non-citizen / foreign-born unknown,50981700,23138200.0,45.38530492313909
2020-2024,5,US-born,1435617300,118476400.0,8.252645046838039
2020-2024,6,Naturalized citizen,2876979300,134329300.0,4.669109020005809
2020-2024,6,Non-citizen / foreign-born unknown,2391090500,492485700.0,20.596698452024295
2020-2024,6,US-born,14023752800,664878700.0,4.741089703178454
2020-2024,8,Naturalized citizen,136797100,12565200.0,9.18528243654288
2020-2024,8,Non-citizen / foreign-born unknown,147026300,54005600.0,36.731931634000176
2020-2024,8,US-born,2596290400,157926300.0,6.082767166569656
2020-2024,9,Naturalized citizen,155199400,8882300.0,5.723153568892663
2020-2024,9,Non-citizen / foreign-born unknown,126034100,37477000.0,29.735603301011395
2020-2024,9,US-born,1459760900,44775100.0,3.067289992491236
2020-2024,10,Naturalized citizen,27751300,1886100.0,6.796438365049565
2020-2024,10,Non-citizen / foreign-born unknown,23970800,7735000.0,32.268426585679244
2020-2024,10,US-born,448217000,22695800.0,5.063574117001363
2020-2024,11,Naturalized citizen,23398300,665000.0,2.8420868182731223
2020-2024,11,Non-citizen / foreign-born unknown,24452900,3327900.0,13.609428738513632
2020-2024,11,US-born,287621700,8156300.0,2.83577351778395
2020-2024,12,Naturalized citizen,1405087400,137494100.0,9.785448221939788
2020-2024,12,Non-citizen / foreign-born unknown,1019636500,313112700.0,30.708267112838744
2020-2024,12,US-born,8313949100,814884600.0,9.801414348326958
2020-2024,13,Naturalized citizen,293083500,32801900.0,11.191998184817638
2020-2024,13,Non-citizen / foreign-born unknown,303187700,121737400.0,40.15248639704051
2020-2024,13,US-born,4784192800,528188100.0,11.040276219637303
2020-2024,15,Naturalized citizen,79261600,2412200.0,3.043340028462711
2020-2024,15,Non-citizen / foreign-born unknown,49079000,4080000.0,8.313127814340145
2020-2024,15,US-born,567202700,17248400.0,3.040958726042736
2020-2024,16,Naturalized citizen,26641700,2855800.0,10.719285931453323
2020-2024,16,Non-citizen / foreign-born unknown,30392700,11277500.0,37.105949783994184
2020-2024,16,US-born,898222300,70505500.0,7.849448850245647
2020-2024,17,Naturalized citizen,486582700,35172400.0,7.2284526350813545
2020-2024,17,Non-citizen / foreign-born unknown,428840700,128577500.0,29.982578612524417
2020-2024,17,US-born,5313326900,259248600.0,4.879214188759965
2020-2024,18,Naturalized citizen,87611000,7726200.0,8.818755635707845
2020-2024,18,Non-citizen / foreign-born unknown,120280400,31226500.0,25.961420148253584
2020-2024,18,US-born,3182675600,207326100.0,6.514207731381734
2020-2024,19,Naturalized citizen,40468600,3039000.0,7.5095259040342395
2020-2024,19,Non-citizen / foreign-born unknown,51494800,13967300.0,27.123709578442874
2020-2024,19,US-born,1497468500,63784000.0,4.259455207238083
2020-2024,20,Naturalized citizen,45247300,4787000.0,10.579636796007717
2020-2024,20,Non-citizen / foreign-born unknown,60595200,23864100.0,39.3828224017744
2020-2024,20,US-born,1347706200,99988300.0,7.419146695325732
2020-2024,21,Naturalized citizen,40586300,3191400.0,7.863244493831663
2020-2024,21,Non-citizen / foreign-born unknown,55451800,18417800.0,33.21407059824929
2020-2024,21,US-born,2146690700,115474000.0,5.379163379242292
2020-2024,22,Naturalized citizen,44023000,4430400.0,10.0638302705404
2020-2024,22,Non-citizen / foreign-born unknown,59041300,31993100.0,54.18766185703906
2020-2024,22,US-born,2183232900,147353900.0,6.749344057612909
2020-2024,23,Naturalized citizen,14734200,649000.0,4.404718274490641
2020-2024,23,Non-citizen / foreign-born unknown,13128600,1756000.0,13.37537894368021
2020-2024,23,US-born,654240700,40039200.0,6.119949431455426
2020-2024,24,Naturalized citizen,278071400,16138800.0,5.8038331162428065
2020-2024,24,Non-citizen / foreign-born unknown,226197600,75638400.0,33.43908158176745
2020-2024,24,US-born,2524417500,98166200.0,3.8886673856444114
2020-2024,25,Naturalized citizen,341517100,8849100.0,2.5911147640923398
2020-2024,25,Non-citizen / foreign-born unknown,285960900,24445700.0,8.548616261873564
2020-2024,25,US-born,2770567100,54834300.0,1.9791724228588436
2020-2024,26,Naturalized citizen,206617600,9710700.0,4.699841639821583
2020-2024,26,Non-citizen / foreign-born unknown,152262700,24677100.0,16.20692395445503
2020-2024,26,US-born,4626710700,218242600.0,4.7170141846128395
2020-2024,27,Naturalized citizen,144473500,8576400.0,5.9363135799991005
2020-2024,27,Non-citizen / foreign-born unknown,97461700,22094800.0,22.670238668112706
2020-2024,27,US-born,2591767900,101328500.0,3.909628636113596
2020-2024,28,Naturalized citizen,14002300,2076900.0,14.832563221756425
2020-2024,28,Non-citizen / foreign-born unknown,20178100,10016900.0,49.64243412412467
2020-2024,28,US-born,1428612700,157604100.0,11.031968286436204
2020-2024,29,Naturalized citizen,69233700,6414500.0,9.264996670696496
2020-2024,29,Non-citizen / foreign-born unknown,65047700,18771000.0,28.857284731051212
2020-2024,29,US-born,2935630700,244679100.0,8.33480519194734
2020-2024,30,Naturalized citizen,7012200,277100.0,3.9516842075240297
2020-2024,30,Non-citizen / foreign-born unknown,4961900,1248800.0,25.16777847195631
2020-2024,30,US-born,539855500,44409200.0,8.226127176624114
2020-2024,31,Naturalized citizen,32779500,3350000.0,10.219802010402844
2020-2024,31,Non-citizen / foreign-born unknown,44076300,16178200.0,36.704986580089525
2020-2024,31,US-born,895369600,51050500.0,5.701611937684728
2020-2024,32,Naturalized citizen,161728400,14158500.0,8.754492099099478
2020-2024,32,Non-citizen / foreign-born unknown,142026600,54142600.0,38.12145048885209
2020-2024,32,US-born,1259882100,111149300.0,8.822198521591822
2020-2024,33,Naturalized citizen,26475700,1617900.0,6.110886586568061
2020-2024,33,Non-citizen / foreign-born unknown,16780700,3315600.0,19.758412938673594
2020-2024,33,US-born,644870100,29867900.0,4.63161495625243
2020-2024,34,Naturalized citizen,621978300,41798200.0,6.720202296446677
2020-2024,34,Non-citizen / foreign-born unknown,471651200,158268400.0,33.556238169223356
2020-2024,34,US-born,3410169200,128788900.0,3.7766131956150444
2020-2024,35,Naturalized citizen,43053700,4392200.0,10.201678369106489
2020-2024,35,Non-citizen / foreign-born unknown,55637000,23072300.0,41.46934593885364
2020-2024,35,US-born,946474000,71292600.0,7.532441461677763
2020-2024,36,Naturalized citizen,1343059800,55070900.0,4.100405655801775
2020-2024,36,Non-citizen / foreign-born unknown,892393900,164715000.0,18.457656422797154
2020-2024,36,US-born,7345695600,264156600.0,3.5960733249006402
2020-2024,37,Naturalized citizen,203864900,21593500.0,10.59206366569233
2020-2024,37,Non-citizen / foreign-born unknown,265901600,116928100.0,43.97419947830325
2020-2024,37,US-born,4830733900,378106700.0,7.827106767358889
2020-2024,38,Naturalized citizen,7297800,847200.0,11.608978048178903
2020-2024,38,Non-citizen / foreign-born unknown,10080300,1454600.0,14.430126087517237
2020-2024,38,US-born,367622100,21447900.0,5.834224873858237
2020-2024,39,Naturalized citizen,160093900,13014500.0,8.129291621979352
2020-2024,39,Non-citizen / foreign-born unknown,136337400,36649800.0,26.88169203754802
2020-2024,39,US-born,5537400200,331886400.0,5.99354187909337
2020-2024,40,Naturalized citizen,50115900,7532500.0,15.030160088913897
2020-2024,40,Non-citizen / foreign-born unknown,72030300,33683200.0,46.76254298538254
2020-2024,40,US-born,1870300500,219659900.0,11.744631410834783
2020-2024,41,Naturalized citizen,102521600,5527700.0,5.391741837817592
2020-2024,41,Non-citizen / foreign-born unknown,104010500,26017100.0,25.013916864162756
2020-2024,41,US-born,1887701700,95121600.0,5.039016492913049
2020-2024,42,Naturalized citizen,275583600,19105900.0,6.932887152936532
2020-2024,42,Non-citizen / foreign-born unknown,218361800,52864200.0,24.209454217724897
2020-2024,42,US-born,5861818400,303321700.0,5.174532530724596
2020-2024,44,Naturalized citizen,44764600,1911000.0,4.268998270955175
2020-2024,44,Non-citizen / foreign-born unknown,36630400,7443300.0,20.320007425526338
2020-2024,44,US-born,450281600,13088700.0,2.9067810010446795
2020-2024,45,Naturalized citizen,66701200,6864200.0,10.29096927791404
2020-2024,45,Non-citizen / foreign-born unknown,81042300,36145900.0,44.6012761237033
2020-2024,45,US-born,2473586900,210422400.0,8.50677208874287
2020-2024,46,Naturalized citizen,7901500,591800.0,7.48971714231475
2020-2024,46,Non-citizen / foreign-born unknown,8936600,2210900.0,24.739833941319965
2020-2024,46,US-born,435292600,37400700.0,8.592082658882784
2020-2024,47,Naturalized citizen,80244800,9947200.0,12.396068031822622
2020-2024,47,Non-citizen / foreign-born unknown,117569300,56543400.0,48.0936775161543
2020-2024,47,US-born,3295117200,284615700.0,8.637498538746968
2020-2024,48,Naturalized citizen,1110605000,172833200.0,15.56207652585753
2020-2024,48,Non-citizen / foreign-born unknown,1510382300,707419900.0,46.83714182826427
2020-2024,48,US-born,12191348000,1712143900.0,14.043926069537182
2020-2024,49,Naturalized citizen,62575400,7009400.0,11.20152647845639
2020-2024,49,Non-citizen / foreign-born unknown,85188200,32433700.0,38.0729960252711
2020-2024,49,US-born,1523992500,103213700.0,6.772585823092961
2020-2024,50,Naturalized citizen,9361200,294400.0,3.1448959535102334
2020-2024,50,Non-citizen / foreign-born unknown,5176100,621700.0,12.01097351287649
2020-2024,50,US-born,303288200,11231100.0,3.7031114299863956
2020-2024,51,Naturalized citizen,317938900,23211600.0,7.300648017590801
2020-2024,51,Non-citizen / foreign-born unknown,235584400,77726600.0,32.993101410789514
2020-2024,51,US-born,3696903700,189861800.0,5.135697746197717
2020-2024,53,Naturalized citizen,295555900,16697300.0,5.649455822062763
2020-2024,53,Non-citizen / foreign-born unknown,301858000,71786500.0,23.781546289977406
2020-2024,53,US-born,3228698000,154506300.0,4.785405757986656
2020-2024,54,Naturalized citizen,8539000,547400.0,6.410586719756411
2020-2024,54,Non-citizen / foreign-born unknown,7517400,1428000.0,18.99592944369064
2020-2024,54,US-born,868187900,56824100.0,6.545138442956875
2020-2024,55,Naturalized citizen,73392400,4254000.0,5.79624048266578
2020-2024,55,Non-citizen / foreign-born unknown,80042800,23433800.0,29.27658702594112
2020-2024,55,US-born,2769092800,133250600.0,4.812066970092154
2020-2024,56,Naturalized citizen,4267900,671200.0,15.726703999625109
2020-2024,56,Non-citizen / foreign-born unknown,5565100,2118400.0,38.06580295053099
2020-2024,56,US-born,278298200,29536600.0,10.613291785573892
