YEAR,STATEFIP,US_State,is_imigrant,total_educated_pop,brain_waste_pop,brain_waste_pct
2014,1,Alabama,False,619622.0,196873.0,31.77308100745293
2014,1,Alabama,True,41711.0,14445.0,34.63115245378916
2014,2,Alaska,False,114147.0,34176.0,29.940340087781546
2014,2,Alaska,True,16653.0,5927.0,35.591184771512644
2014,4,Arizona,False,859902.0,270683.0,31.47835451016511
2014,4,Arizona,True,148765.0,44554.0,29.94924881524552
2014,5,Arkansas,False,345633.0,102466.0,29.645896080524718
2014,5,Arkansas,True,26664.0,8352.0,31.323132313231323
2014,6,California,False,4927188.0,1389668.0,28.204079081212246
2014,6,California,True,2205661.0,668932.0,30.32796064309067
2014,8,Colorado,False,1103827.0,341551.0,30.942439349644463
2014,8,Colorado,True,126755.0,42713.0,33.69729004772987
2014,9,Connecticut,False,704432.0,194559.0,27.61927340041338
2014,9,Connecticut,True,143591.0,44120.0,30.726159717531043
2014,10,Delaware,False,143569.0,41280.0,28.752725170475518
2014,10,Delaware,True,27259.0,6280.0,23.038262592171392
2014,11,District of Columbia,False,209882.0,42234.0,20.122735632402968
2014,11,District of Columbia,True,42398.0,9047.0,21.33827067314496
2014,12,Florida,False,2300898.0,738007.0,32.0747377762943
2014,12,Florida,True,826921.0,329946.0,39.90054672695457
2014,13,Georgia,False,1450200.0,436698.0,30.112949937939593
2014,13,Georgia,True,251079.0,78494.0,31.262670314920804
2014,15,Hawaii,False,216206.0,72912.0,33.723393430339584
2014,15,Hawaii,True,53769.0,22662.0,42.146962004128774
2014,16,Idaho,False,214057.0,56991.0,26.62421691418641
2014,16,Idaho,True,14874.0,4032.0,27.10770471964502
2014,17,Illinois,False,2188146.0,661847.0,30.24693050646529
2014,17,Illinois,True,448226.0,149934.0,33.45053611347847
2014,18,Indiana,False,909955.0,283578.0,31.16395865729624
2014,18,Indiana,True,74866.0,20592.0,27.50514252130473
2014,19,Iowa,False,494550.0,148927.0,30.113638661409365
2014,19,Iowa,True,39880.0,9679.0,24.270310932798395
2014,20,Kansas,False,490783.0,152876.0,31.14940819058525
2014,20,Kansas,True,41549.0,11737.0,28.248573972899464
2014,21,Kentucky,False,568683.0,175073.0,30.78569255630993
2014,21,Kentucky,True,42524.0,12584.0,29.59270059260653
2014,22,Louisiana,False,583687.0,176233.0,30.193065804103913
2014,22,Louisiana,True,44274.0,13791.0,31.149207209649006
2014,23,Maine,False,235559.0,74624.0,31.679536761490752
2014,23,Maine,True,15308.0,3703.0,24.189966030833553
2014,24,Maryland,False,1115587.0,272666.0,24.441482376542574
2014,24,Maryland,True,305676.0,85579.0,27.99663696201207
2014,25,Massachusetts,False,1476512.0,403910.0,27.355686916191672
2014,25,Massachusetts,True,322437.0,88085.0,27.31851493470042
2014,26,Michigan,False,1423809.0,423355.0,29.7339741496226
2014,26,Michigan,True,193532.0,46075.0,23.8074323626067
2014,27,Minnesota,False,1046660.0,307091.0,29.34009133816139
2014,27,Minnesota,True,120567.0,32908.0,27.294367447145575
2014,28,Mississippi,False,338759.0,104825.0,30.943827322668916
2014,28,Mississippi,True,16003.0,4225.0,26.401299756295693
2014,29,Missouri,False,941809.0,281961.0,29.938235884345975
2014,29,Missouri,True,73303.0,20730.0,28.27987940466284
2014,30,Montana,False,163920.0,49309.0,30.081137140068325
2014,30,Montana,True,7243.0,2024.0,27.944222007455476
2014,31,Nebraska,False,333881.0,107620.0,32.2330411134506
2014,31,Nebraska,True,18914.0,7907.0,41.805012160304535
2014,32,Nevada,False,286874.0,103979.0,36.245529396180906
2014,32,Nevada,True,85821.0,43571.0,50.76962515002156
2014,33,New Hampshire,False,272252.0,85917.0,31.557894891497583
2014,33,New Hampshire,True,27144.0,7337.0,27.029914529914528
2014,34,New Jersey,False,1480462.0,428974.0,28.975684617369442
2014,34,New Jersey,True,589364.0,181506.0,30.796926856747277
2014,35,New Mexico,False,268333.0,76626.0,28.556308765600953
2014,35,New Mexico,True,31217.0,9593.0,30.730050933786078
2014,36,New York,False,3215818.0,930455.0,28.933695874579968
2014,36,New York,True,1082615.0,372513.0,34.40863095375549
2014,37,North Carolina,False,1519226.0,470733.0,30.985054231562653
2014,37,North Carolina,True,174753.0,53652.0,30.701618856328643
2014,38,North Dakota,False,114186.0,36566.0,32.02319023347871
2014,38,North Dakota,True,7313.0,4225.0,57.77382743060303
2014,39,Ohio,False,1725911.0,495395.0,28.70339200572915
2014,39,Ohio,True,166929.0,42560.0,25.49586950140479
2014,40,Oklahoma,False,501408.0,150881.0,30.091462441763994
2014,40,Oklahoma,True,36622.0,9811.0,26.789907705750643
2014,41,Oregon,False,630654.0,193292.0,30.64945279027803
2014,41,Oregon,True,81610.0,23323.0,28.578605563043745
2014,42,Pennsylvania,False,2093535.0,624139.0,29.812685242902553
2014,42,Pennsylvania,True,252549.0,71617.0,28.357665245160348
2014,44,Rhode Island,False,177540.0,56933.0,32.06770305283316
2014,44,Rhode Island,True,25126.0,8602.0,34.23545331529093
2014,45,South Carolina,False,686150.0,228537.0,33.307148582671424
2014,45,South Carolina,True,56216.0,19342.0,34.40657464067169
2014,46,South Dakota,False,136750.0,46859.0,34.26617915904936
2014,46,South Dakota,True,3366.0,923.0,27.421271538918596
2014,47,Tennessee,False,934315.0,296501.0,31.73458630119392
2014,47,Tennessee,True,77800.0,24423.0,31.39203084832905
2014,48,Texas,False,3432712.0,961378.0,28.00636930799904
2014,48,Texas,True,845461.0,253577.0,29.992749517718735
2014,49,Utah,False,425481.0,122931.0,28.892241956750127
2014,49,Utah,True,43125.0,16221.0,37.613913043478256
2014,50,Vermont,False,132900.0,39238.0,29.524454477050416
2014,50,Vermont,True,9565.0,1619.0,16.926293779404077
2014,51,Virginia,False,1529513.0,396170.0,25.90170858305879
2014,51,Virginia,True,353760.0,98598.0,27.871438263229308
2014,53,Washington,False,1158243.0,344968.0,29.783732774555943
2014,53,Washington,True,247708.0,69278.0,27.96760702117009
2014,54,West Virginia,False,215029.0,64903.0,30.183370615126332
2014,54,West Virginia,True,8574.0,1625.0,18.952647539071613
2014,55,Wisconsin,False,964347.0,290781.0,30.153150266449728
2014,55,Wisconsin,True,65371.0,13364.0,20.443315843416805
2014,56,Wyoming,False,85163.0,28355.0,33.294975517536955
2014,56,Wyoming,True,4946.0,1274.0,25.758188435099072
2015,1,Alabama,False,635282.0,186403.0,29.341772630107577
2015,1,Alabama,True,42394.0,13479.0,31.79459357456244
2015,2,Alaska,False,104162.0,33653.0,32.308327413068106
2015,2,Alaska,True,15938.0,7547.0,47.352239929727695
2015,4,Arizona,False,892681.0,276187.0,30.939047655321446
2015,4,Arizona,True,151274.0,44007.0,29.090921110038735
2015,5,Arkansas,False,341346.0,101849.0,29.8374669689992
2015,5,Arkansas,True,26962.0,8521.0,31.603738595059717
2015,6,California,False,5039125.0,1391837.0,27.620608736635827
2015,6,California,True,2335189.0,696169.0,29.812105144380176
2015,8,Colorado,False,1171775.0,361197.0,30.824774380747154
2015,8,Colorado,True,127258.0,41331.0,32.47811532477329
2015,9,Connecticut,False,710878.0,197699.0,27.810538517157656
2015,9,Connecticut,True,145878.0,40533.0,27.785546826800477
2015,10,Delaware,False,152202.0,41250.0,27.10214057633934
2015,10,Delaware,True,26079.0,5685.0,21.799148740365812
2015,11,District of Columbia,False,215693.0,40293.0,18.68071750126337
2015,11,District of Columbia,True,53184.0,9222.0,17.33980144404332
2015,12,Florida,False,2420093.0,790987.0,32.68415717908361
2015,12,Florida,True,910380.0,352783.0,38.751180825589316
2015,13,Georgia,False,1489044.0,446552.0,29.989174262144036
2015,13,Georgia,True,283131.0,88832.0,31.374875940818914
2015,15,Hawaii,False,213706.0,71850.0,33.62095589267498
2015,15,Hawaii,True,54366.0,24348.0,44.78534378103962
2015,16,Idaho,False,219290.0,67403.0,30.73692370833143
2015,16,Idaho,True,14570.0,3261.0,22.381606039807824
2015,17,Illinois,False,2162030.0,656155.0,30.349023834081855
2015,17,Illinois,True,453943.0,138006.0,30.401614299592676
2015,18,Indiana,False,929446.0,282982.0,30.4463088764705
2015,18,Indiana,True,75071.0,20058.0,26.718706291377497
2015,19,Iowa,False,485570.0,149971.0,30.885557180221184
2015,19,Iowa,True,35078.0,10537.0,30.03877073949484
2015,20,Kansas,False,503736.0,143327.0,28.45280067336859
2015,20,Kansas,True,47143.0,13819.0,29.312941475934924
2015,21,Kentucky,False,569744.0,174912.0,30.700103906315817
2015,21,Kentucky,True,42979.0,14441.0,33.60013029619116
2015,22,Louisiana,False,595168.0,172524.0,28.987445561589332
2015,22,Louisiana,True,42642.0,11656.0,27.33455278833075
2015,23,Maine,False,242961.0,73064.0,30.072316133041927
2015,23,Maine,True,15419.0,4620.0,29.96303262208963
2015,24,Maryland,False,1138264.0,280791.0,24.668354617206553
2015,24,Maryland,True,330900.0,92402.0,27.92444847385917
2015,25,Massachusetts,False,1486394.0,414681.0,27.898457609489814
2015,25,Massachusetts,True,342744.0,82959.0,24.20436243960507
2015,26,Michigan,False,1459572.0,434342.0,29.758175684378706
2015,26,Michigan,True,206183.0,48621.0,23.581478589408437
2015,27,Minnesota,False,1080555.0,311887.0,28.863593246063367
2015,27,Minnesota,True,133411.0,34839.0,26.114038572531502
2015,28,Mississippi,False,337119.0,108577.0,32.207321450289065
2015,28,Mississippi,True,14192.0,4436.0,31.25704622322435
2015,29,Missouri,False,950735.0,287408.0,30.23008514465124
2015,29,Missouri,True,76996.0,18406.0,23.90513792924308
2015,30,Montana,False,171881.0,53435.0,31.088369278745176
2015,30,Montana,True,5924.0,1328.0,22.417285617825794
2015,31,Nebraska,False,322797.0,97988.0,30.35592028426534
2015,31,Nebraska,True,27086.0,9025.0,33.31979620468138
2015,32,Nevada,False,302022.0,106550.0,35.27888696849899
2015,32,Nevada,True,88843.0,45850.0,51.6078925745416
2015,33,New Hampshire,False,272378.0,78462.0,28.806291257003135
2015,33,New Hampshire,True,29727.0,8015.0,26.962021058297168
2015,34,New Jersey,False,1495149.0,443038.0,29.631695570140504
2015,34,New Jersey,True,599517.0,177921.0,29.677390299190847
2015,35,New Mexico,False,264151.0,73225.0,27.720886916952804
2015,35,New Mexico,True,32935.0,8889.0,26.98952482161834
2015,36,New York,False,3250336.0,941821.0,28.97611200811239
2015,36,New York,True,1136433.0,381055.0,33.53079328037817
2015,37,North Carolina,False,1575510.0,482053.0,30.596632201636297
2015,37,North Carolina,True,194737.0,57348.0,29.44894909544668
2015,38,North Dakota,False,136298.0,45535.0,33.40841391656517
2015,38,North Dakota,True,6720.0,2919.0,43.4375
2015,39,Ohio,False,1754635.0,514004.0,29.29406970680512
2015,39,Ohio,True,168604.0,42830.0,25.402718796707074
2015,40,Oklahoma,False,522227.0,158556.0,30.361509458530485
2015,40,Oklahoma,True,40719.0,12933.0,31.761585500626243
2015,41,Oregon,False,683294.0,207264.0,30.333063073874495
2015,41,Oregon,True,92501.0,27136.0,29.335899071361393
2015,42,Pennsylvania,False,2130785.0,611782.0,28.71157812730989
2015,42,Pennsylvania,True,254376.0,71078.0,27.942101456112212
2015,44,Rhode Island,False,186436.0,54984.0,29.49215816687764
2015,44,Rhode Island,True,30384.0,10395.0,34.21208530805687
2015,45,South Carolina,False,709044.0,236228.0,33.31640913680957
2015,45,South Carolina,True,62026.0,19876.0,32.04462644697385
2015,46,South Dakota,False,140412.0,49299.0,35.11024698743697
2015,46,South Dakota,True,3818.0,1366.0,35.777894185437404
2015,47,Tennessee,False,958766.0,292546.0,30.51276328113429
2015,47,Tennessee,True,80272.0,25710.0,32.0286027506478
2015,48,Texas,False,3508986.0,973173.0,27.733738464616277
2015,48,Texas,True,896811.0,268768.0,29.969302339065866
2015,49,Utah,False,440801.0,124363.0,28.2129577745967
2015,49,Utah,True,44044.0,16068.0,36.481700118063756
2015,50,Vermont,False,136693.0,41116.0,30.07908232316212
2015,50,Vermont,True,9002.0,2662.0,29.57120639857809
2015,51,Virginia,False,1549217.0,408206.0,26.349181554294848
2015,51,Virginia,True,368464.0,103245.0,28.020376481827263
2015,53,Washington,False,1176613.0,333893.0,28.377469907267727
2015,53,Washington,True,285629.0,81264.0,28.450892591438542
2015,54,West Virginia,False,212793.0,60492.0,28.42762684862754
2015,54,West Virginia,True,13884.0,2996.0,21.578795736099107
2015,55,Wisconsin,False,969044.0,284340.0,29.342320885326156
2015,55,Wisconsin,True,76023.0,20104.0,26.444628599239707
2015,56,Wyoming,False,87365.0,29859.0,34.17730212327591
2015,56,Wyoming,True,3151.0,1235.0,39.193906696286895
2016,1,Alabama,False,662902.0,192224.0,28.997348024293185
2016,1,Alabama,True,45607.0,11933.0,26.1648431161883
2016,2,Alaska,False,116355.0,33296.0,28.615873834386147
2016,2,Alaska,True,11773.0,4705.0,39.96432515076871
2016,4,Arizona,False,921994.0,280498.0,30.42297455297974
2016,4,Arizona,True,169654.0,51752.0,30.50443844530633
2016,5,Arkansas,False,362242.0,101691.0,28.072669651779748
2016,5,Arkansas,True,24447.0,6678.0,27.316235120873728
2016,6,California,False,5231244.0,1483609.0,28.360539099304106
2016,6,California,True,2365228.0,695977.0,29.425366180342866
2016,8,Colorado,False,1212693.0,371060.0,30.59801615083125
2016,8,Colorado,True,137224.0,43551.0,31.73715968052236
2016,9,Connecticut,False,722405.0,193951.0,26.847959247236663
2016,9,Connecticut,True,152786.0,45556.0,29.816868037647424
2016,10,Delaware,False,153417.0,44430.0,28.96028471421029
2016,10,Delaware,True,29214.0,5620.0,19.23735195454234
2016,11,District of Columbia,False,221682.0,38049.0,17.16377513735892
2016,11,District of Columbia,True,46792.0,10708.0,22.884253718584375
2016,12,Florida,False,2452173.0,775832.0,31.638550787403663
2016,12,Florida,True,938998.0,369344.0,39.33384309657741
2016,13,Georgia,False,1552871.0,470630.0,30.30708925596524
2016,13,Georgia,True,302512.0,104144.0,34.4264029195536
2016,15,Hawaii,False,222840.0,79688.0,35.760186681026745
2016,15,Hawaii,True,60152.0,26733.0,44.442412554861015
2016,16,Idaho,False,235569.0,75590.0,32.088262886882404
2016,16,Idaho,True,17211.0,4869.0,28.290047062924874
2016,17,Illinois,False,2228810.0,687345.0,30.839102480695978
2016,17,Illinois,True,460741.0,148392.0,32.207248757978995
2016,18,Indiana,False,963727.0,291088.0,30.204404359325824
2016,18,Indiana,True,80241.0,21631.0,26.957540409516334
2016,19,Iowa,False,519202.0,153092.0,29.486018929048807
2016,19,Iowa,True,38709.0,10301.0,26.61138236585807
2016,20,Kansas,False,522558.0,158363.0,30.305344095775016
2016,20,Kansas,True,50375.0,13957.0,27.70620347394541
2016,21,Kentucky,False,591423.0,183566.0,31.038021855761443
2016,21,Kentucky,True,40005.0,12475.0,31.18360204974378
2016,22,Louisiana,False,600833.0,176351.0,29.351084244706932
2016,22,Louisiana,True,43897.0,12381.0,28.204660910768393
2016,23,Maine,False,248453.0,77662.0,31.258225901880838
2016,23,Maine,True,16819.0,4788.0,28.46780426898151
2016,24,Maryland,False,1149318.0,277636.0,24.156586775809654
2016,24,Maryland,True,328349.0,91552.0,27.88252743270118
2016,25,Massachusetts,False,1525443.0,409236.0,26.827354414422565
2016,25,Massachusetts,True,347578.0,87212.0,25.091346402821813
2016,26,Michigan,False,1467490.0,435483.0,29.675364056995278
2016,26,Michigan,True,208638.0,47743.0,22.883175643938305
2016,27,Minnesota,False,1069552.0,303294.0,28.357106526844884
2016,27,Minnesota,True,122987.0,38331.0,31.16670867652679
2016,28,Mississippi,False,355587.0,108580.0,30.53542452339371
2016,28,Mississippi,True,13291.0,3720.0,27.98886464524866
2016,29,Missouri,False,962965.0,294609.0,30.59394682049711
2016,29,Missouri,True,79350.0,18275.0,23.03087586641462
2016,30,Montana,False,183804.0,62705.0,34.11514439294031
2016,30,Montana,True,10289.0,3183.0,30.935951015647777
2016,31,Nebraska,False,354927.0,109146.0,30.75167569669256
2016,31,Nebraska,True,19244.0,6141.0,31.911245063396382
2016,32,Nevada,False,300643.0,97292.0,32.36130560166044
2016,32,Nevada,True,90494.0,45555.0,50.34035405662254
2016,33,New Hampshire,False,287977.0,90892.0,31.56224281800283
2016,33,New Hampshire,True,28493.0,9309.0,32.67118239567613
2016,34,New Jersey,False,1529218.0,440747.0,28.821724567720235
2016,34,New Jersey,True,613730.0,174673.0,28.4608867091392
2016,35,New Mexico,False,274092.0,78353.0,28.58638705252251
2016,35,New Mexico,True,35434.0,8588.0,24.23660890669978
2016,36,New York,False,3298216.0,951487.0,28.84853508684695
2016,36,New York,True,1127479.0,390996.0,34.67878337423579
2016,37,North Carolina,False,1646698.0,499244.0,30.317884639442084
2016,37,North Carolina,True,212090.0,61846.0,29.160262152859634
2016,38,North Dakota,False,133879.0,40350.0,30.13915550609132
2016,38,North Dakota,True,7996.0,2943.0,36.80590295147574
2016,39,Ohio,False,1817744.0,517845.0,28.48833499106585
2016,39,Ohio,True,176295.0,51832.0,29.4007203834482
2016,40,Oklahoma,False,534394.0,159822.0,29.907147161083397
2016,40,Oklahoma,True,42857.0,12724.0,29.68943229810766
2016,41,Oregon,False,697094.0,205686.0,29.50620719730768
2016,41,Oregon,True,102320.0,27333.0,26.713252541047694
2016,42,Pennsylvania,False,2223379.0,652312.0,29.338767704471437
2016,42,Pennsylvania,True,267509.0,78083.0,29.18892448478369
2016,44,Rhode Island,False,200272.0,60728.0,30.32276104497883
2016,44,Rhode Island,True,30225.0,10401.0,34.411910669975185
2016,45,South Carolina,False,752639.0,248714.0,33.045590249774456
2016,45,South Carolina,True,60101.0,18834.0,31.337248964243525
2016,46,South Dakota,False,145964.0,45210.0,30.973390699076486
2016,46,South Dakota,True,6183.0,1552.0,25.101083616367458
2016,47,Tennessee,False,974216.0,310410.0,31.8625438301157
2016,47,Tennessee,True,92558.0,30035.0,32.44992329134165
2016,48,Texas,False,3666464.0,1027750.0,28.031094809604024
2016,48,Texas,True,944414.0,282793.0,29.943753480994562
2016,49,Utah,False,462410.0,126690.0,27.397763889189246
2016,49,Utah,True,49883.0,16753.0,33.5845879357697
2016,50,Vermont,False,129231.0,37528.0,29.039471953323893
2016,50,Vermont,True,10083.0,2912.0,28.880293563423585
2016,51,Virginia,False,1595636.0,410648.0,25.735694105673225
2016,51,Virginia,True,386607.0,113724.0,29.415918490870574
2016,53,Washington,False,1245289.0,366344.0,29.418392035904915
2016,53,Washington,True,303179.0,81808.0,26.983399245989993
2016,54,West Virginia,False,223927.0,63257.0,28.248938270061224
2016,54,West Virginia,True,13505.0,4278.0,31.67715660866346
2016,55,Wisconsin,False,982694.0,282244.0,28.721453473817892
2016,55,Wisconsin,True,75752.0,17083.0,22.551219769775056
2016,56,Wyoming,False,85508.0,30230.0,35.35341722411938
2016,56,Wyoming,True,5918.0,1893.0,31.98715782358905
2017,1,Alabama,False,666004.0,194224.0,29.162587612086416
2017,1,Alabama,True,48024.0,15188.0,31.625853739796767
2017,2,Alaska,False,108761.0,32679.0,30.046615974476143
2017,2,Alaska,True,16543.0,7235.0,43.734510064679924
2017,4,Arizona,False,950765.0,291972.0,30.709165777032176
2017,4,Arizona,True,179029.0,54642.0,30.521312189645254
2017,5,Arkansas,False,373082.0,110541.0,29.629143191041113
2017,5,Arkansas,True,30297.0,6588.0,21.74472720071294
2017,6,California,False,5399694.0,1489793.0,27.590322710879544
2017,6,California,True,2497372.0,744520.0,29.812138520012237
2017,8,Colorado,False,1277785.0,391669.0,30.652183270268473
2017,8,Colorado,True,146303.0,47011.0,32.132628859285184
2017,9,Connecticut,False,714502.0,180838.0,25.30965623609171
2017,9,Connecticut,True,151777.0,48485.0,31.944892836200477
2017,10,Delaware,False,158884.0,43513.0,27.386646861861486
2017,10,Delaware,True,28899.0,6836.0,23.65479774386657
2017,11,District of Columbia,False,220208.0,36080.0,16.384509191310034
2017,11,District of Columbia,True,54859.0,12666.0,23.088280865491534
2017,12,Florida,False,2568917.0,806736.0,31.403739396796393
2017,12,Florida,True,1021771.0,410268.0,40.152636941154135
2017,13,Georgia,False,1600535.0,489630.0,30.591645918396036
2017,13,Georgia,True,306486.0,93644.0,30.55408729925674
2017,15,Hawaii,False,212884.0,71425.0,33.551135829841606
2017,15,Hawaii,True,60918.0,26015.0,42.7049476345251
2017,16,Idaho,False,241396.0,74457.0,30.844338762862684
2017,16,Idaho,True,18412.0,5663.0,30.757114925048878
2017,17,Illinois,False,2217537.0,660485.0,29.784621406542485
2017,17,Illinois,True,477291.0,157454.0,32.98909889354712
2017,18,Indiana,False,994527.0,299592.0,30.124069029800093
2017,18,Indiana,True,93236.0,24485.0,26.26131537174482
2017,19,Iowa,False,533137.0,160868.0,30.17385775138473
2017,19,Iowa,True,36839.0,9507.0,25.806889437824044
2017,20,Kansas,False,537020.0,158994.0,29.606718557968048
2017,20,Kansas,True,44764.0,12487.0,27.89518362970244
2017,21,Kentucky,False,599248.0,181938.0,30.361052519157344
2017,21,Kentucky,True,46487.0,14845.0,31.933658872372924
2017,22,Louisiana,False,612914.0,183717.0,29.974352029811683
2017,22,Louisiana,True,48126.0,14564.0,30.262228317333665
2017,23,Maine,False,254621.0,74599.0,29.29805475589209
2017,23,Maine,True,16930.0,5667.0,33.47312463083284
2017,24,Maryland,False,1187555.0,275410.0,23.191346927089693
2017,24,Maryland,True,329811.0,91470.0,27.734065874091524
2017,25,Massachusetts,False,1556517.0,415044.0,26.664919175312573
2017,25,Massachusetts,True,364334.0,92894.0,25.49693413186801
2017,26,Michigan,False,1520962.0,442008.0,29.06108107894872
2017,26,Michigan,True,222691.0,52588.0,23.61478461186128
2017,27,Minnesota,False,1110233.0,324968.0,29.270252280377186
2017,27,Minnesota,True,135133.0,36836.0,27.259070693316957
2017,28,Mississippi,False,350267.0,109728.0,31.326959148306866
2017,28,Mississippi,True,16785.0,5284.0,31.48048853142687
2017,29,Missouri,False,1005597.0,305958.0,30.42550842932109
2017,29,Missouri,True,91422.0,24194.0,26.46408960644046
2017,30,Montana,False,190792.0,63785.0,33.4316952492767
2017,30,Montana,True,7948.0,2388.0,30.04529441368898
2017,31,Nebraska,False,337596.0,101904.0,30.185191767674972
2017,31,Nebraska,True,30527.0,10418.0,34.12716611524225
2017,32,Nevada,False,333033.0,113393.0,34.04857776856948
2017,32,Nevada,True,96740.0,50801.0,52.512921232168694
2017,33,New Hampshire,False,282565.0,83658.0,29.60663918036558
2017,33,New Hampshire,True,33692.0,8792.0,26.09521548141992
2017,34,New Jersey,False,1582375.0,460986.0,29.13253811517497
2017,34,New Jersey,True,652887.0,194275.0,29.75629779732174
2017,35,New Mexico,False,280269.0,73306.0,26.155586240361938
2017,35,New Mexico,True,31255.0,9586.0,30.670292753159494
2017,36,New York,False,3411621.0,961864.0,28.19375305756413
2017,36,New York,True,1156139.0,396709.0,34.31326164068507
2017,37,North Carolina,False,1703503.0,505686.0,29.685066595127807
2017,37,North Carolina,True,219947.0,62395.0,28.368197793104706
2017,38,North Dakota,False,136323.0,45950.0,33.706711266624126
2017,38,North Dakota,True,11344.0,3338.0,29.425246826516222
2017,39,Ohio,False,1826088.0,526497.0,28.831962096021655
2017,39,Ohio,True,186873.0,44281.0,23.695771994884225
2017,40,Oklahoma,False,529575.0,154832.0,29.237029693622247
2017,40,Oklahoma,True,44674.0,14737.0,32.987867663517925
2017,41,Oregon,False,722584.0,212313.0,29.38246625997808
2017,41,Oregon,True,110445.0,33584.0,30.407895332518446
2017,42,Pennsylvania,False,2278223.0,644391.0,28.284807940223587
2017,42,Pennsylvania,True,292719.0,87840.0,30.00830147684298
2017,44,Rhode Island,False,194728.0,56173.0,28.84690439998357
2017,44,Rhode Island,True,30643.0,9291.0,30.3201383676533
2017,45,South Carolina,False,755259.0,248266.0,32.87163741180178
2017,45,South Carolina,True,65121.0,20687.0,31.767018319743244
2017,46,South Dakota,False,139777.0,43830.0,31.357090222282636
2017,46,South Dakota,True,7721.0,1999.0,25.890428700945474
2017,47,Tennessee,False,1023083.0,314844.0,30.77404277072339
2017,47,Tennessee,True,92120.0,30049.0,32.619409465914025
2017,48,Texas,False,3764593.0,1043500.0,27.718799880890177
2017,48,Texas,True,1024203.0,308831.0,30.153299687659572
2017,49,Utah,False,490718.0,133467.0,27.1983094159986
2017,49,Utah,True,60404.0,22756.0,37.67300178796106
2017,50,Vermont,False,135428.0,41783.0,30.85255633990017
2017,50,Vermont,True,12657.0,3808.0,30.08611835348029
2017,51,Virginia,False,1636548.0,428438.0,26.179372679566992
2017,51,Virginia,True,401558.0,112609.0,28.043022427644328
2017,53,Washington,False,1279629.0,345712.0,27.01658058702952
2017,53,Washington,True,317919.0,87084.0,27.3918828380814
2017,54,West Virginia,False,210110.0,62349.0,29.67445623720908
2017,54,West Virginia,True,12436.0,2264.0,18.205210678674817
2017,55,Wisconsin,False,1014356.0,298402.0,29.41787695838542
2017,55,Wisconsin,True,79903.0,17081.0,21.377169818404816
2017,56,Wyoming,False,88470.0,29123.0,32.91850344749633
2017,56,Wyoming,True,4534.0,1251.0,27.591530657256286
2018,1,Alabama,False,672164.0,195605.0,29.100784927487933
2018,1,Alabama,True,44329.0,11965.0,26.991360057750008
2018,2,Alaska,False,111101.0,32163.0,28.94933438942944
2018,2,Alaska,True,18387.0,9152.0,49.77429705770381
2018,4,Arizona,False,1003962.0,308118.0,30.69020540618071
2018,4,Arizona,True,189072.0,57907.0,30.62695692646188
2018,5,Arkansas,False,377750.0,117426.0,31.085638649900726
2018,5,Arkansas,True,26842.0,8799.0,32.78071678712465
2018,6,California,False,5552329.0,1553068.0,27.971469269922583
2018,6,California,True,2524448.0,738430.0,29.251147181482846
2018,8,Colorado,False,1320577.0,398700.0,30.19134817583526
2018,8,Colorado,True,160925.0,49722.0,30.897623116358552
2018,9,Connecticut,False,733488.0,204423.0,27.86998560303645
2018,9,Connecticut,True,160434.0,45383.0,28.28764476357879
2018,10,Delaware,False,155286.0,43234.0,27.84153111033834
2018,10,Delaware,True,25453.0,8534.0,33.528464228185285
2018,11,District of Columbia,False,237708.0,45083.0,18.965705823952074
2018,11,District of Columbia,True,57589.0,11347.0,19.703415582837
2018,12,Florida,False,2643369.0,854554.0,32.32821448689154
2018,12,Florida,True,1109446.0,440140.0,39.67205253793335
2018,13,Georgia,False,1667580.0,511813.0,30.691960805478598
2018,13,Georgia,True,320286.0,101382.0,31.653584608755924
2018,15,Hawaii,False,223712.0,77917.0,34.82915534258332
2018,15,Hawaii,True,62120.0,32659.0,52.57405022537025
2018,16,Idaho,False,254870.0,72645.0,28.50276611605917
2018,16,Idaho,True,17902.0,7147.0,39.92291364093397
2018,17,Illinois,False,2302305.0,667261.0,28.982302518562918
2018,17,Illinois,True,496230.0,159856.0,32.214094270801844
2018,18,Indiana,False,992246.0,298765.0,30.109972728537077
2018,18,Indiana,True,98828.0,26356.0,26.668555470109684
2018,19,Iowa,False,514123.0,148559.0,28.89561447357928
2018,19,Iowa,True,45748.0,13625.0,29.78272274197779
2018,20,Kansas,False,532198.0,153579.0,28.8574928879853
2018,20,Kansas,True,50584.0,14544.0,28.752174600664244
2018,21,Kentucky,False,635195.0,195443.0,30.76897645604893
2018,21,Kentucky,True,46405.0,16436.0,35.41859713392954
2018,22,Louisiana,False,617425.0,184638.0,29.90452281653642
2018,22,Louisiana,True,47139.0,15540.0,32.96633360911348
2018,23,Maine,False,247445.0,73949.0,29.885024955040514
2018,23,Maine,True,16533.0,3562.0,21.544789209459868
2018,24,Maryland,False,1208992.0,295060.0,24.405455122945398
2018,24,Maryland,True,339505.0,92211.0,27.160424736012722
2018,25,Massachusetts,False,1585242.0,428816.0,27.050507115002
2018,25,Massachusetts,True,400160.0,100903.0,25.2156637345062
2018,26,Michigan,False,1569847.0,465575.0,29.657348773479196
2018,26,Michigan,True,225950.0,56761.0,25.121044478867006
2018,27,Minnesota,False,1149285.0,333004.0,28.974884384639143
2018,27,Minnesota,True,145381.0,43970.0,30.244667459984452
2018,28,Mississippi,False,376407.0,118881.0,31.58310020801951
2018,28,Mississippi,True,21132.0,7913.0,37.4455801627863
2018,29,Missouri,False,1023508.0,301305.0,29.43846066664843
2018,29,Missouri,True,93828.0,27503.0,29.312145628170693
2018,30,Montana,False,186843.0,63593.0,34.035527153813625
2018,30,Montana,True,8027.0,3370.0,41.98330634109879
2018,31,Nebraska,False,358033.0,111959.0,31.270581203408625
2018,31,Nebraska,True,28699.0,11354.0,39.56235408899265
2018,32,Nevada,False,328510.0,104209.0,31.721713189857237
2018,32,Nevada,True,96788.0,41051.0,42.413315700293424
2018,33,New Hampshire,False,288401.0,85141.0,29.52174229631659
2018,33,New Hampshire,True,29576.0,6497.0,21.967135515282664
2018,34,New Jersey,False,1610652.0,453127.0,28.13314111303994
2018,34,New Jersey,True,652738.0,194521.0,29.800777647386855
2018,35,New Mexico,False,278473.0,76158.0,27.34843234353061
2018,35,New Mexico,True,32190.0,8324.0,25.858962410686548
2018,36,New York,False,3405784.0,957231.0,28.10603960791407
2018,36,New York,True,1206609.0,406990.0,33.73006500034394
2018,37,North Carolina,False,1746343.0,533099.0,30.52659185509376
2018,37,North Carolina,True,240911.0,69788.0,28.968374212883596
2018,38,North Dakota,False,126496.0,38517.0,30.44918416392613
2018,38,North Dakota,True,11394.0,3913.0,34.3426364753379
2018,39,Ohio,False,1892237.0,541751.0,28.630187444807387
2018,39,Ohio,True,192224.0,54035.0,28.11043366072915
2018,40,Oklahoma,False,531965.0,158913.0,29.87282997941594
2018,40,Oklahoma,True,53761.0,16680.0,31.02620858986998
2018,41,Oregon,False,760658.0,217854.0,28.64020361318753
2018,41,Oregon,True,103242.0,26598.0,25.762770965304817
2018,42,Pennsylvania,False,2274081.0,645756.0,28.39634999808714
2018,42,Pennsylvania,True,305885.0,90776.0,29.676512414796406
2018,44,Rhode Island,False,198749.0,61080.0,30.73223009927094
2018,44,Rhode Island,True,34461.0,11042.0,32.04201851368214
2018,45,South Carolina,False,766155.0,248945.0,32.49277235024245
2018,45,South Carolina,True,75391.0,24189.0,32.08473159926251
2018,46,South Dakota,False,151913.0,48963.0,32.23094797680251
2018,46,South Dakota,True,6309.0,2040.0,32.33475986685687
2018,47,Tennessee,False,1030569.0,314362.0,30.503731433800162
2018,47,Tennessee,True,101084.0,36531.0,36.13925052431641
2018,48,Texas,False,3916413.0,1103082.0,28.16561991802192
2018,48,Texas,True,1090001.0,313972.0,28.804744215830997
2018,49,Utah,False,509123.0,138336.0,27.17143008663918
2018,49,Utah,True,63181.0,25399.0,40.200376695525556
2018,50,Vermont,False,146640.0,43444.0,29.626295690125477
2018,50,Vermont,True,12490.0,2574.0,20.608486789431545
2018,51,Virginia,False,1670125.0,439639.0,26.32371828455954
2018,51,Virginia,True,403526.0,109123.0,27.0423714952692
2018,53,Washington,False,1309591.0,357732.0,27.316314788357587
2018,53,Washington,True,357162.0,104353.0,29.217273954116056
2018,54,West Virginia,False,226678.0,64356.0,28.390933394506746
2018,54,West Virginia,True,10656.0,2892.0,27.13963963963964
2018,55,Wisconsin,False,1019880.0,301379.0,29.55043730634977
2018,55,Wisconsin,True,81832.0,18529.0,22.642731449799587
2018,56,Wyoming,False,87468.0,25634.0,29.306717885398086
2018,56,Wyoming,True,6629.0,2101.0,31.694071503997584
2019,1,Alabama,False,697313.0,189231.0,27.137167957574288
2019,1,Alabama,True,52482.0,14425.0,27.485614115315727
2019,2,Alaska,False,117718.0,36893.0,31.340151888411288
2019,2,Alaska,True,14777.0,7127.0,48.23035798876633
2019,4,Arizona,False,1040358.0,298229.0,28.665997666187987
2019,4,Arizona,True,194485.0,54014.0,27.772835951358715
2019,5,Arkansas,False,378033.0,109614.0,28.995881311948956
2019,5,Arkansas,True,30528.0,8553.0,28.01690251572327
2019,6,California,False,5632852.0,1493452.0,26.513247640804337
2019,6,California,True,2602578.0,710580.0,27.302928096679523
2019,8,Colorado,False,1369274.0,384436.0,28.075900075514472
2019,8,Colorado,True,164533.0,47468.0,28.85013948569588
2019,9,Connecticut,False,732727.0,185957.0,25.378756344450252
2019,9,Connecticut,True,165677.0,46954.0,28.340686999402454
2019,10,Delaware,False,166171.0,47985.0,28.87687984064608
2019,10,Delaware,True,32608.0,10444.0,32.02894995093229
2019,11,District of Columbia,False,245654.0,35681.0,14.524900876843038
2019,11,District of Columbia,True,45991.0,7090.0,15.416059663847276
2019,12,Florida,False,2706011.0,810668.0,29.958045255544047
2019,12,Florida,True,1134859.0,441780.0,38.92818402991033
2019,13,Georgia,False,1698978.0,472600.0,27.816722759211714
2019,13,Georgia,True,340090.0,95940.0,28.210179658325735
2019,15,Hawaii,False,217608.0,73073.0,33.58010734899452
2019,15,Hawaii,True,62058.0,28558.0,46.01824100035451
2019,16,Idaho,False,267666.0,80789.0,30.182765087833346
2019,16,Idaho,True,20274.0,5893.0,29.066785044885073
2019,17,Illinois,False,2334149.0,649162.0,27.811506463383445
2019,17,Illinois,True,516143.0,154362.0,29.906828146463287
2019,18,Indiana,False,1000432.0,289965.0,28.98397892110608
2019,18,Indiana,True,107642.0,28237.0,26.23232567213541
2019,19,Iowa,False,522073.0,149812.0,28.695603871489233
2019,19,Iowa,True,44930.0,11600.0,25.8179390162475
2019,20,Kansas,False,520492.0,144485.0,27.759312342937065
2019,20,Kansas,True,48295.0,14410.0,29.83745729371571
2019,21,Kentucky,False,632726.0,171599.0,27.120586162098604
2019,21,Kentucky,True,59987.0,21546.0,35.91778218614033
2019,22,Louisiana,False,640828.0,183593.0,28.649341164867952
2019,22,Louisiana,True,44833.0,13336.0,29.745946066513508
2019,23,Maine,False,265403.0,72845.0,27.446939183053697
2019,23,Maine,True,17748.0,4778.0,26.921343249943657
2019,24,Maryland,False,1221681.0,270592.0,22.149153502428213
2019,24,Maryland,True,329872.0,81279.0,24.639557161565698
2019,25,Massachusetts,False,1620991.0,396523.0,24.461764439160984
2019,25,Massachusetts,True,397363.0,95991.0,24.157005055830563
2019,26,Michigan,False,1589416.0,446184.0,28.072197587038257
2019,26,Michigan,True,233166.0,55915.0,23.98076906581577
2019,27,Minnesota,False,1183696.0,318932.0,26.943742312215296
2019,27,Minnesota,True,137577.0,38405.0,27.915276536048907
2019,28,Mississippi,False,352748.0,103141.0,29.239286969734767
2019,28,Mississippi,True,17881.0,5366.0,30.009507298249538
2019,29,Missouri,False,1048753.0,290272.0,27.677823090851707
2019,29,Missouri,True,93237.0,24590.0,26.373649945836952
2019,30,Montana,False,206553.0,64286.0,31.12324681800797
2019,30,Montana,True,10868.0,3242.0,29.830695620169305
2019,31,Nebraska,False,373308.0,109894.0,29.43789042827906
2019,31,Nebraska,True,27956.0,12667.0,45.31048790957218
2019,32,Nevada,False,339351.0,109174.0,32.171409543511
2019,32,Nevada,True,112542.0,53163.0,47.23836434397825
2019,33,New Hampshire,False,299085.0,79868.0,26.704114215022486
2019,33,New Hampshire,True,31215.0,7695.0,24.651609802979337
2019,34,New Jersey,False,1618279.0,439845.0,27.179800269298433
2019,34,New Jersey,True,685597.0,200292.0,29.214246853472233
2019,35,New Mexico,False,297712.0,71255.0,23.93420486913527
2019,35,New Mexico,True,37301.0,8228.0,22.05838985549985
2019,36,New York,False,3536337.0,946331.0,26.760204132128813
2019,36,New York,True,1175126.0,372169.0,31.670561284492045
2019,37,North Carolina,False,1775700.0,499879.0,28.15109534268176
2019,37,North Carolina,True,250435.0,71795.0,28.66811747559247
2019,38,North Dakota,False,134794.0,38649.0,28.67264121548437
2019,38,North Dakota,True,7830.0,3334.0,42.57982120051086
2019,39,Ohio,False,1922147.0,509779.0,26.521332655618952
2019,39,Ohio,True,191285.0,49216.0,25.729147606973886
2019,40,Oklahoma,False,544700.0,155589.0,28.564163759867817
2019,40,Oklahoma,True,52626.0,14115.0,26.821343062364612
2019,41,Oregon,False,757275.0,209207.0,27.6262916377802
2019,41,Oregon,True,111399.0,28927.0,25.967019452598315
2019,42,Pennsylvania,False,2345281.0,631106.0,26.90961125767019
2019,42,Pennsylvania,True,299048.0,80928.0,27.061876354297638
2019,44,Rhode Island,False,204750.0,55406.0,27.060317460317464
2019,44,Rhode Island,True,33824.0,10256.0,30.32166508987701
2019,45,South Carolina,False,810072.0,241956.0,29.868456137232247
2019,45,South Carolina,True,72315.0,23636.0,32.684781857152736
2019,46,South Dakota,False,157808.0,46097.0,29.21081314001825
2019,46,South Dakota,True,8111.0,2663.0,32.83195660214523
2019,47,Tennessee,False,1094775.0,317422.0,28.994268228631455
2019,47,Tennessee,True,108518.0,40057.0,36.912770231666634
2019,48,Texas,False,4028608.0,1070932.0,26.58317711725737
2019,48,Texas,True,1131119.0,332494.0,29.39513879618325
2019,49,Utah,False,535727.0,139124.0,25.969196997724588
2019,49,Utah,True,64190.0,24920.0,38.82224645583424
2019,50,Vermont,False,142629.0,38185.0,26.772255291700848
2019,50,Vermont,True,11204.0,3683.0,32.87218850410568
2019,51,Virginia,False,1678019.0,424111.0,25.27450523504203
2019,51,Virginia,True,412667.0,119952.0,29.06750479199936
2019,53,Washington,False,1339668.0,344602.0,25.722940310584413
2019,53,Washington,True,378457.0,89733.0,23.710223354304453
2019,54,West Virginia,False,226823.0,61859.0,27.271925686548542
2019,54,West Virginia,True,11156.0,2591.0,23.225170311939763
2019,55,Wisconsin,False,1049217.0,290900.0,27.725437159329292
2019,55,Wisconsin,True,79177.0,21773.0,27.49914747969739
2019,56,Wyoming,False,91382.0,28118.0,30.76973583419054
2019,56,Wyoming,True,4133.0,1387.0,33.55915799661263
2020,1,Alabama,False,742460.0,216411.0,29.147832879885787
2020,1,Alabama,True,53680.0,14064.0,26.199701937406854
2020,2,Alaska,False,120928.0,38735.0,32.031456734585866
2020,2,Alaska,True,14715.0,6327.0,42.99694189602447
2020,4,Arizona,False,1161902.0,333668.0,28.717396131515393
2020,4,Arizona,True,219978.0,59769.0,27.17044431715899
2020,5,Arkansas,False,401820.0,119889.0,29.83649395251605
2020,5,Arkansas,True,30509.0,8030.0,26.320102264905437
2020,6,California,False,6101398.0,1561737.0,25.596379714944018
2020,6,California,True,2709440.0,721611.0,26.63321571985355
2020,8,Colorado,False,1433254.0,398533.0,27.80616694598445
2020,8,Colorado,True,168537.0,51894.0,30.790864913935813
2020,9,Connecticut,False,783269.0,208305.0,26.594311788159626
2020,9,Connecticut,True,172703.0,46575.0,26.968263434914274
2020,10,Delaware,False,175279.0,44393.0,25.327050017400833
2020,10,Delaware,True,28887.0,6791.0,23.50884480908367
2020,11,District of Columbia,False,262106.0,39311.0,14.9981305273439
2020,11,District of Columbia,True,54370.0,11412.0,20.989516277358838
2020,12,Florida,False,3105825.0,948330.0,30.533916109246334
2020,12,Florida,True,1235515.0,460078.0,37.23775105927488
2020,13,Georgia,False,1849008.0,528337.0,28.574078641087546
2020,13,Georgia,True,390025.0,112401.0,28.81892186398308
2020,15,Hawaii,False,230309.0,76958.0,33.415107529449564
2020,15,Hawaii,True,65243.0,27988.0,42.898088683843476
2020,16,Idaho,False,297307.0,83941.0,28.233778552136346
2020,16,Idaho,True,22921.0,7180.0,31.324985820862967
2020,17,Illinois,False,2424941.0,678528.0,27.981216862595833
2020,17,Illinois,True,513000.0,153408.0,29.90409356725146
2020,18,Indiana,False,1087470.0,303748.0,27.931621102191322
2020,18,Indiana,True,109935.0,26941.0,24.506299176786285
2020,19,Iowa,False,532917.0,157102.0,29.47963754205627
2020,19,Iowa,True,44472.0,11952.0,26.875337290879653
2020,20,Kansas,False,552208.0,153511.0,27.799488598499117
2020,20,Kansas,True,55038.0,15566.0,28.282277699044293
2020,21,Kentucky,False,689069.0,199536.0,28.957332284575276
2020,21,Kentucky,True,48700.0,16943.0,34.79055441478439
2020,22,Louisiana,False,702441.0,191890.0,27.317596780370167
2020,22,Louisiana,True,55156.0,16413.0,29.757415331060987
2020,23,Maine,False,270706.0,78877.0,29.13751449912451
2020,23,Maine,True,15638.0,3561.0,22.77145415014708
2020,24,Maryland,False,1285116.0,280920.0,21.85950528979485
2020,24,Maryland,True,367400.0,97661.0,26.581654872074033
2020,25,Massachusetts,False,1697923.0,406621.0,23.948141346810193
2020,25,Massachusetts,True,404686.0,92982.0,22.976332267486395
2020,26,Michigan,False,1701698.0,470077.0,27.623996737376434
2020,26,Michigan,True,249957.0,60108.0,24.04733614181639
2020,27,Minnesota,False,1220086.0,318298.0,26.08816099848699
2020,27,Minnesota,True,136460.0,35586.0,26.07797156675949
2020,28,Mississippi,False,392076.0,117127.0,29.87354492496353
2020,28,Mississippi,True,17332.0,6804.0,39.25686591276252
2020,29,Missouri,False,1102677.0,307877.0,27.92086893986181
2020,29,Missouri,True,90473.0,21249.0,23.486565052557115
2020,30,Montana,False,207748.0,69543.0,33.474690490401834
2020,30,Montana,True,8636.0,4638.0,53.705419175544236
2020,31,Nebraska,False,356101.0,97183.0,27.290852876009897
2020,31,Nebraska,True,32131.0,12805.0,39.85247891444399
2020,32,Nevada,False,390038.0,127850.0,32.77885744465924
2020,32,Nevada,True,122602.0,56581.0,46.15014436958614
2020,33,New Hampshire,False,326254.0,91694.0,28.10509602947397
2020,33,New Hampshire,True,30859.0,7465.0,24.190673709452675
2020,34,New Jersey,False,1733023.0,460317.0,26.561505531086432
2020,34,New Jersey,True,674268.0,182594.0,27.080330076468112
2020,35,New Mexico,False,318964.0,82752.0,25.943993679537503
2020,35,New Mexico,True,38382.0,10253.0,26.713042572038976
2020,36,New York,False,3661677.0,972395.0,26.556001526076713
2020,36,New York,True,1227769.0,378725.0,30.84660062275558
2020,37,North Carolina,False,1951435.0,533967.0,27.3627868722248
2020,37,North Carolina,True,269142.0,73188.0,27.193080232739597
2020,38,North Dakota,False,148871.0,48776.0,32.76393656252729
2020,38,North Dakota,True,10580.0,3804.0,35.954631379962194
2020,39,Ohio,False,2013620.0,530607.0,26.35090036849058
2020,39,Ohio,True,201244.0,50202.0,24.94583689451611
2020,40,Oklahoma,False,572811.0,165381.0,28.87182683293442
2020,40,Oklahoma,True,48624.0,17123.0,35.2151201052978
2020,41,Oregon,False,823981.0,227613.0,27.62357384454253
2020,41,Oregon,True,122422.0,28573.0,23.33975919360899
2020,42,Pennsylvania,False,2454913.0,650877.0,26.51324099876452
2020,42,Pennsylvania,True,313210.0,83923.0,26.794482934772194
2020,44,Rhode Island,False,214874.0,59333.0,27.612926645382874
2020,44,Rhode Island,True,40897.0,8775.0,21.456341540944322
2020,45,South Carolina,False,881231.0,257041.0,29.168401928665695
2020,45,South Carolina,True,87095.0,27023.0,31.027039439692288
2020,46,South Dakota,False,151852.0,47251.0,31.116481837578696
2020,46,South Dakota,True,6658.0,1990.0,29.88885551216581
2020,47,Tennessee,False,1210054.0,349677.0,28.897635973270614
2020,47,Tennessee,True,98494.0,21440.0,21.76782342071598
2020,48,Texas,False,4555190.0,1220405.0,26.791527905531932
2020,48,Texas,True,1184058.0,330001.0,27.870340811007573
2020,49,Utah,False,562864.0,146986.0,26.113945819949404
2020,49,Utah,True,66188.0,21558.0,32.57085876593945
2020,50,Vermont,False,147784.0,43333.0,29.321848102636277
2020,50,Vermont,True,13323.0,5060.0,37.97943406139758
2020,51,Virginia,False,1804693.0,443305.0,24.56401171833658
2020,51,Virginia,True,424764.0,106718.0,25.124068894727426
2020,53,Washington,False,1407151.0,352991.0,25.085509657456807
2020,53,Washington,True,394900.0,99017.0,25.0739427703216
2020,54,West Virginia,False,241058.0,63657.0,26.407337653178903
2020,54,West Virginia,True,11944.0,1955.0,16.368050904219693
2020,55,Wisconsin,False,1075312.0,304231.0,28.292346779353338
2020,55,Wisconsin,True,85729.0,24337.0,28.388293342976123
2020,56,Wyoming,False,85373.0,19489.0,22.82806039380132
2020,56,Wyoming,True,6212.0,1611.0,25.933676754668383
2021,1,Alabama,False,754352.0,212383.0,28.154362949922586
2021,1,Alabama,True,53533.0,14607.0,27.285973138064374
2021,2,Alaska,False,119586.0,34788.0,29.09036174803071
2021,2,Alaska,True,16512.0,6789.0,41.1155523255814
2021,4,Arizona,False,1141933.0,311614.0,27.28829099430527
2021,4,Arizona,True,207101.0,61107.0,29.505893259810428
2021,5,Arkansas,False,410343.0,114296.0,27.853771113434373
2021,5,Arkansas,True,26114.0,8005.0,30.6540552960098
2021,6,California,False,5879344.0,1513235.0,25.738160583901877
2021,6,California,True,2685910.0,705363.0,26.261602213030223
2021,8,Colorado,False,1449979.0,398589.0,27.489294672543537
2021,8,Colorado,True,170760.0,48496.0,28.400093698758493
2021,9,Connecticut,False,780033.0,196414.0,25.180216734420206
2021,9,Connecticut,True,176860.0,47205.0,26.690602736627838
2021,10,Delaware,False,176212.0,50778.0,28.816425669080424
2021,10,Delaware,True,32649.0,9064.0,27.761952892891053
2021,11,District of Columbia,False,237428.0,36601.0,15.415620735549304
2021,11,District of Columbia,True,55012.0,7463.0,13.566131025957972
2021,12,Florida,False,3021403.0,909931.0,30.11617450568494
2021,12,Florida,True,1224265.0,456878.0,37.318554397944894
2021,13,Georgia,False,1860803.0,516839.0,27.775051953377115
2021,13,Georgia,True,369946.0,108149.0,29.233726003254528
2021,15,Hawaii,False,248622.0,85515.0,34.39558848372228
2021,15,Hawaii,True,68701.0,27641.0,40.23376661183971
2021,16,Idaho,False,303847.0,84529.0,27.819593413790493
2021,16,Idaho,True,25982.0,8750.0,33.67716111153876
2021,17,Illinois,False,2402742.0,637698.0,26.540427561510977
2021,17,Illinois,True,540437.0,161080.0,29.805509245295937
2021,18,Indiana,False,1098787.0,298156.0,27.135013428444278
2021,18,Indiana,True,110410.0,31098.0,28.165926999365997
2021,19,Iowa,False,557570.0,159491.0,28.60465950463619
2021,19,Iowa,True,37888.0,9566.0,25.24809966216216
2021,20,Kansas,False,562915.0,151018.0,26.827851451817768
2021,20,Kansas,True,62005.0,20649.0,33.30215305217321
2021,21,Kentucky,False,708404.0,202059.0,28.523130868826264
2021,21,Kentucky,True,47526.0,17072.0,35.92139039683542
2021,22,Louisiana,False,663028.0,170207.0,25.671163208793597
2021,22,Louisiana,True,44556.0,14412.0,32.345812011850256
2021,23,Maine,False,290403.0,79701.0,27.444964411524676
2021,23,Maine,True,20076.0,5780.0,28.79059573620243
2021,24,Maryland,False,1273240.0,280129.0,22.00127234456976
2021,24,Maryland,True,372681.0,99021.0,26.56990831300764
2021,25,Massachusetts,False,1682544.0,410465.0,24.395498720984417
2021,25,Massachusetts,True,438189.0,106192.0,24.234291595635675
2021,26,Michigan,False,1695007.0,476656.0,28.12118180042914
2021,26,Michigan,True,244790.0,54689.0,22.341190408104904
2021,27,Minnesota,False,1235464.0,311352.0,25.20121994651402
2021,27,Minnesota,True,145231.0,37858.0,26.067437392843125
2021,28,Mississippi,False,396707.0,124524.0,31.389413345365725
2021,28,Mississippi,True,16136.0,5873.0,36.396876549330685
2021,29,Missouri,False,1130253.0,310283.0,27.452526115834242
2021,29,Missouri,True,88820.0,21159.0,23.822337311416348
2021,30,Montana,False,227163.0,68392.0,30.107015667164106
2021,30,Montana,True,8737.0,2528.0,28.93441684788829
2021,31,Nebraska,False,391519.0,111772.0,28.548295229605714
2021,31,Nebraska,True,33881.0,9557.0,28.207549954251643
2021,32,Nevada,False,399279.0,131123.0,32.8399439990583
2021,32,Nevada,True,112430.0,45224.0,40.224139464555726
2021,33,New Hampshire,False,322706.0,91702.0,28.416577318054202
2021,33,New Hampshire,True,37235.0,9608.0,25.803679333959984
2021,34,New Jersey,False,1810246.0,477622.0,26.384369859124117
2021,34,New Jersey,True,732149.0,202155.0,27.61118296958679
2021,35,New Mexico,False,316375.0,75144.0,23.75156064796523
2021,35,New Mexico,True,38513.0,8775.0,22.784514319840056
2021,36,New York,False,3771921.0,968742.0,25.682987528105706
2021,36,New York,True,1273262.0,392205.0,30.80316541293151
2021,37,North Carolina,False,1951747.0,530892.0,27.200861587080706
2021,37,North Carolina,True,280692.0,68088.0,24.257192937454576
2021,38,North Dakota,False,140809.0,42182.0,29.956891960030962
2021,38,North Dakota,True,12987.0,3650.0,28.105028105028108
2021,39,Ohio,False,2042411.0,553620.0,27.106199486783023
2021,39,Ohio,True,209958.0,55626.0,26.49387020261195
2021,40,Oklahoma,False,592233.0,167376.0,28.26184964363688
2021,40,Oklahoma,True,51762.0,18690.0,36.10756925930219
2021,41,Oregon,False,809361.0,231437.0,28.595027435223592
2021,41,Oregon,True,119249.0,31025.0,26.01698966029065
2021,42,Pennsylvania,False,2513824.0,667054.0,26.535429687997254
2021,42,Pennsylvania,True,331851.0,89327.0,26.917803472040163
2021,44,Rhode Island,False,227939.0,62674.0,27.49595286458219
2021,44,Rhode Island,True,33455.0,7927.0,23.694515020176357
2021,45,South Carolina,False,882314.0,269678.0,30.564855595626955
2021,45,South Carolina,True,87506.0,28727.0,32.82860603844308
2021,46,South Dakota,False,156867.0,43707.0,27.862456730861172
2021,46,South Dakota,True,8732.0,2451.0,28.069170865781036
2021,47,Tennessee,False,1200453.0,347542.0,28.950904366934815
2021,47,Tennessee,True,105485.0,34851.0,33.038820685405504
2021,48,Texas,False,4452219.0,1170723.0,26.2952698418474
2021,48,Texas,True,1281334.0,355778.0,27.76621864400695
2021,49,Utah,False,572561.0,146293.0,25.55064001914207
2021,49,Utah,True,68981.0,20416.0,29.596555573273797
2021,50,Vermont,False,160558.0,44425.0,27.669128912916204
2021,50,Vermont,True,15107.0,3835.0,25.385582842390946
2021,51,Virginia,False,1793693.0,442975.0,24.69625515626141
2021,51,Virginia,True,432486.0,105746.0,24.450733665367203
2021,53,Washington,False,1427638.0,364134.0,25.50604565022786
2021,53,Washington,True,416631.0,101320.0,24.318881696273202
2021,54,West Virginia,False,251046.0,65131.0,25.943850927718426
2021,54,West Virginia,True,11453.0,2455.0,21.43543176460316
2021,55,Wisconsin,False,1100670.0,302174.0,27.453641872677554
2021,55,Wisconsin,True,83242.0,25434.0,30.554287499099015
2021,56,Wyoming,False,90893.0,23005.0,25.30997986643636
2021,56,Wyoming,True,6213.0,1793.0,28.85884435860293
2022,1,Alabama,False,791554.0,221291.0,27.956526023493026
2022,1,Alabama,True,58207.0,15970.0,27.43656261274417
2022,2,Alaska,False,118573.0,34150.0,28.800823121621278
2022,2,Alaska,True,18022.0,7368.0,40.88336477638442
2022,4,Arizona,False,1157775.0,316644.0,27.34935544471076
2022,4,Arizona,True,225937.0,65200.0,28.857601897874186
2022,5,Arkansas,False,413807.0,113682.0,27.472227391030117
2022,5,Arkansas,True,33181.0,8720.0,26.280100057261684
2022,6,California,False,6003415.0,1494587.0,24.89561357993742
2022,6,California,True,2747841.0,731176.0,26.60910875119776
2022,8,Colorado,False,1499370.0,393892.0,26.270500276782915
2022,8,Colorado,True,182365.0,47556.0,26.07737230279933
2022,9,Connecticut,False,794678.0,190079.0,23.918996121699607
2022,9,Connecticut,True,185635.0,53242.0,28.681013817437446
2022,10,Delaware,False,188499.0,47702.0,25.30623504633977
2022,10,Delaware,True,33220.0,7551.0,22.73028296207104
2022,11,District of Columbia,False,246330.0,37522.0,15.232411805301831
2022,11,District of Columbia,True,62005.0,7017.0,11.31682928796065
2022,12,Florida,False,3182595.0,935723.0,29.401259035472627
2022,12,Florida,True,1334635.0,487875.0,36.5549382415417
2022,13,Georgia,False,1880091.0,523267.0,27.832003876408113
2022,13,Georgia,True,388853.0,116011.0,29.834153266144277
2022,15,Hawaii,False,239471.0,74985.0,31.312768560702548
2022,15,Hawaii,True,64974.0,25894.0,39.85286422261212
2022,16,Idaho,False,325949.0,86604.0,26.56980079705721
2022,16,Idaho,True,22258.0,6318.0,28.385299667535268
2022,17,Illinois,False,2435071.0,635050.0,26.07932171176939
2022,17,Illinois,True,551562.0,156826.0,28.43306826793724
2022,18,Indiana,False,1121775.0,313621.0,27.957567248334115
2022,18,Indiana,True,112361.0,30132.0,26.817134058970638
2022,19,Iowa,False,583041.0,162491.0,27.86956663425042
2022,19,Iowa,True,54259.0,13621.0,25.103669437328367
2022,20,Kansas,False,557697.0,143227.0,25.68186667670796
2022,20,Kansas,True,59435.0,15443.0,25.983006645915708
2022,21,Kentucky,False,717501.0,203368.0,28.343932621696695
2022,21,Kentucky,True,53035.0,19447.0,36.66823795606675
2022,22,Louisiana,False,678699.0,182770.0,26.929463576637065
2022,22,Louisiana,True,54322.0,15020.0,27.64993925113214
2022,23,Maine,False,296439.0,81335.0,27.43734798727563
2022,23,Maine,True,18465.0,4953.0,26.823720552396423
2022,24,Maryland,False,1305336.0,277160.0,21.23284732819749
2022,24,Maryland,True,393060.0,98457.0,25.04884750419783
2022,25,Massachusetts,False,1720713.0,406125.0,23.602134696489188
2022,25,Massachusetts,True,438377.0,105933.0,24.164817041040017
2022,26,Michigan,False,1722661.0,458151.0,26.595540271707552
2022,26,Michigan,True,244679.0,54293.0,22.18948091172516
2022,27,Minnesota,False,1260611.0,313694.0,24.884282304374626
2022,27,Minnesota,True,155230.0,47720.0,30.741480383946403
2022,28,Mississippi,False,397025.0,119809.0,30.176689125369936
2022,28,Mississippi,True,17558.0,5019.0,28.585260280214147
2022,29,Missouri,False,1140158.0,308407.0,27.049496648710093
2022,29,Missouri,True,92930.0,21886.0,23.551059937587432
2022,30,Montana,False,222367.0,65328.0,29.37845993335342
2022,30,Montana,True,10691.0,2793.0,26.12477785052848
2022,31,Nebraska,False,379132.0,103872.0,27.397318084466626
2022,31,Nebraska,True,36777.0,9544.0,25.95100198493624
2022,32,Nevada,False,380870.0,112029.0,29.41397327172001
2022,32,Nevada,True,119311.0,50227.0,42.09754339499292
2022,33,New Hampshire,False,331796.0,88913.0,26.797490023990644
2022,33,New Hampshire,True,35956.0,8544.0,23.762376237623762
2022,34,New Jersey,False,1822922.0,469484.0,25.754475506905944
2022,34,New Jersey,True,736012.0,197898.0,26.88787682809519
2022,35,New Mexico,False,327511.0,79239.0,24.19430187077686
2022,35,New Mexico,True,36695.0,8244.0,22.46627605940864
2022,36,New York,False,3750814.0,954534.0,25.44871593206168
2022,36,New York,True,1299563.0,391043.0,30.090345754688308
2022,37,North Carolina,False,2043006.0,587703.0,28.766582183312238
2022,37,North Carolina,True,283201.0,73725.0,26.03274705950897
2022,38,North Dakota,False,145644.0,44737.0,30.716679025569192
2022,38,North Dakota,True,10493.0,4153.0,39.57876679691223
2022,39,Ohio,False,2131912.0,526651.0,24.703224148088665
2022,39,Ohio,True,212940.0,50014.0,23.48736733352118
2022,40,Oklahoma,False,598004.0,166979.0,27.922722924930266
2022,40,Oklahoma,True,55355.0,18498.0,33.417035498148316
2022,41,Oregon,False,815813.0,217709.0,26.686140083573072
2022,41,Oregon,True,125235.0,31262.0,24.962670180061483
2022,42,Pennsylvania,False,2530551.0,652074.0,25.768063951289662
2022,42,Pennsylvania,True,360227.0,93283.0,25.8956158200246
2022,44,Rhode Island,False,245715.0,66779.0,27.177420995869202
2022,44,Rhode Island,True,36410.0,12221.0,33.56495468277946
2022,45,South Carolina,False,924712.0,273836.0,29.613111974322813
2022,45,South Carolina,True,95419.0,30324.0,31.779834204927738
2022,46,South Dakota,False,162714.0,48667.0,29.90953452069275
2022,46,South Dakota,True,11519.0,2893.0,25.115027346123796
2022,47,Tennessee,False,1223293.0,346727.0,28.34374103342372
2022,47,Tennessee,True,121257.0,39287.0,32.39977898183198
2022,48,Texas,False,4643049.0,1215050.0,26.169226299356307
2022,48,Texas,True,1342882.0,373607.0,27.821282882636
2022,49,Utah,False,616003.0,147341.0,23.91887701845608
2022,49,Utah,True,80985.0,27666.0,34.16188182996851
2022,50,Vermont,False,171434.0,39252.0,22.896274951293208
2022,50,Vermont,True,11064.0,3290.0,29.736080983369483
2022,51,Virginia,False,1803732.0,429520.0,23.81285024604542
2022,51,Virginia,True,461631.0,118475.0,25.664437613591808
2022,53,Washington,False,1462687.0,370018.0,25.29714149370303
2022,53,Washington,True,444169.0,107881.0,24.288277660079835
2022,54,West Virginia,False,254132.0,62584.0,24.626572017691593
2022,54,West Virginia,True,12488.0,3149.0,25.216207559256887
2022,55,Wisconsin,False,1143848.0,304447.0,26.616036396444283
2022,55,Wisconsin,True,85633.0,22445.0,26.210689804164282
2022,56,Wyoming,False,97477.0,26505.0,27.191029678796024
2022,56,Wyoming,True,5710.0,1732.0,30.332749562171628
2023,1,Alabama,False,798878.0,218533.0,27.354990373999534
2023,1,Alabama,True,64705.0,17331.0,26.784637972335982
2023,2,Alaska,False,119194.0,30531.0,25.614544356259543
2023,2,Alaska,True,17501.0,6540.0,37.36929318324667
2023,4,Arizona,False,1198157.0,318499.0,26.58240948389902
2023,4,Arizona,True,244855.0,71009.0,29.00042882522309
2023,5,Arkansas,False,445408.0,121245.0,27.22110963431281
2023,5,Arkansas,True,37559.0,12707.0,33.83210415612769
2023,6,California,False,6070919.0,1521364.0,25.059863259582283
2023,6,California,True,2834739.0,751753.0,26.519302129755157
2023,8,Colorado,False,1516981.0,390636.0,25.75088283900721
2023,8,Colorado,True,185938.0,49491.0,26.61693682840517
2023,9,Connecticut,False,805745.0,203216.0,25.220882537279167
2023,9,Connecticut,True,189772.0,55856.0,29.433214594355334
2023,10,Delaware,False,182637.0,45252.0,24.777016705267826
2023,10,Delaware,True,40167.0,8534.0,21.24629671123061
2023,11,District of Columbia,False,256311.0,33459.0,13.054063227875512
2023,11,District of Columbia,True,58249.0,8617.0,14.79338701093581
2023,12,Florida,False,3242278.0,934379.0,28.818596061164403
2023,12,Florida,True,1434305.0,526340.0,36.696518522908306
2023,13,Georgia,False,1929851.0,528986.0,27.41071720044708
2023,13,Georgia,True,421852.0,114575.0,27.159999241440126
2023,15,Hawaii,False,244760.0,80216.0,32.77332897532276
2023,15,Hawaii,True,75504.0,29416.0,38.959525323161685
2023,16,Idaho,False,329597.0,96791.0,29.36646874819856
2023,16,Idaho,True,23828.0,10463.0,43.91052543226456
2023,17,Illinois,False,2445540.0,636663.0,26.03363674280527
2023,17,Illinois,True,575531.0,167967.0,29.184700737232227
2023,18,Indiana,False,1136293.0,299893.0,26.39222454067745
2023,18,Indiana,True,128275.0,33090.0,25.79614110309881
2023,19,Iowa,False,580314.0,156263.0,26.927318658519354
2023,19,Iowa,True,54338.0,15021.0,27.643637969744926
2023,20,Kansas,False,586072.0,154714.0,26.39846298748277
2023,20,Kansas,True,52215.0,13229.0,25.335631523508575
2023,21,Kentucky,False,712675.0,207052.0,29.05279405058407
2023,21,Kentucky,True,61128.0,21663.0,35.43875147232038
2023,22,Louisiana,False,670840.0,184211.0,27.459751952775623
2023,22,Louisiana,True,57991.0,19011.0,32.78267317342346
2023,23,Maine,False,302435.0,85492.0,28.267892274373008
2023,23,Maine,True,23556.0,6196.0,26.30327729665478
2023,24,Maryland,False,1303535.0,266202.0,20.42154602676568
2023,24,Maryland,True,390680.0,101259.0,25.9186546534248
2023,25,Massachusetts,False,1753037.0,414076.0,23.620494034067736
2023,25,Massachusetts,True,452884.0,108329.0,23.919811695710163
2023,26,Michigan,False,1745166.0,470063.0,26.93514542456133
2023,26,Michigan,True,263768.0,61558.0,23.337933335355313
2023,27,Minnesota,False,1298718.0,325111.0,25.033225072725564
2023,27,Minnesota,True,167035.0,44468.0,26.621965456341485
2023,28,Mississippi,False,407451.0,117277.0,28.78309293632854
2023,28,Mississippi,True,19942.0,7516.0,37.68929896700431
2023,29,Missouri,False,1158937.0,295604.0,25.506477056129885
2023,29,Missouri,True,105640.0,23577.0,22.318250662627793
2023,30,Montana,False,231358.0,70215.0,30.349069407584782
2023,30,Montana,True,8443.0,2696.0,31.931777804098072
2023,31,Nebraska,False,390210.0,107644.0,27.586171548653287
2023,31,Nebraska,True,33111.0,11676.0,35.26320558122678
2023,32,Nevada,False,417926.0,129630.0,31.017452850504633
2023,32,Nevada,True,125355.0,51551.0,41.124007817797455
2023,33,New Hampshire,False,326488.0,83690.0,25.633407659699593
2023,33,New Hampshire,True,41486.0,11065.0,26.67164826688521
2023,34,New Jersey,False,1837766.0,471904.0,25.678133124674197
2023,34,New Jersey,True,768293.0,213162.0,27.744883787825735
2023,35,New Mexico,False,336864.0,81493.0,24.191661916975395
2023,35,New Mexico,True,45344.0,11527.0,25.42122441778405
2023,36,New York,False,3802423.0,955928.0,25.139969961258913
2023,36,New York,True,1311138.0,384329.0,29.31262765628027
2023,37,North Carolina,False,2095236.0,579307.0,27.648770830589015
2023,37,North Carolina,True,323178.0,79306.0,24.539417905921816
2023,38,North Dakota,False,154440.0,43043.0,27.870370370370374
2023,38,North Dakota,True,12794.0,2792.0,21.822729404408317
2023,39,Ohio,False,2131423.0,545568.0,25.59642079493371
2023,39,Ohio,True,219010.0,62121.0,28.364458243915802
2023,40,Oklahoma,False,617843.0,169586.0,27.448073377864603
2023,40,Oklahoma,True,55508.0,16056.0,28.92556027959934
2023,41,Oregon,False,849444.0,212586.0,25.02648791444757
2023,41,Oregon,True,126332.0,30389.0,24.05487129151759
2023,42,Pennsylvania,False,2527096.0,632828.0,25.041707952527325
2023,42,Pennsylvania,True,357847.0,97424.0,27.22504310501415
2023,44,Rhode Island,False,237202.0,58939.0,24.847598249593172
2023,44,Rhode Island,True,39803.0,13595.0,34.155716905760876
2023,45,South Carolina,False,960088.0,281554.0,29.325853463432516
2023,45,South Carolina,True,92123.0,29739.0,32.28184058269922
2023,46,South Dakota,False,173414.0,48572.0,28.00927260774793
2023,46,South Dakota,True,10510.0,6044.0,57.50713606089438
2023,47,Tennessee,False,1277573.0,352247.0,27.57157516635057
2023,47,Tennessee,True,134411.0,41703.0,31.02647848762378
2023,48,Texas,False,4749470.0,1192173.0,25.10117971057823
2023,48,Texas,True,1426070.0,374936.0,26.29155651545857
2023,49,Utah,False,633564.0,158054.0,24.946808846462236
2023,49,Utah,True,82190.0,25506.0,31.03297238106826
2023,50,Vermont,False,157645.0,40213.0,25.50857940308922
2023,50,Vermont,True,13986.0,3656.0,26.140426140426143
2023,51,Virginia,False,1836458.0,427718.0,23.290377454861478
2023,51,Virginia,True,460233.0,113787.0,24.7237812151671
2023,53,Washington,False,1493186.0,361227.0,24.19169480560359
2023,53,Washington,True,461599.0,108621.0,23.53146345637664
2023,54,West Virginia,False,244330.0,64508.0,26.40199729873532
2023,54,West Virginia,True,15200.0,3364.0,22.13157894736842
2023,55,Wisconsin,False,1147930.0,295700.0,25.75941041701149
2023,55,Wisconsin,True,107907.0,31063.0,28.78682569249446
2023,56,Wyoming,False,96439.0,25382.0,26.319227698337812
2023,56,Wyoming,True,4976.0,2484.0,49.91961414790997
2024,1,Alabama,False,832797.0,231022.0,27.740493781797966
2024,1,Alabama,True,72996.0,20572.0,28.1823661570497
2024,2,Alaska,False,127168.0,42024.0,33.04604932058379
2024,2,Alaska,True,17260.0,6110.0,35.39976825028969
2024,4,Arizona,False,1252071.0,342351.0,27.342778484606704
2024,4,Arizona,True,257364.0,81874.0,31.812530112991716
2024,5,Arkansas,False,449836.0,127180.0,28.272525987248688
2024,5,Arkansas,True,40261.0,11389.0,28.28792131342987
2024,6,California,False,6253295.0,1593849.0,25.4881466490866
2024,6,California,True,2936973.0,760238.0,25.885086447849538
2024,8,Colorado,False,1582122.0,422242.0,26.688333769456463
2024,8,Colorado,True,215550.0,66471.0,30.83785664578984
2024,9,Connecticut,False,802162.0,198828.0,24.786514444713163
2024,9,Connecticut,True,190380.0,55832.0,29.3266099380187
2024,10,Delaware,False,188679.0,41976.0,22.2473089215016
2024,10,Delaware,True,36372.0,8279.0,22.76201473661058
2024,11,District of Columbia,False,256523.0,37538.0,14.633385700307574
2024,11,District of Columbia,True,63593.0,12488.0,19.63738147280361
2024,12,Florida,False,3390331.0,998584.0,29.453879281993412
2024,12,Florida,True,1575909.0,607303.0,38.53667946562904
2024,13,Georgia,False,2010615.0,561954.0,27.949358778284257
2024,13,Georgia,True,446577.0,127967.0,28.655080758749328
2024,15,Hawaii,False,256227.0,84527.0,32.98910731499803
2024,15,Hawaii,True,70520.0,27377.0,38.82161089052751
2024,16,Idaho,False,340663.0,93799.0,27.534249390159776
2024,16,Idaho,True,29110.0,7531.0,25.870834764685675
2024,17,Illinois,False,2536675.0,662038.0,26.098652763952813
2024,17,Illinois,True,601041.0,171549.0,28.541979665280735
2024,18,Indiana,False,1157123.0,318673.0,27.540114577274842
2024,18,Indiana,True,147380.0,51540.0,34.97082372099335
2024,19,Iowa,False,576171.0,161218.0,27.980929272733267
2024,19,Iowa,True,51837.0,18003.0,34.730019098327446
2024,20,Kansas,False,576699.0,151291.0,26.233962604408884
2024,20,Kansas,True,61339.0,13435.0,21.90286766983485
2024,21,Kentucky,False,716967.0,197839.0,27.59387810038677
2024,21,Kentucky,True,65279.0,23796.0,36.45276428866864
2024,22,Louisiana,False,705122.0,182298.0,25.853398418997
2024,22,Louisiana,True,51475.0,15298.0,29.71928120446819
2024,23,Maine,False,306040.0,80767.0,26.39099464122337
2024,23,Maine,True,26166.0,9527.0,36.409844836811125
2024,24,Maryland,False,1353351.0,291245.0,21.52028557262676
2024,24,Maryland,True,407198.0,104362.0,25.629300733304188
2024,25,Massachusetts,False,1769712.0,429037.0,24.24332320739194
2024,25,Massachusetts,True,477153.0,111165.0,23.297558644711444
2024,26,Michigan,False,1776470.0,472499.0,26.597634634978355
2024,26,Michigan,True,296338.0,68626.0,23.158015509317064
2024,27,Minnesota,False,1276772.0,326549.0,25.57614045420796
2024,27,Minnesota,True,169144.0,43432.0,25.677529205883744
2024,28,Mississippi,False,441220.0,122787.0,27.828974207878154
2024,28,Mississippi,True,20584.0,5409.0,26.27769141080451
2024,29,Missouri,False,1166439.0,314888.0,26.9956680117863
2024,29,Missouri,True,113986.0,24462.0,21.46053024055586
2024,30,Montana,False,238772.0,67805.0,28.397383277771265
2024,30,Montana,True,10779.0,3410.0,31.63558771685685
2024,31,Nebraska,False,390417.0,101127.0,25.90230445907837
2024,31,Nebraska,True,42326.0,15515.0,36.65595614988423
2024,32,Nevada,False,419271.0,135168.0,32.238814513763174
2024,32,Nevada,True,133368.0,54817.0,41.10206346349949
2024,33,New Hampshire,False,335542.0,83657.0,24.931901222499718
2024,33,New Hampshire,True,37708.0,10272.0,27.240903786994803
2024,34,New Jersey,False,1874357.0,490909.0,26.19079502997561
2024,34,New Jersey,True,806579.0,226310.0,28.058007957063104
2024,35,New Mexico,False,338203.0,90240.0,26.68219974394077
2024,35,New Mexico,True,42072.0,8676.0,20.621791215059897
2024,36,New York,False,3907710.0,970614.0,24.838434786614155
2024,36,New York,True,1348569.0,420905.0,31.21123205412552
2024,37,North Carolina,False,2152696.0,596019.0,27.687095623348583
2024,37,North Carolina,True,372353.0,98801.0,26.53422961544556
2024,38,North Dakota,False,155752.0,48919.0,31.40826442036057
2024,38,North Dakota,True,11403.0,4163.0,36.507936507936506
2024,39,Ohio,False,2145006.0,552070.0,25.73745714464202
2024,39,Ohio,True,239520.0,66908.0,27.934201736806948
2024,40,Oklahoma,False,631164.0,169016.0,26.7784601149622
2024,40,Oklahoma,True,65547.0,18609.0,28.3903153462401
2024,41,Oregon,False,853972.0,227998.0,26.69853344137747
2024,41,Oregon,True,137328.0,37083.0,27.00323313526739
2024,42,Pennsylvania,False,2628221.0,675345.0,25.695898480378933
2024,42,Pennsylvania,True,377912.0,100956.0,26.714155676453778
2024,44,Rhode Island,False,243271.0,61329.0,25.210156574355345
2024,44,Rhode Island,True,41983.0,13015.0,31.000643117452302
2024,45,South Carolina,False,972266.0,276904.0,28.480271859758545
2024,45,South Carolina,True,104409.0,28720.0,27.507207233092934
2024,46,South Dakota,False,171626.0,46096.0,26.85840140771212
2024,46,South Dakota,True,14473.0,5722.0,39.535687141573966
2024,47,Tennessee,False,1310401.0,371931.0,28.382991160721033
2024,47,Tennessee,True,133728.0,42214.0,31.56706149796602
2024,48,Texas,False,4888706.0,1277212.0,26.125768250330456
2024,48,Texas,True,1606486.0,462955.0,28.817867071359476
2024,49,Utah,False,655750.0,171708.0,26.184979031643156
2024,49,Utah,True,92154.0,33302.0,36.137335329991096
2024,50,Vermont,False,179003.0,46951.0,26.229169343530558
2024,50,Vermont,True,14922.0,5054.0,33.86945449671626
2024,51,Virginia,False,1882071.0,449936.0,23.906430735078537
2024,51,Virginia,True,485035.0,124708.0,25.711134248043955
2024,53,Washington,False,1521740.0,371151.0,24.389908920052044
2024,53,Washington,True,500857.0,119620.0,23.883064427571142
2024,54,West Virginia,False,254874.0,69134.0,27.124775379206984
2024,54,West Virginia,True,13924.0,2762.0,19.836253950014363
2024,55,Wisconsin,False,1164646.0,303907.0,26.094366871993724
2024,55,Wisconsin,True,107409.0,26949.0,25.090076250593523
2024,56,Wyoming,False,104959.0,32598.0,31.057841633399708
2024,56,Wyoming,True,8684.0,3149.0,36.26209120221096
