YEAR,STATEFIP,nativity_group,weighted_denominator,weighted_numerator,brain_waste_rate_pct
2008,1,Foreign-born,1971300,741300.0,37.60462638867752
2008,1,US-born,40651900,14470300.0,35.59563021654584
2008,2,Foreign-born,642200,362600.0,56.462161320460915
2008,2,US-born,6966200,2614500.0,37.53122218713215
2008,4,Foreign-born,8211100,3028500.0,36.88299984167773
2008,4,US-born,52630400,18798200.0,35.717380069313556
2008,5,Foreign-born,907100,268500.0,29.599823613714033
2008,5,US-born,21851600,8774300.0,40.154039063501074
2008,6,Foreign-born,130999800,49322800.0,37.651049848931066
2008,6,US-born,288633500,94768800.0,32.833610790154296
2008,8,Foreign-born,6021600,2277600.0,37.82383419689119
2008,8,US-born,67663800,24495500.0,36.201779976885724
2008,9,Foreign-born,8190000,2816600.0,34.39072039072039
2008,9,US-born,44353700,15521400.0,34.994600225009414
2008,10,Foreign-born,1366200,395300.0,28.934270238618065
2008,10,US-born,8214000,2608400.0,31.75553932310689
2008,11,Foreign-born,2001500,629100.0,31.431426430177368
2008,11,US-born,8979800,2313600.0,25.76449364128377
2008,12,Foreign-born,44905600,21295000.0,47.42170241573434
2008,12,US-born,135819600,49853600.0,36.705747918562565
2008,13,Foreign-born,14468400,5972500.0,41.27961626717536
2008,13,US-born,96260400,34949400.0,36.30714187765685
2008,15,Foreign-born,2750400,1330600.0,48.37841768470041
2008,15,US-born,12708800,5188300.0,40.82446808510639
2008,16,Foreign-born,779000,192000.0,24.646983311938385
2008,16,US-born,13633300,4822400.0,35.37221362399419
2008,17,Foreign-born,28071400,10458200.0,37.25571221955442
2008,17,US-born,135607700,47547200.0,35.06231578295333
2008,18,Foreign-born,3471700,890500.0,25.650257798772934
2008,18,US-born,60210500,20895200.0,34.70358160121573
2008,19,Foreign-born,1662900,358500.0,21.55872271333213
2008,19,US-born,31090400,10768300.0,34.635450171113916
2008,20,Foreign-born,2553000,646900.0,25.33881707794751
2008,20,US-born,32561700,11297500.0,34.69567006636631
2008,21,Foreign-born,2002400,601100.0,30.01897722732721
2008,21,US-born,33623800,12483300.0,37.12638071841969
2008,22,Foreign-born,1748100,638100.0,36.50248841599451
2008,22,US-born,35632900,12111500.0,33.989655627243366
2008,23,Foreign-born,415600,85900.0,20.66891241578441
2008,23,US-born,13607100,4701600.0,34.552549771810305
2008,24,Foreign-born,16065000,4893600.0,30.46125116713352
2008,24,US-born,66890300,20237500.0,30.254760406217347
2008,25,Foreign-born,17385000,4721300.0,27.157319528329023
2008,25,US-born,90129100,29383900.0,32.60201200278268
2008,26,Foreign-born,10683900,2571000.0,24.064246202229523
2008,26,US-born,92972900,32850600.0,35.333521918752666
2008,27,Foreign-born,5715000,1551500.0,27.14785651793526
2008,27,US-born,67211000,23524200.0,35.00052074809183
2008,28,Foreign-born,1012700,345600.0,34.12659227806853
2008,28,US-born,22349200,7684000.0,34.381543858393144
2008,29,Foreign-born,3272200,873400.0,26.691522523073164
2008,29,US-born,60335600,20961100.0,34.740849515045845
2008,30,Foreign-born,307600,128600.0,41.8075422626788
2008,30,US-born,10790400,4263200.0,39.50919335705812
2008,31,Foreign-born,1071200,311400.0,29.070201643017178
2008,31,US-born,20646800,7389100.0,35.788112443574796
2008,32,Foreign-born,5372900,2890600.0,53.79962403915949
2008,32,US-born,18322200,7237400.0,39.50071497964218
2008,33,Foreign-born,1498000,555000.0,37.04939919893191
2008,33,US-born,17880000,6089700.0,34.058724832214764
2008,34,Foreign-born,35120400,12632700.0,35.96969282809991
2008,34,US-born,93545800,31259600.0,33.41635861791764
2008,35,Foreign-born,1382300,359200.0,25.985676047167765
2008,35,US-born,15990700,4885400.0,30.55150806406224
2008,36,Foreign-born,66781500,26177900.0,39.1993291555296
2008,36,US-born,197000300,67657800.0,34.344008613184855
2008,37,Foreign-born,8544100,3280100.0,38.390234196697136
2008,37,US-born,93371300,33237900.0,35.59755513739232
2008,38,Foreign-born,65900,35900.0,54.47647951441578
2008,38,US-born,7597100,3232300.0,42.54649800581801
2008,39,Foreign-born,8414400,2216500.0,26.341747480509603
2008,39,US-born,110964700,38212400.0,34.43653702483763
2008,40,Foreign-born,2046200,631800.0,30.876747141041932
2008,40,US-born,31469000,11239700.0,35.716737106358636
2008,41,Foreign-born,4589400,1558300.0,33.95432954198806
2008,41,US-born,38776900,14084300.0,36.321366586808125
2008,42,Foreign-born,12613400,3794200.0,30.080707818669033
2008,42,US-born,128740500,44795600.0,34.79526644684462
2008,44,Foreign-born,1143900,385900.0,33.735466386921935
2008,44,US-born,12282900,4311300.0,35.100017096939645
2008,45,Foreign-born,2320300,753400.0,32.469939231995866
2008,45,US-born,41108000,15748500.0,38.31006130193636
2008,46,Foreign-born,291900,219400.0,75.16272696128812
2008,46,US-born,8125100,3072300.0,37.812457692828396
2008,47,Foreign-born,3395300,1112200.0,32.757046505463435
2008,47,US-born,56578900,20512800.0,36.25521174854937
2008,48,Foreign-born,39396300,13823900.0,35.089335800570105
2008,48,US-born,202226200,67764800.0,33.50940679298726
2008,49,Foreign-born,2313300,943100.0,40.76859897116673
2008,49,US-born,24913600,7797600.0,31.2985678504913
2008,50,Foreign-born,391400,92400.0,23.607562595809913
2008,50,US-born,8529900,3113600.0,36.50218642657006
2008,51,Foreign-born,16907500,6020200.0,35.606683424515744
2008,51,US-born,89355800,28482700.0,31.875602926726636
2008,53,Foreign-born,12319000,3862900.0,31.3572530237844
2008,53,US-born,70014300,25149800.0,35.920947577851955
2008,54,Foreign-born,534500,121700.0,22.768942937324603
2008,54,US-born,12921900,4220500.0,32.66160549145249
2008,55,Foreign-born,3380100,1042600.0,30.84524126505133
2008,55,US-born,60324100,20992900.0,34.800187653027564
2008,56,Foreign-born,122400,18300.0,14.950980392156863
2008,56,US-born,4905000,1911300.0,38.96636085626911
2009,1,Foreign-born,2085400,614400.0,29.461973722067707
2009,1,US-born,39530600,13760600.0,34.809995294784294
2009,2,Foreign-born,479300,201000.0,41.936156895472564
2009,2,US-born,6988500,2187900.0,31.307147456535738
2009,4,Foreign-born,8147900,2762100.0,33.899532394850205
2009,4,US-born,51848900,18264700.0,35.22678398191669
2009,5,Foreign-born,769700,192300.0,24.983759906457063
2009,5,US-born,21474600,7046700.0,32.81411528037775
2009,6,Foreign-born,129612400,45185100.0,34.861710762241884
2009,6,US-born,289696200,94644100.0,32.67012132019681
2009,8,Foreign-born,6050700,2309000.0,38.16087394846877
2009,8,US-born,66943100,23686300.0,35.3827354873019
2009,9,Foreign-born,7458700,2327000.0,31.198466220655074
2009,9,US-born,44684100,15156000.0,33.91810509778646
2009,10,Foreign-born,1386300,409800.0,29.56070114693789
2009,10,US-born,8896300,2914200.0,32.757438485662576
2009,11,Foreign-born,1841800,272700.0,14.80616787924856
2009,11,US-born,9562100,2397000.0,25.06771525083402
2009,12,Foreign-born,42181300,18655100.0,44.225995879690764
2009,12,US-born,132071000,48557000.0,36.765830500261224
2009,13,Foreign-born,14158400,4833300.0,34.13733190190982
2009,13,US-born,94131100,33388800.0,35.47052993112797
2009,15,Foreign-born,3013800,1239200.0,41.11752604685115
2009,15,US-born,12734400,5235000.0,41.10912174896344
2009,16,Foreign-born,776600,297500.0,38.30800927118207
2009,16,US-born,12899900,4397300.0,34.087861146210436
2009,17,Foreign-born,25594600,8997100.0,35.152336821048195
2009,17,US-born,137034500,47236400.0,34.47044357442834
2009,18,Foreign-born,3800100,1109600.0,29.199231599168442
2009,18,US-born,57784400,20051400.0,34.70036895771177
2009,19,Foreign-born,1542100,426900.0,27.68302963491343
2009,19,US-born,32438200,11433400.0,35.246715292463826
2009,20,Foreign-born,2161700,500000.0,23.12994402553546
2009,20,US-born,32819700,11276400.0,34.35863216299966
2009,21,Foreign-born,1821500,580600.0,31.874828438100465
2009,21,US-born,36802300,13169300.0,35.78390481029719
2009,22,Foreign-born,2430500,888400.0,36.55214976342317
2009,22,US-born,36906600,11924700.0,32.31048105216953
2009,23,Foreign-born,668600,116500.0,17.424469039784622
2009,23,US-born,14429000,4982600.0,34.531845588744886
2009,24,Foreign-born,15586700,4645300.0,29.802973047534113
2009,24,US-born,68834300,20634300.0,29.976770302015126
2009,25,Foreign-born,18387700,5508500.0,29.957525954850254
2009,25,US-born,90779400,29605300.0,32.61235478533676
2009,26,Foreign-born,10586500,2729400.0,25.781892032305294
2009,26,US-born,89689000,31482300.0,35.101628962303074
2009,27,Foreign-born,5882200,1624100.0,27.61041787086464
2009,27,US-born,65857200,23708300.0,35.99955661643677
2009,28,Foreign-born,762900,172000.0,22.54554987547516
2009,28,US-born,22535000,7690400.0,34.12646993565565
2009,29,Foreign-born,4079600,1151500.0,28.225806451612907
2009,29,US-born,60543700,21334800.0,35.23867883859097
2009,30,Foreign-born,399800,128700.0,32.191095547773884
2009,30,US-born,10010400,3497900.0,34.94265963398066
2009,31,Foreign-born,937900,461800.0,49.23765859899776
2009,31,US-born,20152800,6887200.0,34.17490373546108
2009,32,Foreign-born,4507400,2213200.0,49.10147757021787
2009,32,US-born,17877600,7022500.0,39.28099968675885
2009,33,Foreign-born,1357000,497700.0,36.6764922623434
2009,33,US-born,17512300,5808000.0,33.165260987991296
2009,34,Foreign-born,33252300,10980100.0,33.02057301299459
2009,34,US-born,92506800,31495400.0,34.04657819749467
2009,35,Foreign-born,1533100,579300.0,37.78618485421695
2009,35,US-born,17076200,5524600.0,32.35263114744498
2009,36,Foreign-born,64338000,24815400.0,38.57036277161242
2009,36,US-born,199288000,65853000.0,33.04413712817631
2009,37,Foreign-born,8710600,3156700.0,36.239753863109314
2009,37,US-born,92845100,32026100.0,34.494119775841696
2009,38,Foreign-born,362200,136100.0,37.57592490336831
2009,38,US-born,7326800,2885500.0,39.38281377954905
2009,39,Foreign-born,8403000,1931400.0,22.984648339878618
2009,39,US-born,109945800,36342300.0,33.05474151809346
2009,40,Foreign-born,2335900,696700.0,29.82576308917334
2009,40,US-born,30618300,11073400.0,36.16595304115513
2009,41,Foreign-born,4273000,1447000.0,33.86379592791949
2009,41,US-born,38634200,13450400.0,34.814749625979054
2009,42,Foreign-born,12592300,3449000.0,27.389754056050126
2009,42,US-born,129218400,43865400.0,33.94671347114652
2009,44,Foreign-born,1248500,514800.0,41.23348017621145
2009,44,US-born,12662200,4273800.0,33.752428487940485
2009,45,Foreign-born,2786400,906000.0,32.51507321274763
2009,45,US-born,41227100,15309300.0,37.134069580445875
2009,46,Foreign-born,223400,44000.0,19.695613249776187
2009,46,US-born,8191600,2914200.0,35.57546755212657
2009,47,Foreign-born,3824200,1266600.0,33.120652685529
2009,47,US-born,58172800,20872000.0,35.87931129325045
2009,48,Foreign-born,40660600,12495700.0,30.73171571496732
2009,48,US-born,201947500,64861400.0,32.11795144777727
2009,49,Foreign-born,2065900,788400.0,38.16254416961131
2009,49,US-born,25207700,8346300.0,33.11012111378666
2009,50,Foreign-born,367200,155800.0,42.429193899782135
2009,50,US-born,8272600,2751600.0,33.26161061818533
2009,51,Foreign-born,16428700,5509100.0,33.533389738689
2009,51,US-born,89626400,28185800.0,31.448100113359455
2009,53,Foreign-born,12662500,4005700.0,31.63435340572557
2009,53,US-born,67603100,23143700.0,34.234672670336124
2009,54,Foreign-born,464500,53800.0,11.582346609257266
2009,54,US-born,13077900,4261400.0,32.58474219867104
2009,55,Foreign-born,3422700,866700.0,25.322114120431237
2009,55,US-born,58683000,19109600.0,32.564115672341224
2009,56,Foreign-born,150600,33000.0,21.91235059760956
2009,56,US-born,5137500,1683500.0,32.76885644768856
2010,1,Foreign-born,2270700,724000.0,31.8844409213018
2010,1,US-born,39563300,13685800.0,34.59215990577126
2010,2,Foreign-born,690500,337100.0,48.81969587255612
2010,2,US-born,7895100,2819200.0,35.708224088358605
2010,4,Foreign-born,7227200,2790200.0,38.60692937790569
2010,4,US-born,51841900,17345000.0,33.45749287738297
2010,5,Foreign-born,1235100,408300.0,33.05805197959679
2010,5,US-born,21728700,7473400.0,34.39414230948009
2010,6,Foreign-born,124828800,45884100.0,36.757623240790586
2010,6,US-born,283184300,92886400.0,32.80068845624563
2010,8,Foreign-born,5233000,2073200.0,39.61781005159564
2010,8,US-born,67930800,24480300.0,36.0371142397852
2010,9,Foreign-born,7529600,2599300.0,34.52109009774756
2010,9,US-born,43939700,14273400.0,32.484063386868826
2010,10,Foreign-born,1468300,442700.0,30.150514200095348
2010,10,US-born,8618500,2649600.0,30.743168764866276
2010,11,Foreign-born,1923900,467700.0,24.309995322002184
2010,11,US-born,9639200,2195400.0,22.775749024815337
2010,12,Foreign-born,42498800,19098700.0,44.93938652385479
2010,12,US-born,132032100,47704700.0,36.131137806639444
2010,13,Foreign-born,13294200,4768400.0,35.868273382377275
2010,13,US-born,90658600,32390000.0,35.72744339753757
2010,15,Foreign-born,3235700,1713600.0,52.95917421268969
2010,15,US-born,13262100,5234900.0,39.472632539341426
2010,16,Foreign-born,734900,201400.0,27.405089127772484
2010,16,US-born,13309200,4490200.0,33.73756499263667
2010,17,Foreign-born,25324900,9524300.0,37.60844070460298
2010,17,US-born,138099700,48328400.0,34.995296876097484
2010,18,Foreign-born,4119200,1163200.0,28.2384929112449
2010,18,US-born,57964800,20148900.0,34.76057883405101
2010,19,Foreign-born,1974700,475600.0,24.084671089279382
2010,19,US-born,32038700,11094200.0,34.62749737036771
2010,20,Foreign-born,2201600,790000.0,35.88299418604651
2010,20,US-born,33167300,12017200.0,36.232071950384864
2010,21,Foreign-born,2226500,712700.0,32.0098809791152
2010,21,US-born,35827700,12814900.0,35.76813471141044
2010,22,Foreign-born,2560900,889000.0,34.71435823343356
2010,22,US-born,36885700,12938100.0,35.07619483973464
2010,23,Foreign-born,860900,258100.0,29.98025322337089
2010,23,US-born,14446000,5460300.0,37.798006368544925
2010,24,Foreign-born,16562800,5053800.0,30.512956746443837
2010,24,US-born,66853700,19644500.0,29.384312311809218
2010,25,Foreign-born,15971000,4758600.0,29.795253897689562
2010,25,US-born,89182300,29650300.0,33.24684382439116
2010,26,Foreign-born,9939800,2490200.0,25.052817964144147
2010,26,US-born,90773400,31460900.0,34.65872160787191
2010,27,Foreign-born,5826100,1957100.0,33.59193971953794
2010,27,US-born,67532600,23174100.0,34.31542691973951
2010,28,Foreign-born,771500,278300.0,36.07258587167855
2010,28,US-born,21956200,7670600.0,34.93591787285596
2010,29,Foreign-born,3713500,1199100.0,32.290292177191326
2010,29,US-born,60879200,21485500.0,35.29202092011722
2010,30,Foreign-born,171200,31900.0,18.63317757009346
2010,30,US-born,12081200,4504100.0,37.281892527232394
2010,31,Foreign-born,1046900,376600.0,35.972872289616966
2010,31,US-born,21440000,7631500.0,35.5946828358209
2010,32,Foreign-born,4980300,2543000.0,51.061181053350204
2010,32,US-born,17014200,6525400.0,38.35267012260347
2010,33,Foreign-born,1361100,393900.0,28.939828080229223
2010,33,US-born,17633100,6431200.0,36.472316268835314
2010,34,Foreign-born,34048300,11856000.0,34.821121759383
2010,34,US-born,93121100,31540100.0,33.86998220596621
2010,35,Foreign-born,1566600,533800.0,34.07379037405847
2010,35,US-born,16543300,5158500.0,31.181807740898126
2010,36,Foreign-born,61881700,23421900.0,37.8494773091237
2010,36,US-born,195955700,65649500.0,33.5022150414609
2010,37,Foreign-born,8149600,2802000.0,34.382055561009125
2010,37,US-born,92132700,34033100.0,36.939219191448856
2010,38,Foreign-born,309300,103200.0,33.365664403491756
2010,38,US-born,8294700,3276100.0,39.49630486937442
2010,39,Foreign-born,8607100,2062100.0,23.95812759233656
2010,39,US-born,110518700,37258600.0,33.712484855504094
2010,40,Foreign-born,2150400,845800.0,39.33221726190476
2010,40,US-born,31608900,11915300.0,37.69602865015866
2010,41,Foreign-born,4012600,1426500.0,35.55051587499377
2010,41,US-born,37496100,13419100.0,35.78798861748289
2010,42,Foreign-born,12772800,3998000.0,31.30088938995365
2010,42,US-born,130731600,44460900.0,34.00929844046887
2010,44,Foreign-born,1291200,445200.0,34.479553903345725
2010,44,US-born,11714500,3816900.0,32.58269665798797
2010,45,Foreign-born,2660700,1035600.0,38.92208817228549
2010,45,US-born,41846000,15868100.0,37.92023132437987
2010,46,Foreign-born,366000,110600.0,30.218579234972676
2010,46,US-born,9877400,3565700.0,36.09958086136027
2010,47,Foreign-born,3601500,1249100.0,34.682771067610716
2010,47,US-born,57234500,19376300.0,33.85423127659017
2010,48,Foreign-born,41364400,13707300.0,33.137915695622326
2010,48,US-born,207819400,68086100.0,32.762148288369616
2010,49,Foreign-born,2208300,1024700.0,46.402209844676904
2010,49,US-born,24801900,8430500.0,33.99134743709151
2010,50,Foreign-born,425600,163600.0,38.43984962406015
2010,50,US-born,8173600,2848300.0,34.847557991582654
2010,51,Foreign-born,17143300,5643000.0,32.91664965321729
2010,51,US-born,92388600,28817900.0,31.192051833234835
2010,53,Foreign-born,11081000,3548700.0,32.025087988448696
2010,53,US-born,68373700,24180000.0,35.36447493700063
2010,54,Foreign-born,415500,98700.0,23.75451263537906
2010,54,US-born,13506300,4701200.0,34.80746022226665
2010,55,Foreign-born,3300600,937200.0,28.394837302308673
2010,55,US-born,61198600,20586900.0,33.639495021127935
2010,56,Foreign-born,217100,46000.0,21.188392445877476
2010,56,US-born,5363100,1713900.0,31.957263522962464
2011,1,Foreign-born,1935500,635000.0,32.80805993283389
2011,1,US-born,39680200,13769300.0,34.7006819522079
2011,2,Foreign-born,582800,213200.0,36.58201784488676
2011,2,US-born,7050800,1856800.0,26.334600329040676
2011,4,Foreign-born,7467600,3026600.0,40.52975520917028
2011,4,US-born,51991700,18572200.0,35.72147092709029
2011,5,Foreign-born,981600,253000.0,25.774246128769356
2011,5,US-born,22741900,7949900.0,34.95706163513163
2011,6,Foreign-born,127628300,46113700.0,36.13124988736824
2011,6,US-born,287337400,96239100.0,33.49341227421143
2011,8,Foreign-born,6472100,2653900.0,41.00523786715286
2011,8,US-born,66913800,24289800.0,36.30013539807932
2011,9,Foreign-born,8016300,2696400.0,33.636465701133936
2011,9,US-born,45032400,14853900.0,32.984917526047916
2011,10,Foreign-born,1619800,460700.0,28.441782936164962
2011,10,US-born,8557500,2904800.0,33.94449313467718
2011,11,Foreign-born,2318400,560000.0,24.154589371980677
2011,11,US-born,10907800,2495400.0,22.877207136177784
2011,12,Foreign-born,43871900,19193200.0,43.748276231483025
2011,12,US-born,134502000,48971500.0,36.409495769579635
2011,13,Foreign-born,13933100,5577400.0,40.02985695932707
2011,13,US-born,93181100,32952700.0,35.364145733415896
2011,15,Foreign-born,2894400,1199400.0,41.43864013266999
2011,15,US-born,13340800,5071400.0,38.0142120412569
2011,16,Foreign-born,777100,191800.0,24.68150817140651
2011,16,US-born,13983100,5203800.0,37.214923729359015
2011,17,Foreign-born,26200000,10052200.0,38.36717557251909
2011,17,US-born,138146100,48319000.0,34.97673839507594
2011,18,Foreign-born,4168300,1190500.0,28.56080416476741
2011,18,US-born,58198800,20826100.0,35.78441479893056
2011,19,Foreign-born,1529800,352600.0,23.048764544384888
2011,19,US-born,32244200,11316400.0,35.095924228233294
2011,20,Foreign-born,2638400,938100.0,35.55563978168587
2011,20,US-born,33274200,11396800.0,34.251161560608516
2011,21,Foreign-born,2146300,524400.0,24.43274472347761
2011,21,US-born,36045600,12658400.0,35.117739751869856
2011,22,Foreign-born,2384800,717100.0,30.069607514256962
2011,22,US-born,35032300,11960000.0,34.13992230027717
2011,23,Foreign-born,751100,383700.0,51.08507522300626
2011,23,US-born,15437800,5355900.0,34.69341486481235
2011,24,Foreign-born,16480700,5447600.0,33.05442123210786
2011,24,US-born,69195900,20461900.0,29.570971690519237
2011,25,Foreign-born,17499600,5810600.0,33.20418752428627
2011,25,US-born,89373200,30080400.0,33.657069457063194
2011,26,Foreign-born,10557300,2788900.0,26.41679217224101
2011,26,US-born,89861200,30463700.0,33.9008381815511
2011,27,Foreign-born,6341800,2172700.0,34.259989277492195
2011,27,US-born,68102200,23505200.0,34.51459717894576
2011,28,Foreign-born,693200,341000.0,49.19215233698788
2011,28,US-born,22385100,7635400.0,34.109295915586706
2011,29,Foreign-born,4236200,1385200.0,32.69911713327983
2011,29,US-born,62637700,22115300.0,35.30669229553448
2011,30,Foreign-born,320100,168300.0,52.57731958762887
2011,30,US-born,11727200,4550100.0,38.79954294290197
2011,31,Foreign-born,907300,329000.0,36.261435027003195
2011,31,US-born,20181600,7762200.0,38.46176715423951
2011,32,Foreign-born,4707600,2384000.0,50.64151584671595
2011,32,US-born,17595900,7533000.0,42.811109406168484
2011,33,Foreign-born,1324300,456800.0,34.493694782149056
2011,33,US-born,16998400,5365100.0,31.56238234186747
2011,34,Foreign-born,35951700,12754800.0,35.47759911214212
2011,34,US-born,91622600,30621200.0,33.421011846422175
2011,35,Foreign-born,1164300,330500.0,28.3861547711071
2011,35,US-born,17391000,5846600.0,33.618538324420676
2011,36,Foreign-born,67744200,26318100.0,38.84922989717201
2011,36,US-born,197272500,67708900.0,34.32252341304541
2011,37,Foreign-born,7969500,2392600.0,30.021958717610893
2011,37,US-born,93572500,34000600.0,36.33610302172113
2011,38,Foreign-born,368000,123300.0,33.505434782608695
2011,38,US-born,7733900,2611000.0,33.76045720787701
2011,39,Foreign-born,8798800,2296000.0,26.09446742737646
2011,39,US-born,109760700,36692000.0,33.42908709583667
2011,40,Foreign-born,2223800,774300.0,34.818778667146326
2011,40,US-born,33459700,11980900.0,35.806955830446775
2011,41,Foreign-born,4410700,1585200.0,35.939873489468795
2011,41,US-born,37539300,13463400.0,35.86481367526832
2011,42,Foreign-born,12621900,3958700.0,31.363740799721118
2011,42,US-born,131935700,45112500.0,34.19279239811514
2011,44,Foreign-born,1668600,707000.0,42.37084981421551
2011,44,US-born,12233100,4318500.0,35.3017632488903
2011,45,Foreign-born,2432400,1096500.0,45.07893438579181
2011,45,US-born,39009900,15225200.0,39.02906698043317
2011,46,Foreign-born,229900,69500.0,30.230535015224007
2011,46,US-born,8895300,3172000.0,35.65928074376356
2011,47,Foreign-born,4019600,1355600.0,33.72474873121703
2011,47,US-born,58698000,21573500.0,36.75338171658319
2011,48,Foreign-born,42770700,14077200.0,32.91318589595213
2011,48,US-born,214754400,69535600.0,32.37912704000477
2011,49,Foreign-born,2404800,1103100.0,45.87075848303393
2011,49,US-born,25692900,8218800.0,31.98860385553986
2011,50,Foreign-born,573100,246700.0,43.046588727970686
2011,50,US-born,9519500,2979400.0,31.297862282682914
2011,51,Foreign-born,18945700,6090100.0,32.145024992478504
2011,51,US-born,93328000,29457600.0,31.563517915309447
2011,53,Foreign-born,11919000,4385600.0,36.795033140364126
2011,53,US-born,68562000,23268500.0,33.93789562731542
2011,54,Foreign-born,439300,58300.0,13.27111313453221
2011,54,US-born,14477900,4442400.0,30.684008039840034
2011,55,Foreign-born,3829300,1141400.0,29.80701433682396
2011,55,US-born,60033800,21040600.0,35.04792300337476
2011,56,Foreign-born,246800,129100.0,52.3095623987034
2011,56,US-born,5342900,1927600.0,36.077785472309046
2012,1,Foreign-born,2309000,825000.0,35.7297531398874
2012,1,US-born,41273100,14586800.0,35.34214779117634
2012,2,Foreign-born,840800,392000.0,46.62226450999049
2012,2,US-born,7967100,2582000.0,32.408279047583186
2012,4,Foreign-born,8668200,3254200.0,37.541819524238015
2012,4,US-born,54416100,19571600.0,35.96656136694838
2012,5,Foreign-born,1141300,370800.0,32.489266625777624
2012,5,US-born,23916400,8133600.0,34.00846281212891
2012,6,Foreign-born,131031400,49043900.0,37.42912004298206
2012,6,US-born,295413200,101831600.0,34.470903805246344
2012,8,Foreign-born,6001200,2121400.0,35.3495967473172
2012,8,US-born,69805100,25281300.0,36.216981280737365
2012,9,Foreign-born,8611800,3400600.0,39.4876796953018
2012,9,US-born,45536200,14487700.0,31.81578612181078
2012,10,Foreign-born,1442800,566200.0,39.24313834211256
2012,10,US-born,9370200,3201500.0,34.16682674862863
2012,11,Foreign-born,2372400,674600.0,28.435339740347327
2012,11,US-born,11354400,2596600.0,22.868667653068414
2012,12,Foreign-born,47445200,22012800.0,46.396263478708065
2012,12,US-born,138394900,49570100.0,35.817866120789134
2012,13,Foreign-born,13726700,4958200.0,36.120844776967516
2012,13,US-born,94431500,34728000.0,36.775863986063975
2012,15,Foreign-born,2795200,1471800.0,52.654550658271326
2012,15,US-born,13594100,5217700.0,38.38209223118853
2012,16,Foreign-born,605100,290300.0,47.97554123285408
2012,16,US-born,13915300,4672500.0,33.57814779415463
2012,17,Foreign-born,25398900,8887100.0,34.990097996369926
2012,17,US-born,141620900,51442500.0,36.324087758233425
2012,18,Foreign-born,4174700,1214000.0,29.079933887464964
2012,18,US-born,58617500,22004500.0,37.53913080564678
2012,19,Foreign-born,2091900,633100.0,30.264352980544
2012,19,US-born,32744200,11961900.0,36.53135517129751
2012,20,Foreign-born,2467900,798300.0,32.34733984359172
2012,20,US-born,32764700,12237800.0,37.35056325862895
2012,21,Foreign-born,1809900,601100.0,33.211779656334606
2012,21,US-born,37682900,13896500.0,36.87746962149941
2012,22,Foreign-born,2410400,686800.0,28.49319615001659
2012,22,US-born,38136100,12738600.0,33.40299611129612
2012,23,Foreign-born,686700,220800.0,32.15377894276977
2012,23,US-born,14862900,5634400.0,37.9091563557583
2012,24,Foreign-born,16724800,5312100.0,31.761814790012437
2012,24,US-born,69441000,20593600.0,29.656254950245533
2012,25,Foreign-born,16519300,4958600.0,30.01701040600994
2012,25,US-born,91023800,30873000.0,33.91750289484728
2012,26,Foreign-born,11117700,3033900.0,27.288917671820613
2012,26,US-born,91372700,32760700.0,35.85392573492958
2012,27,Foreign-born,6983800,2252700.0,32.256078352759246
2012,27,US-born,69238600,25046500.0,36.17418607539725
2012,28,Foreign-born,623900,194900.0,31.238980605866324
2012,28,US-born,23288000,8392600.0,36.03830298866369
2012,29,Foreign-born,3679500,890700.0,24.20709335507542
2012,29,US-born,62072500,22723800.0,36.608482016996255
2012,30,Foreign-born,260200,124500.0,47.847809377402
2012,30,US-born,10714700,3900800.0,36.40605896571999
2012,31,Foreign-born,1152500,393100.0,34.108459869848154
2012,31,US-born,23424800,7925100.0,33.83209248318022
2012,32,Foreign-born,4916000,2644200.0,53.78763222131815
2012,32,US-born,18683300,7578300.0,40.56189217108327
2012,33,Foreign-born,1425600,287400.0,20.15993265993266
2012,33,US-born,18327300,6140800.0,33.506299345784704
2012,34,Foreign-born,34917600,12381400.0,35.458908974270855
2012,34,US-born,95288100,31682300.0,33.248957634793854
2012,35,Foreign-born,1622300,499200.0,30.77112741169944
2012,35,US-born,17717700,5613100.0,31.680748629901174
2012,36,Foreign-born,68856800,26868800.0,39.02127313496997
2012,36,US-born,200229200,67516300.0,33.71950744446864
2012,37,Foreign-born,9066100,3029800.0,33.41900045223415
2012,37,US-born,96283800,35406200.0,36.77274889441422
2012,38,Foreign-born,475300,303300.0,63.81232905533347
2012,38,US-born,7983800,2573800.0,32.237781507552796
2012,39,Foreign-born,7753700,2393400.0,30.8678437391181
2012,39,US-born,112355200,39381700.0,35.05107017743727
2012,40,Foreign-born,1938600,574400.0,29.629629629629626
2012,40,US-born,32812000,11944600.0,36.40314519078386
2012,41,Foreign-born,4565800,1632300.0,35.75058040212011
2012,41,US-born,39300400,14011400.0,35.65205443201596
2012,42,Foreign-born,13176200,4411600.0,33.48158042531231
2012,42,US-born,136102900,46357900.0,34.060920083260534
2012,44,Foreign-born,1466600,453500.0,30.921860084549298
2012,44,US-born,12199600,4276800.0,35.05688711105282
2012,45,Foreign-born,3116800,1253700.0,40.2239476386037
2012,45,US-born,43780100,16975500.0,38.77446602451799
2012,46,Foreign-born,343300,85100.0,24.78881444800466
2012,46,US-born,9116800,3180200.0,34.88285363285363
2012,47,Foreign-born,4436500,1599200.0,36.046432998985686
2012,47,US-born,60185100,21486000.0,35.69986591365637
2012,48,Foreign-born,44608500,15144100.0,33.94891108196869
2012,48,US-born,217159700,71896800.0,33.10780038837777
2012,49,Foreign-born,2768800,1118900.0,40.411008379081196
2012,49,US-born,26991800,8637900.0,32.001941330329956
2012,50,Foreign-born,518600,189600.0,36.55996914770536
2012,50,US-born,8612700,2806700.0,32.587922486560544
2012,51,Foreign-born,19819100,7573600.0,38.213642395467
2012,51,US-born,95595500,30564700.0,31.972948517451133
2012,53,Foreign-born,11794500,4339100.0,36.789181398109285
2012,53,US-born,69017000,23444800.0,33.96960169233667
2012,54,Foreign-born,414800,64600.0,15.573770491803279
2012,54,US-born,13693500,4487400.0,32.770292474531715
2012,55,Foreign-born,3663800,873300.0,23.835908073584804
2012,55,US-born,63102200,21652800.0,34.313859104753874
2012,56,Foreign-born,228400,127500.0,55.823117338003506
2012,56,US-born,5511200,1913800.0,34.725649586296996
2013,1,Foreign-born,2152100,611800.0,28.428047023837184
2013,1,US-born,39677800,13769200.0,34.70252887004824
2013,2,Foreign-born,564500,336400.0,59.592559787422495
2013,2,US-born,7520000,2980600.0,39.63563829787234
2013,4,Foreign-born,7906600,2888400.0,36.53150532466547
2013,4,US-born,54895500,19536100.0,35.587798635589444
2013,5,Foreign-born,1330800,359500.0,27.013826269912833
2013,5,US-born,22015300,8054100.0,36.58410287391042
2013,6,Foreign-born,130233200,47112300.0,36.17533777869238
2013,6,US-born,297219600,100094700.0,33.677018608463236
2013,8,Foreign-born,6097400,2372300.0,38.906747138124445
2013,8,US-born,71329300,27173500.0,38.09584560622353
2013,9,Foreign-born,8627400,2851400.0,33.05051348030693
2013,9,US-born,46300400,15450100.0,33.36925814895768
2013,10,Foreign-born,1479600,327200.0,22.11408488780752
2013,10,US-born,9654500,3068100.0,31.77896317779274
2013,11,Foreign-born,2287700,434300.0,18.98413253486034
2013,11,US-born,11403100,2620600.0,22.98146995115363
2013,12,Foreign-born,47952800,21499900.0,44.83554662084383
2013,12,US-born,140171300,52655500.0,37.5651078359122
2013,13,Foreign-born,13776100,5245100.0,38.073910613308556
2013,13,US-born,95378900,34704500.0,36.38593022146407
2013,15,Foreign-born,3245000,1668500.0,51.41756548536209
2013,15,US-born,14581900,5871600.0,40.26635760771916
2013,16,Foreign-born,765600,233700.0,30.525078369905955
2013,16,US-born,14167900,5434700.0,38.35924872422871
2013,17,Foreign-born,27565500,10175500.0,36.91389599317988
2013,17,US-born,145175500,51290000.0,35.32965273066048
2013,18,Foreign-born,4231700,1530200.0,36.1604083465274
2013,18,US-born,59050500,21084200.0,35.70537082666531
2013,19,Foreign-born,2021200,471600.0,23.33267365921235
2013,19,US-born,31556100,10819200.0,34.28560563567741
2013,20,Foreign-born,2139000,554900.0,25.94202898550725
2013,20,US-born,34109300,11718900.0,34.35690559466187
2013,21,Foreign-born,2537800,787000.0,31.011111986760188
2013,21,US-born,37601200,13339700.0,35.47679329383105
2013,22,Foreign-born,2485500,895600.0,36.03299134982901
2013,22,US-born,38517800,13011300.0,33.77996666476278
2013,23,Foreign-born,621900,164800.0,26.499437208554433
2013,23,US-born,14490300,5012000.0,34.588655859437
2013,24,Foreign-born,17260200,5385100.0,31.19952260112861
2013,24,US-born,70759000,21605500.0,30.533925013072544
2013,25,Foreign-born,17919500,5138600.0,28.67602332654371
2013,25,US-born,89981000,29426700.0,32.703237350107244
2013,26,Foreign-born,11218300,2911800.0,25.955804355383616
2013,26,US-born,93545100,33042300.0,35.32232046360526
2013,27,Foreign-born,6640300,2163200.0,32.57684140776772
2013,27,US-born,69600900,24373500.0,35.01894372055534
2013,28,Foreign-born,961900,373600.0,38.83979623661503
2013,28,US-born,21714300,7830500.0,36.06148943323063
2013,29,Foreign-born,3703500,879700.0,23.753206426353447
2013,29,US-born,63256300,23110400.0,36.53454280443213
2013,30,Foreign-born,348900,175300.0,50.24362281456004
2013,30,US-born,10796700,4092500.0,37.9051006326007
2013,31,Foreign-born,1169500,365600.0,31.26122274476272
2013,31,US-born,22414600,7908300.0,35.28191446646382
2013,32,Foreign-born,5062200,2631500.0,51.98332740705622
2013,32,US-born,18153100,6915800.0,38.0970743289025
2013,33,Foreign-born,1377800,544600.0,39.52678182609958
2013,33,US-born,17485500,5962600.0,34.100254496582885
2013,34,Foreign-born,36507800,13093800.0,35.86576019371203
2013,34,US-born,93563600,31506400.0,33.67377911923013
2013,35,Foreign-born,1831600,529000.0,28.881851932736406
2013,35,US-born,16152300,5062300.0,31.341047405013526
2013,36,Foreign-born,67695600,26102800.0,38.55907917205845
2013,36,US-born,206058100,69584000.0,33.76911657440304
2013,37,Foreign-born,9834500,2907400.0,29.563272154151203
2013,37,US-born,99739600,36165400.0,36.259820572771496
2013,38,Foreign-born,258300,77300.0,29.926442121564072
2013,38,US-born,8613300,3397200.0,39.441329107310786
2013,39,Foreign-born,8660400,2514500.0,29.03445568334026
2013,39,US-born,114019200,39470100.0,34.61706449440094
2013,40,Foreign-born,2115100,676300.0,31.97484752493972
2013,40,US-born,33131400,12411000.0,37.45993226968978
2013,41,Foreign-born,4479200,1529000.0,34.13555992141454
2013,41,US-born,38662200,13553900.0,35.0572393707549
2013,42,Foreign-born,14597800,4862500.0,33.30981380756005
2013,42,US-born,136688800,46619200.0,34.1060862338392
2013,44,Foreign-born,1567100,487500.0,31.10841682087933
2013,44,US-born,12065200,4243900.0,35.17471736896197
2013,45,Foreign-born,2590100,878800.0,33.92919192309177
2013,45,US-born,43910300,16429900.0,37.4169613963011
2013,46,Foreign-born,379700,170800.0,44.98288122201738
2013,46,US-born,8843300,3282800.0,37.121888887632444
2013,47,Foreign-born,4244100,1744700.0,41.10883343936288
2013,47,US-born,60486000,21640700.0,35.77803127996561
2013,48,Foreign-born,49702200,16369700.0,32.935564220497284
2013,48,US-born,222612600,74703100.0,33.55744463700617
2013,49,Foreign-born,2667400,990500.0,37.13353827697383
2013,49,US-born,26616700,8920400.0,33.51429741478095
2013,50,Foreign-born,468900,206200.0,43.975261249733414
2013,50,US-born,8119500,2882500.0,35.50095449227169
2013,51,Foreign-born,18962300,6877200.0,36.26775232962246
2013,51,US-born,97116900,31155800.0,32.08071921570808
2013,53,Foreign-born,12651000,4430700.0,35.022527863410005
2013,53,US-born,70716500,25152700.0,35.56836099071645
2013,54,Foreign-born,524600,130200.0,24.818909645444148
2013,54,US-born,14048800,4502800.0,32.051136040088835
2013,55,Foreign-born,3427200,1005800.0,29.347572362278246
2013,55,US-born,63156800,22293800.0,35.299128518227654
2013,56,Foreign-born,345300,107400.0,31.10338835794961
2013,56,US-born,6166600,2477100.0,40.16962345538871
2014,1,Foreign-born,2150500,864100.0,40.18135317368054
2014,1,US-born,40751300,14992700.0,36.79072814854986
2014,2,Foreign-born,1071100,440200.0,41.09793670058818
2014,2,US-born,7697900,2772500.0,36.016316138167554
2014,4,Foreign-born,8338100,2781100.0,33.35412144253487
2014,4,US-born,54059700,19844700.0,36.708860759493675
2014,5,Foreign-born,1466400,502000.0,34.233496999454445
2014,5,US-born,23385600,8206600.0,35.09253557744937
2014,6,Foreign-born,132447100,47024700.0,35.50451463263447
2014,6,US-born,305686800,102636300.0,33.575640165031665
2014,8,Foreign-born,6625800,2216000.0,33.445017960095385
2014,8,US-born,71573000,26089200.0,36.451175722688724
2014,9,Foreign-born,8117900,2734000.0,33.67866073738282
2014,9,US-born,45093100,14647800.0,32.483461993076546
2014,10,Foreign-born,1504200,434600.0,28.89243451668661
2014,10,US-born,9644500,3288700.0,34.09922753901187
2014,11,Foreign-born,2008200,498200.0,24.80828602728812
2014,11,US-born,11884400,2897900.0,24.38406650735418
2014,12,Foreign-born,48807700,21317400.0,43.67630517315915
2014,12,US-born,140876400,51892900.0,36.835765252377264
2014,13,Foreign-born,14105500,5084100.0,36.04338733118288
2014,13,US-born,98085700,35108600.0,35.79380072732315
2014,15,Foreign-born,3073200,1415900.0,46.07249772224392
2014,15,US-born,14339900,5493600.0,38.309890585011054
2014,16,Foreign-born,822100,253500.0,30.83566476097798
2014,16,US-born,13835900,4313600.0,31.176865979083402
2014,17,Foreign-born,27348800,10229700.0,37.404566196688705
2014,17,US-born,146866600,51873500.0,35.32014767142427
2014,18,Foreign-born,4334400,1334200.0,30.781653746770026
2014,18,US-born,61426500,22821400.0,37.15236909151587
2014,19,Foreign-born,2384500,595000.0,24.952820297756343
2014,19,US-born,34149900,11895300.0,34.83260565916738
2014,20,Foreign-born,2138700,527500.0,24.66451582737177
2014,20,US-born,32958100,11870900.0,36.01815638644218
2014,21,Foreign-born,2097800,671900.0,32.02879206788064
2014,21,US-born,38101200,13769500.0,36.13928170241357
2014,22,Foreign-born,2362000,856400.0,36.25740897544454
2014,22,US-born,38875200,13758000.0,35.39017162612668
2014,23,Foreign-born,840500,221200.0,26.317668054729324
2014,23,US-born,15501700,5619400.0,36.25021771805673
2014,24,Foreign-born,17762400,5997700.0,33.76627032383011
2014,24,US-born,70478800,21973900.0,31.178028002746927
2014,25,Foreign-born,17563800,5796300.0,33.00140060806887
2014,25,US-born,94128100,31048100.0,32.98494285978364
2014,26,Foreign-born,11425700,2910400.0,25.472399940485047
2014,26,US-born,94432300,32781200.0,34.71396969045549
2014,27,Foreign-born,6878600,1839700.0,26.745267932428114
2014,27,US-born,70370400,23576600.0,33.50357536691563
2014,28,Foreign-born,863400,266600.0,30.877924484595788
2014,28,US-born,22733500,8621300.0,37.92332900785185
2014,29,Foreign-born,4455700,1373500.0,30.825683955382992
2014,29,US-born,63471700,22258700.0,35.06869990877824
2014,30,Foreign-born,433200,129900.0,29.98614958448754
2014,30,US-born,10615500,3788100.0,35.684612123781264
2014,31,Foreign-born,1223000,504400.0,41.24284546197874
2014,31,US-born,23812900,8852200.0,37.173968731233906
2014,32,Foreign-born,5499900,3122000.0,56.76466844851724
2014,32,US-born,18078000,7326300.0,40.52605376700962
2014,33,Foreign-born,1560000,518000.0,33.205128205128204
2014,33,US-born,17086100,6267900.0,36.684205289679916
2014,34,Foreign-born,37330300,13134600.0,35.18482305258731
2014,34,US-born,96995000,32877300.0,33.895870921181505
2014,35,Foreign-born,1357000,509200.0,37.52394988946205
2014,35,US-born,16308500,5723100.0,35.09274304810375
2014,36,Foreign-born,69744100,27081500.0,38.82980782603833
2014,36,US-born,210798300,72673200.0,34.475230587722955
2014,37,Foreign-born,9538900,3020800.0,31.668221702712053
2014,37,US-born,100628400,37048000.0,36.81664420779819
2014,38,Foreign-born,403800,229900.0,56.934125804853885
2014,38,US-born,7093000,2664500.0,37.56520513182011
2014,39,Foreign-born,9690700,2645900.0,27.303497167387285
2014,39,US-born,116559000,39613300.0,33.98562101596616
2014,40,Foreign-born,1865000,524800.0,28.13941018766756
2014,40,US-born,32827000,11789300.0,35.91342492460475
2014,41,Foreign-born,4422500,1414000.0,31.972866026003395
2014,41,US-born,40383500,14462900.0,35.81388438347345
2014,42,Foreign-born,14860200,4950100.0,33.311126364382716
2014,42,US-born,137742500,48541600.0,35.24082980924551
2014,44,Foreign-born,1470500,697700.0,47.44644678680721
2014,44,US-born,11829800,4287800.0,36.24575225278534
2014,45,Foreign-born,2844500,1021000.0,35.89383019862893
2014,45,US-born,45021100,17320700.0,38.47240516113556
2014,46,Foreign-born,203500,53100.0,26.093366093366093
2014,46,US-born,9247300,3356100.0,36.2927557232922
2014,47,Foreign-born,3944900,1392100.0,35.28860047149484
2014,47,US-born,62126500,23455400.0,37.754259454500094
2014,48,Foreign-born,49736300,16887000.0,33.953068483180296
2014,48,US-born,227036300,75452500.0,33.23367232464589
2014,49,Foreign-born,2477600,1087100.0,43.87713916693575
2014,49,US-born,27745200,8803400.0,31.72945230165939
2014,50,Foreign-born,482900,79200.0,16.40091116173121
2014,50,US-born,8762200,3064500.0,34.97409326424871
2014,51,Foreign-born,19945600,6337100.0,31.771919621370127
2014,51,US-born,97342500,30937400.0,31.782006831548397
2014,53,Foreign-born,12684100,4536800.0,35.76761457257511
2014,53,US-born,72576500,24593700.0,33.88658863406199
2014,54,Foreign-born,421100,104000.0,24.69722156257421
2014,54,US-born,14183200,5142900.0,36.260505386654636
2014,55,Foreign-born,3820200,747400.0,19.564420710957542
2014,55,US-born,65341200,22895400.0,35.03976051863143
2014,56,Foreign-born,252600,113600.0,44.972288202692
2014,56,US-born,5398600,1872000.0,34.67565665172452
2015,1,Foreign-born,2056600,726800.0,35.339881357580474
2015,1,US-born,41785500,14512700.0,34.731425973124644
2015,2,Foreign-born,848600,565200.0,66.60381805326419
2015,2,US-born,6915900,2508200.0,36.267152503651005
2015,4,Foreign-born,8570100,2802500.0,32.70090197313917
2015,4,US-born,56394100,20568100.0,36.47207775281457
2015,5,Foreign-born,1318500,488300.0,37.034508911642014
2015,5,US-born,22505000,7574800.0,33.65829815596534
2015,6,Foreign-born,138826200,49381600.0,35.57080723955565
2015,6,US-born,320140500,106105800.0,33.14351042745295
2015,8,Foreign-born,6532600,2445400.0,37.43379358907632
2015,8,US-born,76126400,27337400.0,35.91053826267891
2015,9,Foreign-born,8600300,2632100.0,30.60474634605769
2015,9,US-born,46622200,15278000.0,32.76979636310599
2015,10,Foreign-born,1518100,374500.0,24.668994137408603
2015,10,US-born,10005800,3177600.0,31.757580603250112
2015,11,Foreign-born,2818300,671200.0,23.815775467480396
2015,11,US-born,12697600,3217200.0,25.337071572580644
2015,12,Foreign-born,53733300,23393700.0,43.53668953888929
2015,12,US-born,151433400,57305700.0,37.84218012670917
2015,13,Foreign-born,17015300,6039500.0,35.494525515271555
2015,13,US-born,99629700,34702200.0,34.831179859017944
2015,15,Foreign-born,2932900,1200900.0,40.94582154181868
2015,15,US-born,13847400,5300700.0,38.27938818839638
2015,16,Foreign-born,888900,248200.0,27.922150973112835
2015,16,US-born,14145500,4963600.0,35.08960446785196
2015,17,Foreign-born,27668000,9707400.0,35.085297094115944
2015,17,US-born,144840700,51183300.0,35.337650259906226
2015,18,Foreign-born,4480100,1068700.0,23.85437825048548
2015,18,US-born,63277700,23018600.0,36.377112316029184
2015,19,Foreign-born,1944700,545100.0,28.03003033886975
2015,19,US-born,32762900,11777900.0,35.94889341297626
2015,20,Foreign-born,2816800,886800.0,31.482533371201367
2015,20,US-born,33923600,10850000.0,31.983633812449153
2015,21,Foreign-born,2565600,1094100.0,42.644995322731525
2015,21,US-born,38709900,14326900.0,37.0109455203966
2015,22,Foreign-born,2266100,777400.0,34.305635232337494
2015,22,US-born,40226000,14162600.0,35.20757718888281
2015,23,Foreign-born,747300,288300.0,38.57888398233641
2015,23,US-born,15396800,5261700.0,34.17398420451003
2015,24,Foreign-born,19973500,6848600.0,34.28843217262874
2015,24,US-born,72337400,22583000.0,31.21898215860675
2015,25,Foreign-born,19511200,5932300.0,30.404588133994835
2015,25,US-born,95017400,31703200.0,33.36567828629283
2015,26,Foreign-born,12253500,3101500.0,25.311135593911942
2015,26,US-born,96469900,33613900.0,34.843925410931284
2015,27,Foreign-born,7858700,2471400.0,31.447949406390368
2015,27,US-born,72867100,24663400.0,33.847099719901024
2015,28,Foreign-born,743500,318900.0,42.89172831203766
2015,28,US-born,22545400,8530400.0,37.836543152926986
2015,29,Foreign-born,4424800,1044700.0,23.610106671487976
2015,29,US-born,64787600,23073000.0,35.61329637152789
2015,30,Foreign-born,323300,62600.0,19.3628209093721
2015,30,US-born,11016600,4059600.0,36.84984477969609
2015,31,Foreign-born,1397800,489500.0,35.019316068107024
2015,31,US-born,22169900,7741900.0,34.92077095521405
2015,32,Foreign-born,5420400,2821000.0,52.044129584532506
2015,32,US-born,19301300,7545800.0,39.094775999544076
2015,33,Foreign-born,1491600,461500.0,30.939930276213463
2015,33,US-born,17427800,6181700.0,35.47034049048073
2015,34,Foreign-born,37792400,12997700.0,34.392364602406836
2015,34,US-born,97885300,33789400.0,34.5193813575685
2015,35,Foreign-born,1726800,515200.0,29.83553393560343
2015,35,US-born,16414600,5692500.0,34.67949264679005
2015,36,Foreign-born,71487300,27131900.0,37.95345466957068
2015,36,US-born,212951300,72475500.0,34.03383778356835
2015,37,Foreign-born,10570400,3272500.0,30.95909331718762
2015,37,US-born,104076400,37211700.0,35.75421517270006
2015,38,Foreign-born,447300,207100.0,46.30002235636038
2015,38,US-born,9221900,3291300.0,35.69004218219673
2015,39,Foreign-born,9339900,2737700.0,29.31187700082442
2015,39,US-born,117756800,39971000.0,33.943687328460015
2015,40,Foreign-born,2591200,1009000.0,38.939487496140785
2015,40,US-born,34454500,13037200.0,37.83888896951051
2015,41,Foreign-born,4775700,1737000.0,36.371631383880896
2015,41,US-born,43646400,15400100.0,35.28378056380366
2015,42,Foreign-born,14187500,4522700.0,31.878061674008812
2015,42,US-born,139793700,47454500.0,33.94609342194963
2015,44,Foreign-born,1636400,641300.0,39.189684673673916
2015,44,US-born,12355100,4359400.0,35.28421461582666
2015,45,Foreign-born,3217000,1145000.0,35.59216661485856
2015,45,US-born,47075700,18113800.0,38.478025817991025
2015,46,Foreign-born,204500,77100.0,37.70171149144254
2015,46,US-born,9247700,3862900.0,41.77146750002703
2015,47,Foreign-born,4524200,1600000.0,35.36536846293267
2015,47,US-born,63818900,23141200.0,36.26073153877613
2015,48,Foreign-born,53593900,18208300.0,33.97457546474506
2015,48,US-born,231953200,77158600.0,33.2647275398658
2015,49,Foreign-born,2414500,991800.0,41.0768275005177
2015,49,US-born,28394800,9178500.0,32.324580557003394
2015,50,Foreign-born,567900,290900.0,51.223807008276104
2015,50,US-born,8619900,2892400.0,33.55491363008852
2015,51,Foreign-born,20984400,6549300.0,31.210327671984906
2015,51,US-born,97638000,32491000.0,33.277002806284436
2015,53,Foreign-born,15418000,5268500.0,34.17109871578674
2015,53,US-born,73095200,24826700.0,33.96488415107969
2015,54,Foreign-born,859600,160100.0,18.624941833410887
2015,54,US-born,14037600,4825700.0,34.376959024334646
2015,55,Foreign-born,4271000,1158100.0,27.115429641770078
2015,55,US-born,64582000,21544100.0,33.359295159642
2015,56,Foreign-born,126600,43900.0,34.67614533965245
2015,56,US-born,5944300,2415400.0,40.63388456168094
2016,1,Foreign-born,2359700,563000.0,23.858965122685085
2016,1,US-born,43448600,14705200.0,33.845049092490896
2016,2,Foreign-born,882200,390400.0,44.25300385400136
2016,2,US-born,7230100,2370300.0,32.78377892421958
2016,4,Foreign-born,9797400,3383800.0,34.537734500990055
2016,4,US-born,58053800,20633700.0,35.5423762096538
2016,5,Foreign-born,1361800,421500.0,30.95168159788515
2016,5,US-born,24424400,8087200.0,33.11115114393803
2016,6,Foreign-born,141601700,49386400.0,34.876982409109495
2016,6,US-born,329981300,111613500.0,33.8241894313405
2016,8,Foreign-born,6968500,2691400.0,38.62237210303508
2016,8,US-born,77699900,27745500.0,35.70854016543136
2016,9,Foreign-born,9388600,3193400.0,34.013590950727476
2016,9,US-born,45905100,14541400.0,31.67709034508148
2016,10,Foreign-born,1568100,350300.0,22.33913653465978
2016,10,US-born,9875300,3341900.0,33.84099723552702
2016,11,Foreign-born,2590000,643900.0,24.861003861003862
2016,11,US-born,13405900,3071600.0,22.912299808293362
2016,12,Foreign-born,55407700,24786000.0,44.73385468084761
2016,12,US-born,151871200,56672800.0,37.31635754507767
2016,13,Foreign-born,18002200,7660700.0,42.554243370254746
2016,13,US-born,104163600,37221900.0,35.73407601119777
2016,15,Foreign-born,3593400,1727200.0,48.06589859186286
2016,15,US-born,14855900,6307200.0,42.45585928822892
2016,16,Foreign-born,878700,219400.0,24.968703766928417
2016,16,US-born,14984800,5381000.0,35.909721851476164
2016,17,Foreign-born,28372400,10058600.0,35.4520590432956
2016,17,US-born,149672900,54251800.0,36.246909093095674
2016,18,Foreign-born,4705800,1325100.0,28.158867780186153
2016,18,US-born,65136800,22977400.0,35.27560457375861
2016,19,Foreign-born,2056100,773500.0,37.6197655756043
2016,19,US-born,34269800,11675600.0,34.06964732796807
2016,20,Foreign-born,2792200,837900.0,30.0085953728243
2016,20,US-born,33955100,11498700.0,33.8644268460408
2016,21,Foreign-born,2339800,830900.0,35.51158218651167
2016,21,US-born,38768900,14078200.0,36.31312727469699
2016,22,Foreign-born,2546400,740200.0,29.068488846999685
2016,22,US-born,39885900,14040300.0,35.20116131264432
2016,23,Foreign-born,924300,340400.0,36.82786973926214
2016,23,US-born,16312500,5955600.0,36.50942528735632
2016,24,Foreign-born,20000500,6669000.0,33.344166395840105
2016,24,US-born,72812300,21900400.0,30.077885192474348
2016,25,Foreign-born,20049400,6077100.0,30.310632737139265
2016,25,US-born,96447700,31610800.0,32.77506876783998
2016,26,Foreign-born,12597500,2848000.0,22.607660250049612
2016,26,US-born,97697800,34361100.0,35.17080220844277
2016,27,Foreign-born,7157000,2651400.0,37.046248428112335
2016,27,US-born,72122100,25097100.0,34.798071603572275
2016,28,Foreign-born,728300,218300.0,29.973911849512564
2016,28,US-born,24115800,8431800.0,34.963799666608615
2016,29,Foreign-born,4675700,1176200.0,25.155591676112664
2016,29,US-born,64980700,23328800.0,35.90112140989555
2016,30,Foreign-born,571300,218200.0,38.193593558550674
2016,30,US-born,11640700,4382000.0,37.64378430850378
2016,31,Foreign-born,977000,323000.0,33.0603889457523
2016,31,US-born,24579700,8553200.0,34.797820966081765
2016,32,Foreign-born,5673800,3086500.0,54.399168106031226
2016,32,US-born,19021100,7224200.0,37.97992755413725
2016,33,Foreign-born,1483500,516100.0,34.789349511290865
2016,33,US-born,18147200,6644000.0,36.61170869335214
2016,34,Foreign-born,39005000,12684300.0,32.51967696449174
2016,34,US-born,99622900,33533600.0,33.66053387323597
2016,35,Foreign-born,1979300,606300.0,30.632041630879602
2016,35,US-born,16357200,5773900.0,35.29882865038026
2016,36,Foreign-born,72573400,28488000.0,39.254051760011244
2016,36,US-born,215977800,73836300.0,34.18698588466037
2016,37,Foreign-born,11754500,3985700.0,33.907865072950784
2016,37,US-born,109638600,39465000.0,35.99553441944717
2016,38,Foreign-born,475900,164400.0,34.54507249422147
2016,38,US-born,9424000,3064700.0,32.52016129032258
2016,39,Foreign-born,9658000,2896700.0,29.99275212259267
2016,39,US-born,121009400,40634900.0,33.57995329288468
2016,40,Foreign-born,2483100,764500.0,30.788127743546372
2016,40,US-born,35904700,13097400.0,36.478232654777784
2016,41,Foreign-born,5623200,1822400.0,32.408592971973256
2016,41,US-born,43814100,15685400.0,35.79989090270027
2016,42,Foreign-born,15289900,5228100.0,34.19316019071413
2016,42,US-born,146556000,50927600.0,34.74958377684981
2016,44,Foreign-born,1938400,775300.0,39.996904663640116
2016,44,US-born,12952900,4611800.0,35.604382030278934
2016,45,Foreign-born,3136900,1047600.0,33.39602792565909
2016,45,US-born,49481000,19190000.0,38.78256300398132
2016,46,Foreign-born,338000,154500.0,45.710059171597635
2016,46,US-born,10091300,3751400.0,37.174595939076234
2016,47,Foreign-born,5177200,1712500.0,33.0777254114193
2016,47,US-born,64202600,23286900.0,36.27096098911882
2016,48,Foreign-born,56187700,18731300.0,33.33701148116047
2016,48,US-born,240159000,79764400.0,33.213162946214794
2016,49,Foreign-born,2723300,1063300.0,39.04454154885617
2016,49,US-born,30027400,9556600.0,31.826265344318855
2016,50,Foreign-born,560400,163400.0,29.157744468236974
2016,50,US-born,8467100,2924800.0,34.54311393511355
2016,51,Foreign-born,21225200,7293000.0,34.36010025818367
2016,51,US-born,100961800,32271900.0,31.964465768241055
2016,53,Foreign-born,15560000,5428200.0,34.88560411311054
2016,53,US-born,78628300,27059300.0,34.41419946762171
2016,54,Foreign-born,782900,306900.0,39.20040873674799
2016,54,US-born,14331100,5088300.0,35.50529966297074
2016,55,Foreign-born,4064200,1008500.0,24.814231583091384
2016,55,US-born,67526900,22179800.0,32.84587327420628
2016,56,Foreign-born,328200,123700.0,37.69043266301036
2016,56,US-born,5586800,2452400.0,43.896327056633496
2017,1,Foreign-born,2549200,900100.0,35.309116585595476
2017,1,US-born,43905300,15364700.0,34.99509170874587
2017,2,Foreign-born,936400,445000.0,47.522426313541224
2017,2,US-born,6903100,2569400.0,37.22095869971462
2017,4,Foreign-born,10150400,3395300.0,33.449913303909206
2017,4,US-born,60731600,21587000.0,35.54492224805538
2017,5,Foreign-born,1640700,429200.0,26.15956603888584
2017,5,US-born,25136700,8526500.0,33.920522582518785
2017,6,Foreign-born,148608300,52956400.0,35.63488714964104
2017,6,US-born,339004900,112670100.0,33.23553730344311
2017,8,Foreign-born,8157800,3352900.0,41.10054181274363
2017,8,US-born,81208200,29031600.0,35.749591789991655
2017,9,Foreign-born,9382800,3423100.0,36.48271304940956
2017,9,US-born,45431300,13821700.0,30.42329847484003
2017,10,Foreign-born,1835000,515400.0,28.08719346049046
2017,10,US-born,10131600,3556700.0,35.10501796359904
2017,11,Foreign-born,2794300,697500.0,24.96152882653974
2017,11,US-born,13124900,2846000.0,21.6839747350456
2017,12,Foreign-born,59591900,27829600.0,46.70030658529095
2017,12,US-born,157423400,58275100.0,37.01806719966663
2017,13,Foreign-born,18174900,6592500.0,36.27255170592411
2017,13,US-born,107102500,38520900.0,35.96638733923111
2017,15,Foreign-born,3637100,1743500.0,47.93654285007286
2017,15,US-born,14426900,5725600.0,39.686973639520616
2017,16,Foreign-born,850300,348100.0,40.93849229683641
2017,16,US-born,15223500,5317900.0,34.932177225999276
2017,17,Foreign-born,29899300,10880200.0,36.38948069018338
2017,17,US-born,149249300,52378500.0,35.094636959771336
2017,18,Foreign-born,5462200,1546600.0,28.314598513419504
2017,18,US-born,66071000,23275500.0,35.22801228980945
2017,19,Foreign-born,1980100,408700.0,20.640371698399072
2017,19,US-born,36156000,12651500.0,34.991426042703836
2017,20,Foreign-born,2516700,718500.0,28.54929073787102
2017,20,US-born,34937400,11800800.0,33.776983977056105
2017,21,Foreign-born,2604800,873300.0,33.526566339066335
2017,21,US-born,40101000,14771300.0,36.83524101643351
2017,22,Foreign-born,2567400,798300.0,31.093713484458984
2017,22,US-born,41009900,14649700.0,35.72234996915379
2017,23,Foreign-born,914200,333500.0,36.47998249835922
2017,23,US-born,16311200,5583900.0,34.23353278728726
2017,24,Foreign-born,20217600,6632600.0,32.806069958847736
2017,24,US-born,76284900,22260600.0,29.180873278984436
2017,25,Foreign-born,20477900,6323500.0,30.879631212184844
2017,25,US-born,97820900,32061400.0,32.775613391412264
2017,26,Foreign-born,13040900,3633100.0,27.85927351639841
2017,26,US-born,99829700,34455800.0,34.51457832689069
2017,27,Foreign-born,8040100,2676000.0,33.283168119799505
2017,27,US-born,74660800,26308200.0,35.23696504725372
2017,28,Foreign-born,765500,201300.0,26.29653821032005
2017,28,US-born,23624100,8453000.0,35.78125727540943
2017,29,Foreign-born,5364300,1596000.0,29.75225099267379
2017,29,US-born,67108400,23501200.0,35.01975907636004
2017,30,Foreign-born,363500,70100.0,19.284731774415405
2017,30,US-born,12330400,4846400.0,39.30448322844352
2017,31,Foreign-born,1741200,732000.0,42.03997243280496
2017,31,US-born,22597600,7930700.0,35.09531985697596
2017,32,Foreign-born,6348300,3660100.0,57.65480522344565
2017,32,US-born,21660800,8509800.0,39.28663761264588
2017,33,Foreign-born,1794200,634300.0,35.352803477873145
2017,33,US-born,18486900,6394300.0,34.588276022480784
2017,34,Foreign-born,41863400,14307000.0,34.175437255454646
2017,34,US-born,103156500,35620900.0,34.5309311579978
2017,35,Foreign-born,1744000,550200.0,31.54816513761468
2017,35,US-born,16459200,5196700.0,31.573223485953143
2017,36,Foreign-born,75365600,29519000.0,39.16773700468118
2017,36,US-born,221692500,75494100.0,34.05352007848709
2017,37,Foreign-born,12027400,3988400.0,33.1609491660708
2017,37,US-born,113128400,40019000.0,35.37484840234636
2017,38,Foreign-born,657100,164800.0,25.079896514990107
2017,38,US-born,9150400,3371500.0,36.84538380835811
2017,39,Foreign-born,10758200,2808200.0,26.102879663884295
2017,39,US-born,120919700,40673100.0,33.636454605825186
2017,40,Foreign-born,2438500,1026800.0,42.10785318843551
2017,40,US-born,35224800,12548900.0,35.625184529081785
2017,41,Foreign-born,5659600,1779900.0,31.449219026079582
2017,41,US-born,46691000,16442300.0,35.21513782099334
2017,42,Foreign-born,17361900,6023300.0,34.6926315668216
2017,42,US-born,150852800,51112500.0,33.88236744694165
2017,44,Foreign-born,1723800,587500.0,34.08168000928182
2017,44,US-born,12782300,4251800.0,33.26318424696651
2017,45,Foreign-born,3567100,1257300.0,35.24711950884472
2017,45,US-born,48292200,18564400.0,38.44181876162196
2017,46,Foreign-born,415700,152400.0,36.66105364445514
2017,46,US-born,9504900,3488800.0,36.705278330124465
2017,47,Foreign-born,5403900,2022200.0,37.42112178241641
2017,47,US-born,69396500,25146000.0,36.23525682130943
2017,48,Foreign-born,62259100,21105700.0,33.89978332484729
2017,48,US-born,246685500,80977000.0,32.82600720350406
2017,49,Foreign-born,3358700,1638200.0,48.77482359246137
2017,49,US-born,31987200,10495600.0,32.811874749899964
2017,50,Foreign-born,627300,101000.0,16.100749242786545
2017,50,US-born,8290900,2787100.0,33.616374579358094
2017,51,Foreign-born,22605800,7847300.0,34.71365755691017
2017,51,US-born,103721800,33794400.0,32.5817716237088
2017,53,Foreign-born,16390300,5904700.0,36.025576102938935
2017,53,US-born,80328500,26878000.0,33.46010444611813
2017,54,Foreign-born,655800,70700.0,10.78072583104605
2017,54,US-born,13848900,4795900.0,34.63018723508726
2017,55,Foreign-born,4316600,1131300.0,26.208126766436546
2017,55,US-born,69021500,23181000.0,33.5851872242707
2017,56,Foreign-born,227300,53300.0,23.449186097668278
2017,56,US-born,5803300,2089500.0,36.005376251443145
2018,1,Foreign-born,2379700,638000.0,26.810102113711814
2018,1,US-born,43859700,14619400.0,33.33219333465573
2018,2,Foreign-born,1085400,596500.0,54.95669799152386
2018,2,US-born,6787800,2500200.0,36.83373110580747
2018,4,Foreign-born,11079200,3439800.0,31.04736804101379
2018,4,US-born,62644200,21729600.0,34.68732939362303
2018,5,Foreign-born,1486400,551700.0,37.11652314316469
2018,5,US-born,25065100,8967100.0,35.77524127172842
2018,6,Foreign-born,161181400,51734300.0,32.09694170667335
2018,6,US-born,350239600,115509500.0,32.980137026195784
2018,8,Foreign-born,9018500,3321300.0,36.827632089593614
2018,8,US-born,86823400,29593900.0,34.085165980599704
2018,9,Foreign-born,9853700,2748200.0,27.890031155809492
2018,9,US-born,46988400,15144800.0,32.23093359212061
2018,10,Foreign-born,1497100,484100.0,32.33584930866342
2018,10,US-born,9854100,3106300.0,31.522919393957842
2018,11,Foreign-born,3090400,618600.0,20.016826300802485
2018,11,US-born,14259900,3298600.0,23.13199952313831
2018,12,Foreign-born,64496100,28927700.0,44.851859259707176
2018,12,US-born,162388400,59985700.0,36.939645935300796
2018,13,Foreign-born,20727200,7071900.0,34.11893550503686
2018,13,US-born,112235800,40083300.0,35.713471102803204
2018,15,Foreign-born,3893700,2204800.0,56.62480417084007
2018,15,US-born,14262700,5869300.0,41.15139489717936
2018,16,Foreign-born,870300,382300.0,43.92738136274848
2018,16,US-born,16416500,5507100.0,33.54612737185149
2018,17,Foreign-born,32130900,11061100.0,34.42511725472987
2018,17,US-born,153582100,52386100.0,34.109508855524176
2018,18,Foreign-born,5613100,1610200.0,28.686465589424735
2018,18,US-born,66224300,23329300.0,35.22770342608378
2018,19,Foreign-born,2863900,870800.0,30.406089598100493
2018,19,US-born,34643100,11370100.0,32.82067713339741
2018,20,Foreign-born,3168500,868400.0,27.407290516017042
2018,20,US-born,35231200,11806800.0,33.51234133381775
2018,21,Foreign-born,2999700,1139500.0,37.98713204653799
2018,21,US-born,41759800,15100600.0,36.16061379604309
2018,22,Foreign-born,2766200,949500.0,34.32506687875063
2018,22,US-born,40648000,14531400.0,35.74936036213344
2018,23,Foreign-born,607500,93100.0,15.325102880658436
2018,23,US-born,15701500,5237300.0,33.35541190332134
2018,24,Foreign-born,21360700,6687900.0,31.30936720238569
2018,24,US-born,76382800,22305000.0,29.201600360290534
2018,25,Foreign-born,25001100,7300200.0,29.199515221330262
2018,25,US-born,101118500,31982200.0,31.628435943966732
2018,26,Foreign-born,14111900,3441600.0,24.387927918990357
2018,26,US-born,101586300,34703700.0,34.161791501413084
2018,27,Foreign-born,9025700,3086900.0,34.20122538972046
2018,27,US-born,76826100,25985600.0,33.82392181823625
2018,28,Foreign-born,1249400,399900.0,32.007363534496555
2018,28,US-born,25317000,9171600.0,36.22704111861595
2018,29,Foreign-born,5895200,1653500.0,28.048242638078435
2018,29,US-born,68208400,23023700.0,33.75493340996123
2018,30,Foreign-born,345500,139700.0,40.434153400868304
2018,30,US-born,11417500,4212000.0,36.8907379023429
2018,31,Foreign-born,1901200,804800.0,42.33115926783084
2018,31,US-born,24185900,8522900.0,35.239126929326595
2018,32,Foreign-born,6024200,2715100.0,45.06988479798147
2018,32,US-born,21194700,7572300.0,35.727328058429705
2018,33,Foreign-born,1690600,385500.0,22.80255530580859
2018,33,US-born,18048900,6107300.0,33.837519183994594
2018,34,Foreign-born,44632100,14484700.0,32.453548006927754
2018,34,US-born,103414600,34032000.0,32.90831275274478
2018,35,Foreign-born,1574500,481000.0,30.54938075579549
2018,35,US-born,16541700,5536400.0,33.46935321037137
2018,36,Foreign-born,78452400,29660600.0,37.80712890873957
2018,36,US-born,221016600,72526500.0,32.814955980681994
2018,37,Foreign-born,14091300,4175700.0,29.63317791829001
2018,37,US-born,115898000,41334100.0,35.66420473174688
2018,38,Foreign-born,658700,167900.0,25.489600728708062
2018,38,US-born,8375000,2775600.0,33.14149253731343
2018,39,Foreign-born,11865500,3327400.0,28.042644642029412
2018,39,US-born,125742700,41657300.0,33.12900072926699
2018,40,Foreign-born,2948900,1001900.0,33.97538065041202
2018,40,US-born,34396900,12391500.0,36.02504876892976
2018,41,Foreign-born,6063400,1618200.0,26.687996833459778
2018,41,US-born,48221800,16262600.0,33.724580998635474
2018,42,Foreign-born,18848500,6382000.0,33.85945831233255
2018,42,US-born,150014500,50085400.0,33.38703925287223
2018,44,Foreign-born,2130400,903600.0,42.41457003379647
2018,44,US-born,12881800,4706000.0,36.53216165442718
2018,45,Foreign-born,4180300,1274000.0,30.47628160658326
2018,45,US-born,49719000,18349500.0,36.90641404694382
2018,46,Foreign-born,409800,157800.0,38.50658857979502
2018,46,US-born,9973000,3260600.0,32.6942745412614
2018,47,Foreign-born,5896000,2319100.0,39.33344640434193
2018,47,US-born,67476300,24310300.0,36.027909058439775
2018,48,Foreign-born,68655500,20885000.0,30.41999548470261
2018,48,US-born,257538100,85831000.0,33.32749600932833
2018,49,Foreign-born,3591900,1564200.0,43.54798296166374
2018,49,US-born,33706700,10424100.0,30.92589900524228
2018,50,Foreign-born,713800,155800.0,21.826842252731858
2018,50,US-born,9293800,3367900.0,36.238137252792185
2018,51,Foreign-born,24882900,7461900.0,29.9880640922079
2018,51,US-born,106735300,33795900.0,31.66328290640491
2018,53,Foreign-born,22654600,7049900.0,31.119066326485573
2018,53,US-born,83782300,27204400.0,32.470342781231835
2018,54,Foreign-born,404400,107400.0,26.55786350148368
2018,54,US-born,14563000,5029300.0,34.53477992171943
2018,55,Foreign-born,4858200,1198300.0,24.665513976369848
2018,55,US-born,68277600,23077700.0,33.79981135833714
2018,56,Foreign-born,306900,108300.0,35.28836754643206
2018,56,US-born,5666000,1922400.0,33.9286974938228
2019,1,Foreign-born,2982500,849300.0,28.476110645431685
2019,1,US-born,45984200,15321400.0,33.31883560005393
2019,2,Foreign-born,809500,438900.0,54.218653489808524
2019,2,US-born,7702000,3196700.0,41.504803947026744
2019,4,Foreign-born,11469600,3642100.0,31.75437678733347
2019,4,US-born,63623400,21084700.0,33.13985106108759
2019,5,Foreign-born,1843200,435600.0,23.6328125
2019,5,US-born,25091300,8744900.0,34.85231932980754
2019,6,Foreign-born,166739400,50010000.0,29.99291109359875
2019,6,US-born,358131500,114528100.0,31.979342783307246
2019,8,Foreign-born,9442800,2988700.0,31.650569746261702
2019,8,US-born,88632900,29315000.0,33.074625787941045
2019,9,Foreign-born,10480900,3289700.0,31.38757167800475
2019,9,US-born,45997100,13738200.0,29.867535127214538
2019,10,Foreign-born,2060900,645500.0,31.321267407443347
2019,10,US-born,10553400,3422100.0,32.42651657285804
2019,11,Foreign-born,2502300,468900.0,18.738760340486753
2019,11,US-born,14874100,2845000.0,19.12720769660013
2019,12,Foreign-born,68386300,30154200.0,44.09391939613636
2019,12,US-born,165475600,59050900.0,35.68556330963598
2019,13,Foreign-born,20648600,6389200.0,30.94253363424155
2019,13,US-born,113098800,36831800.0,32.56603960431057
2019,15,Foreign-born,3505000,1763000.0,50.299572039942944
2019,15,US-born,14075300,5671200.0,40.291858788089776
2019,16,Foreign-born,979100,300000.0,30.64038402614646
2019,16,US-born,17310000,5796500.0,33.486424032351245
2019,17,Foreign-born,33040900,9910300.0,29.99403769267786
2019,17,US-born,154231500,51082300.0,33.120536336610876
2019,18,Foreign-born,6604000,1744800.0,26.42035130224107
2019,18,US-born,65955200,22433100.0,34.01263281742759
2019,19,Foreign-born,2993500,870200.0,29.06965091030566
2019,19,US-born,35282800,11524400.0,32.66294058294693
2019,20,Foreign-born,2732800,908400.0,33.24063231850117
2019,20,US-born,34195000,10789100.0,31.551688843398157
2019,21,Foreign-born,3757500,1388800.0,36.960745176314035
2019,21,US-born,42057600,13403400.0,31.869150878794795
2019,22,Foreign-born,2581000,822600.0,31.871367686943046
2019,22,US-born,41225600,13973500.0,33.89520104013041
2019,23,Foreign-born,940800,366600.0,38.96683673469388
2019,23,US-born,16347100,5298600.0,32.413088560050404
2019,24,Foreign-born,19910500,5658100.0,28.417669069084152
2019,24,US-born,77387600,20834700.0,26.922530224480408
2019,25,Foreign-born,24577600,6660600.0,27.10028643968492
2019,25,US-born,101982400,30295900.0,29.706988656866283
2019,26,Foreign-born,14770500,3347600.0,22.664093971091027
2019,26,US-born,101410500,34006900.0,33.53390428012879
2019,27,Foreign-born,8657800,2326300.0,26.869412552842526
2019,27,US-born,80352000,26418000.0,32.877837514934285
2019,28,Foreign-born,995400,210800.0,21.177416114124973
2019,28,US-born,22931300,7874100.0,34.337782855747385
2019,29,Foreign-born,5656600,1470200.0,25.990877912526962
2019,29,US-born,69294200,22707700.0,32.76998652123843
2019,30,Foreign-born,445800,108900.0,24.42799461641992
2019,30,US-born,13114800,4670200.0,35.610150364473725
2019,31,Foreign-born,1888500,1058400.0,56.044479745830024
2019,31,US-born,25417600,8619600.0,33.91193503713962
2019,32,Foreign-born,6997600,3638700.0,51.999256888075905
2019,32,US-born,21537400,8100800.0,37.61271091218067
2019,33,Foreign-born,1708500,427500.0,25.021949078138718
2019,33,US-born,19362700,6134300.0,31.68101556084637
2019,34,Foreign-born,44472800,13858500.0,31.161743807450847
2019,34,US-born,104172900,33187600.0,31.85818960593398
2019,35,Foreign-born,2147500,484600.0,22.565774155995342
2019,35,US-born,17965000,5454900.0,30.36404119120512
2019,36,Foreign-born,75215900,26800000.0,35.630764240007764
2019,36,US-born,227361000,72454000.0,31.867382708555997
2019,37,Foreign-born,15585100,4493100.0,28.829458906263035
2019,37,US-born,115550800,38396600.0,33.229194432232404
2019,38,Foreign-born,420800,200700.0,47.69486692015209
2019,38,US-born,8728100,2886700.0,33.07363572827992
2019,39,Foreign-born,11815800,3316700.0,28.070041808426005
2019,39,US-born,126985700,39367400.0,31.001443469619023
2019,40,Foreign-born,3087700,979000.0,31.706448165301033
2019,40,US-born,35700100,12314600.0,34.494581247671576
2019,41,Foreign-born,6385400,1903600.0,29.811758073104265
2019,41,US-born,48108500,15852800.0,32.95218100751426
2019,42,Foreign-born,18261400,5392200.0,29.527856571785293
2019,42,US-born,154139100,49726300.0,32.26066585311579
2019,44,Foreign-born,2125700,670200.0,31.528437691113513
2019,44,US-born,13502900,4378900.0,32.42932999577868
2019,45,Foreign-born,4323200,1478200.0,34.192264988897115
2019,45,US-born,52793700,18108300.0,34.300115354673
2019,46,Foreign-born,450300,124400.0,27.62602709304908
2019,46,US-born,10651300,3726900.0,34.99009510576174
2019,47,Foreign-born,6761900,2535100.0,37.49094189502951
2019,47,US-born,72221900,24355600.0,33.723288919289026
2019,48,Foreign-born,71977800,22699500.0,31.536807182214517
2019,48,US-born,263262900,83693000.0,31.79065489288464
2019,49,Foreign-born,3788600,1617000.0,42.68067359974661
2019,49,US-born,35897900,10759800.0,29.97334105894774
2019,50,Foreign-born,503800,116500.0,23.12425565700675
2019,50,US-born,8867900,3332200.0,37.57597627397693
2019,51,Foreign-born,26066400,8318200.0,31.911579658103918
2019,51,US-born,109255000,33563100.0,30.719967049562953
2019,53,Foreign-born,24474000,6054900.0,24.740132385388574
2019,53,US-born,86512700,26872600.0,31.062029043134707
2019,54,Foreign-born,488800,107100.0,21.910801963993453
2019,54,US-born,14948500,5016500.0,33.558551025186475
2019,55,Foreign-born,5126700,1755900.0,34.250102405055884
2019,55,US-born,71109300,22923800.0,32.2374147966581
2019,56,Foreign-born,249300,55400.0,22.22222222222222
2019,56,US-born,5511200,2044500.0,37.097183916388445
2020,1,Foreign-born,2768900,491700.0,17.75795442233378
2020,1,US-born,46260700,15940800.0,34.45862254570294
2020,2,Foreign-born,707600,403100.0,56.9672131147541
2020,2,US-born,7618400,2595500.0,34.06883335083482
2020,4,Foreign-born,12174300,3500200.0,28.750728994685527
2020,4,US-born,70164900,23262300.0,33.15375636536217
2020,5,Foreign-born,1751500,507500.0,28.975164145018557
2020,5,US-born,25931900,8257100.0,31.84147709963404
2020,6,Foreign-born,164485300,47418000.0,28.82810804369752
2020,6,US-born,367527200,110720300.0,30.125743074254096
2020,8,Foreign-born,8645600,2983400.0,34.50772647358194
2020,8,US-born,91270200,29242000.0,32.03893494262092
2020,9,Foreign-born,10054800,2778900.0,27.6375462465688
2020,9,US-born,46645400,14766600.0,31.65714089706595
2020,10,Foreign-born,1607700,395000.0,24.569260434160604
2020,10,US-born,10203800,3149600.0,30.866931927321197
2020,11,Foreign-born,2888100,739800.0,25.61545652851356
2020,11,US-born,15189800,3115000.0,20.507182451381848
2020,12,Foreign-born,69379700,28675500.0,41.331253954687035
2020,12,US-born,185064600,65878200.0,35.59740760793799
2020,13,Foreign-born,21656800,5963300.0,27.53546230283329
2020,13,US-born,117332700,37889600.0,32.29244703309478
2020,15,Foreign-born,3669200,1684100.0,45.8982884552491
2020,15,US-born,14697100,5653600.0,38.46745276278994
2020,16,Foreign-born,1047900,310900.0,29.668861532588984
2020,16,US-born,17605300,5249300.0,29.816589322533556
2020,17,Foreign-born,31177100,9667300.0,31.00769475031353
2020,17,US-born,155880200,50534500.0,32.41880623709746
2020,18,Foreign-born,6637800,1707400.0,25.722377896290936
2020,18,US-born,69773800,22997900.0,32.96065285250337
2020,19,Foreign-born,2702100,817300.0,30.246845046445358
2020,19,US-born,34769900,11786700.0,33.89914840134714
2020,20,Foreign-born,3428400,1124000.0,32.78497258196243
2020,20,US-born,34793000,11184700.0,32.14640876038283
2020,21,Foreign-born,2816700,994900.0,35.32147548549721
2020,21,US-born,43763800,14987200.0,34.24565508479611
2020,22,Foreign-born,2807700,780600.0,27.802115610642165
2020,22,US-born,42927500,14784900.0,34.44155844155844
2020,23,Foreign-born,769200,255300.0,33.19032761310453
2020,23,US-born,16378500,5579400.0,34.06539060353512
2020,24,Foreign-born,22462700,6680400.0,29.73996892626443
2020,24,US-born,80045300,20434600.0,25.528794320216175
2020,25,Foreign-born,23974100,6033800.0,25.16799379330194
2020,25,US-born,103742400,30229800.0,29.139291167352983
2020,26,Foreign-born,15820400,3373500.0,21.323733913175396
2020,26,US-born,105524800,32930100.0,31.206029293587857
2020,27,Foreign-born,8554400,2285100.0,26.71256897035444
2020,27,US-born,78874700,24202700.0,30.68499785102194
2020,28,Foreign-born,996700,466000.0,46.75428915420889
2020,28,US-born,24471100,8684300.0,35.487983784954494
2020,29,Foreign-born,5390900,1147500.0,21.285870633845928
2020,29,US-born,71541500,22863900.0,31.958932927042344
2020,30,Foreign-born,447600,226900.0,50.69258266309205
2020,30,US-born,12544100,4553600.0,36.30073102095806
2020,31,Foreign-born,1787300,731500.0,40.927656241257765
2020,31,US-born,24036800,7666500.0,31.894844571656794
2020,32,Foreign-born,7173700,3364300.0,46.897695749752565
2020,32,US-born,24187900,9020000.0,37.291372959206875
2020,33,Foreign-born,1828600,349000.0,19.085639286886142
2020,33,US-born,20772800,6942500.0,33.4211083724871
2020,34,Foreign-born,43390800,12495400.0,28.797348746738937
2020,34,US-born,106914400,33637700.0,31.462272621835787
2020,35,Foreign-born,2226100,572200.0,25.704146264767978
2020,35,US-born,17934300,5245200.0,29.2467506398354
2020,36,Foreign-born,74120000,25287700.0,34.117242309767946
2020,36,US-born,226501800,68668300.0,30.316889313903907
2020,37,Foreign-born,14878300,3802500.0,25.55735534301634
2020,37,US-born,122871100,40452500.0,32.92271331501061
2020,38,Foreign-born,736000,195300.0,26.535326086956523
2020,38,US-born,8976800,3152900.0,35.12276089475092
2020,39,Foreign-born,11764800,2888200.0,24.549503603971168
2020,39,US-born,129765100,40470900.0,31.187815522047146
2020,40,Foreign-born,2588700,865500.0,33.43376984586858
2020,40,US-born,36024300,12738300.0,35.36029846520265
2020,41,Foreign-born,6850000,1679700.0,24.521167883211678
2020,41,US-born,49967800,15866400.0,31.753249092415516
2020,42,Foreign-born,18151400,4912300.0,27.062926275659176
2020,42,US-born,156638200,48911400.0,31.225716332286762
2020,44,Foreign-born,2295200,641900.0,27.967061693970024
2020,44,US-born,13518200,4281500.0,31.672116110133008
2020,45,Foreign-born,4719300,1440900.0,30.532070434174557
2020,45,US-born,55910300,18389500.0,32.89107731491335
2020,46,Foreign-born,369400,61200.0,16.5674066053059
2020,46,US-born,10221400,3481600.0,34.0618701939069
2020,47,Foreign-born,5638900,1262400.0,22.387345049566402
2020,47,US-born,77903200,25598700.0,32.85962579200854
2020,48,Foreign-born,71716000,20566500.0,28.677700931451838
2020,48,US-born,285671300,88222500.0,30.882521275325875
2020,49,Foreign-born,3763400,1461200.0,38.82659297443801
2020,49,US-born,36400200,10870000.0,29.86247328311383
2020,50,Foreign-born,540600,130700.0,24.176840547539772
2020,50,US-born,8905900,3107000.0,34.88698503239426
2020,51,Foreign-born,25438000,6872000.0,27.01470241371177
2020,51,US-born,112232600,33221100.0,29.600223108080897
2020,53,Foreign-born,24914200,6336900.0,25.434892551235844
2020,53,US-born,87827200,26503500.0,30.176870035706475
2020,54,Foreign-born,664100,131400.0,19.78617678060533
2020,54,US-born,14984100,4893200.0,32.65594863889056
2020,55,Foreign-born,5054700,1566400.0,30.98898055275288
2020,55,US-born,69216700,22338900.0,32.273858765297966
2020,56,Foreign-born,266300,120900.0,45.399924896733005
2020,56,US-born,5440500,1519200.0,27.92390405293631
2021,1,Foreign-born,2953100,727600.0,24.638515458331923
2021,1,US-born,48892700,16188800.0,33.11087340236886
2021,2,Foreign-born,936500,394700.0,42.14628937533369
2021,2,US-born,7582400,2854500.0,37.64639164380671
2021,4,Foreign-born,12187200,3843200.0,31.534724957332283
2021,4,US-born,70690800,22219800.0,31.432378753670914
2021,5,Foreign-born,1664100,544000.0,32.690343128417766
2021,5,US-born,27098800,8512500.0,31.4128300884172
2021,6,Foreign-born,161399000,45684100.0,28.305070043804488
2021,6,US-born,359156300,107582700.0,29.95428452737708
2021,8,Foreign-born,10230900,3251800.0,31.784105015199053
2021,8,US-born,92572500,29532400.0,31.901914715493263
2021,9,Foreign-born,10492000,2959600.0,28.208158597026305
2021,9,US-born,47681300,13862200.0,29.07261337253808
2021,10,Foreign-born,1945400,586700.0,30.15832219594942
2021,10,US-born,10513400,3739700.0,35.57079536591397
2021,11,Foreign-born,2663300,486500.0,18.266811849960575
2021,11,US-born,13292800,2627000.0,19.762578237843044
2021,12,Foreign-born,69981300,28875800.0,41.262165749993216
2021,12,US-born,181689600,63301600.0,34.84051921518898
2021,13,Foreign-born,21272700,6351500.0,29.857516911346465
2021,13,US-born,118804500,38436600.0,32.35281491862682
2021,15,Foreign-born,3769400,1678800.0,44.53759218973842
2021,15,US-born,15033200,5935200.0,39.48061623606417
2021,16,Foreign-born,1238300,458400.0,37.01849309537269
2021,16,US-born,19490300,6631900.0,34.02666967671098
2021,17,Foreign-born,33546300,10071100.0,30.021492683246738
2021,17,US-born,154601600,48140800.0,31.13861693540041
2021,18,Foreign-born,6300600,1784000.0,28.31476367330096
2021,18,US-born,71663000,22938000.0,32.00814925414789
2021,19,Foreign-born,2533600,637600.0,25.165772023997473
2021,19,US-born,36917200,12293000.0,33.29884173230906
2021,20,Foreign-born,3633800,1188900.0,32.71781606032253
2021,20,US-born,35864200,10698100.0,29.829467825854195
2021,21,Foreign-born,2825400,1091800.0,38.64231613222906
2021,21,US-born,45128100,15111200.0,33.4851234596626
2021,22,Foreign-born,2519100,816600.0,32.416339168750746
2021,22,US-born,43271600,13473400.0,31.136819530592813
2021,23,Foreign-born,786900,194500.0,24.71724488499174
2021,23,US-born,17395400,5555300.0,31.935454200535773
2021,24,Foreign-born,22970600,6630800.0,28.86646408887883
2021,24,US-born,78416400,20626600.0,26.303936421462858
2021,25,Foreign-born,26729000,7169100.0,26.821429907591003
2021,25,US-born,103649800,29387100.0,28.352297833666828
2021,26,Foreign-born,14958400,3546000.0,23.705743929832067
2021,26,US-born,106794200,35518400.0,33.25873502493581
2021,27,Foreign-born,9336800,2674200.0,28.641504584011653
2021,27,US-born,79800400,23698800.0,29.697595500774433
2021,28,Foreign-born,808800,309800.0,38.303659742828884
2021,28,US-born,26136700,9139000.0,34.96615869639243
2021,29,Foreign-born,5119700,1252700.0,24.468230560384395
2021,29,US-born,74524200,23792900.0,31.9264077977355
2021,30,Foreign-born,351900,125300.0,35.606706450696215
2021,30,US-born,14044700,4635600.0,33.00604498494094
2021,31,Foreign-born,2156300,582900.0,27.032416639614155
2021,31,US-born,25843100,8208400.0,31.762443360123203
2021,32,Foreign-born,6897200,2855500.0,41.40085831931798
2021,32,US-born,24530700,9159600.0,37.339333977424204
2021,33,Foreign-born,2269400,626000.0,27.584383537498898
2021,33,US-born,20114500,6493300.0,32.28168733997862
2021,34,Foreign-born,46474800,13246800.0,28.50318882491156
2021,34,US-born,112560900,33801100.0,30.029166433459576
2021,35,Foreign-born,2170500,482400.0,22.22529371112647
2021,35,US-born,18494400,5084900.0,27.494268535340428
2021,36,Foreign-born,78015800,26378200.0,33.81135616118786
2021,36,US-born,233913200,69609100.0,29.758517261958712
2021,37,Foreign-born,16438200,4124700.0,25.09216337555207
2021,37,US-born,124346600,39293600.0,31.600059832757793
2021,38,Foreign-born,829800,187400.0,22.583755121716077
2021,38,US-born,8813500,3229600.0,36.643785102399725
2021,39,Foreign-born,12153900,3371100.0,27.736775849727245
2021,39,US-born,132493100,42424700.0,32.02030898212813
2021,40,Foreign-born,3168700,1076300.0,33.966610912992714
2021,40,US-born,37405600,12990900.0,34.729826550035284
2021,41,Foreign-born,6460900,2000900.0,30.969369592471637
2021,41,US-born,51045900,16926600.0,33.15956815336785
2021,42,Foreign-born,19867700,5357500.0,26.96587929151336
2021,42,US-born,161493400,49262300.0,30.504218748258445
2021,44,Foreign-born,1875100,559100.0,29.817076422590794
2021,44,US-born,13696100,4134500.0,30.187425617511554
2021,45,Foreign-born,4390400,1377900.0,31.384384110787174
2021,45,US-born,55720500,20138800.0,36.14253282005725
2021,46,Foreign-born,559100,165700.0,29.63691647290288
2021,46,US-born,10642300,3576800.0,33.60927619029721
2021,47,Foreign-born,5804000,2083500.0,35.89765678842178
2021,47,US-born,77335200,25444200.0,32.9011885919995
2021,48,Foreign-born,77714000,22976900.0,29.565972669017164
2021,48,US-born,283362900,87250300.0,30.791010396915052
2021,49,Foreign-born,3924400,1120200.0,28.54449087758638
2021,49,US-born,37297400,11517200.0,30.879364245228892
2021,50,Foreign-born,721700,204200.0,28.29430511292781
2021,50,US-born,9514300,2941000.0,30.911364997950454
2021,51,Foreign-born,25072300,6141100.0,24.49356461114457
2021,51,US-born,112854300,33297500.0,29.50485714766739
2021,53,Foreign-born,25535200,6094700.0,23.867837338262476
2021,53,US-born,87051400,24977800.0,28.693162889970754
2021,54,Foreign-born,518500,189900.0,36.62487945998071
2021,54,US-born,15254400,4934900.0,32.35066603734005
2021,55,Foreign-born,5117600,1606900.0,31.399484133187432
2021,55,US-born,71181100,22439500.0,31.52451985147743
2021,56,Foreign-born,357500,138400.0,38.71328671328671
2021,56,US-born,5309300,1695400.0,31.93264648823762
2022,1,Foreign-born,3057500,943600.0,30.86181520850368
2022,1,US-born,50292800,16123600.0,32.05945980339134
2022,2,Foreign-born,898400,321800.0,35.819234194122885
2022,2,US-born,7323000,2568100.0,35.06896080841185
2022,4,Foreign-born,13330500,4119900.0,30.90581748621582
2022,4,US-born,71257100,22461400.0,31.52163082696321
2022,5,Foreign-born,1953000,571300.0,29.252432155657964
2022,5,US-born,27151600,8511100.0,31.3465873097718
2022,6,Foreign-born,170396500,48795600.0,28.636503684054542
2022,6,US-born,374401600,111318100.0,29.732271443284432
2022,8,Foreign-born,10019900,3013100.0,30.071158394794363
2022,8,US-born,97482200,29987400.0,30.761923715303922
2022,9,Foreign-born,11185100,3380100.0,30.2196672358763
2022,9,US-born,48644300,13928200.0,28.6327483384487
2022,10,Foreign-born,2100300,428500.0,20.40184735513974
2022,10,US-born,11979900,3501500.0,29.228123773988095
2022,11,Foreign-born,3112500,423900.0,13.619277108433735
2022,11,US-born,13928100,2534000.0,18.1934362906642
2022,12,Foreign-born,76024000,31527800.0,41.47085131011259
2022,12,US-born,192652800,65066000.0,33.773711049099724
2022,13,Foreign-born,24252200,7695800.0,31.73237891820124
2022,13,US-born,124163800,39480100.0,31.796787791610758
2022,15,Foreign-born,3591800,1442400.0,40.158137980956624
2022,15,US-born,15268400,5663500.0,37.09295014539834
2022,16,Foreign-born,1219200,432400.0,35.465879265091864
2022,16,US-born,20722000,6388800.0,30.831000868642022
2022,17,Foreign-born,34954500,10710700.0,30.64183438470011
2022,17,US-born,158445200,48776000.0,30.784144928341156
2022,18,Foreign-born,6487000,1724700.0,26.587020194234622
2022,18,US-born,73608200,23977400.0,32.574359921856534
2022,19,Foreign-born,3340400,925000.0,27.691294455753802
2022,19,US-born,38045800,12171200.0,31.990916211513493
2022,20,Foreign-born,3366900,830100.0,24.654726900115833
2022,20,US-born,35322700,10391400.0,29.418475937569895
2022,21,Foreign-born,3189500,1148600.0,36.011914093118044
2022,21,US-born,47008900,15837400.0,33.69021610801359
2022,22,Foreign-born,3163100,918900.0,29.05061490310139
2022,22,US-born,44149400,13709000.0,31.05138461677848
2022,23,Foreign-born,956700,190500.0,19.91219818124804
2022,23,US-born,18018500,5872900.0,32.5937231179066
2022,24,Foreign-born,23695900,6633700.0,27.995138399469948
2022,24,US-born,81412600,21001800.0,25.79674399294458
2022,25,Foreign-born,26698000,7222700.0,27.05333732863885
2022,25,US-born,105299700,29211400.0,27.74119964254409
2022,26,Foreign-born,15623800,3636300.0,23.274107451452274
2022,26,US-born,109599300,34166200.0,31.173739248334613
2022,27,Foreign-born,10428200,3487100.0,33.43913618841219
2022,27,US-born,83376900,24619700.0,29.528202655651626
2022,28,Foreign-born,1034000,302200.0,29.22630560928433
2022,28,US-born,26423200,9310700.0,35.2368373247752
2022,29,Foreign-born,5696000,1403400.0,24.638342696629216
2022,29,US-born,75321100,23204500.0,30.80743642883601
2022,30,Foreign-born,541800,212000.0,39.128829826504244
2022,30,US-born,13919700,4770600.0,34.272290351085154
2022,31,Foreign-born,2030700,536200.0,26.404688038607375
2022,31,US-born,24785500,7783200.0,31.40223114320873
2022,32,Foreign-born,6842200,3173600.0,46.38274239279764
2022,32,US-born,23932600,8344300.0,34.8658315435849
2022,33,Foreign-born,2108800,432800.0,20.523520485584218
2022,33,US-born,21334400,6454000.0,30.251612419379033
2022,34,Foreign-born,48267600,13519500.0,28.009472192526662
2022,34,US-born,116790600,35499600.0,30.395939399232475
2022,35,Foreign-born,2054300,549300.0,26.739035194470134
2022,35,US-born,20469600,5667600.0,27.687888380818382
2022,36,Foreign-born,78914800,26427400.0,33.48852179819248
2022,36,US-born,235128400,71218800.0,30.289322770026928
2022,37,Foreign-born,16793800,4397000.0,26.18228155628863
2022,37,US-born,131394400,44535500.0,33.89451909670427
2022,38,Foreign-born,567900,235000.0,41.38052474027118
2022,38,US-born,9327800,3454000.0,37.02909582109393
2022,39,Foreign-born,12340200,2618700.0,21.22088783001896
2022,39,US-born,138715000,40698800.0,29.339869516634824
2022,40,Foreign-born,3233600,1169500.0,36.16712023750618
2022,40,US-born,38571000,13025500.0,33.77019003914859
2022,41,Foreign-born,7531600,1844700.0,24.492803653938076
2022,41,US-born,51750000,16347500.0,31.58937198067633
2022,42,Foreign-born,21410000,5554100.0,25.941616067258288
2022,42,US-born,163327000,49167200.0,30.10353462685288
2022,44,Foreign-born,2232600,892800.0,39.98925020155872
2022,44,US-born,15467800,4917900.0,31.79443747656422
2022,45,Foreign-born,5571400,1783200.0,32.00631798111785
2022,45,US-born,57698800,19602300.0,33.97349684915458
2022,46,Foreign-born,803700,331200.0,41.2094064949608
2022,46,US-born,10854700,3387900.0,31.211364662312178
2022,47,Foreign-born,6812400,2189900.0,32.14579296576831
2022,47,US-born,79370000,26471400.0,33.35189618243669
2022,48,Foreign-born,84018200,25622300.0,30.4961306002747
2022,48,US-born,300379100,91558500.0,30.480982198828084
2022,49,Foreign-born,4644900,1816200.0,39.10094942840534
2022,49,US-born,39788400,10854900.0,27.281569502669118
2022,50,Foreign-born,472200,220400.0,46.67513765353664
2022,50,US-born,10463600,2742400.0,26.208952941626208
2022,51,Foreign-born,26460600,7178800.0,27.13014822037293
2022,51,US-born,112884200,32404100.0,28.70561159134759
2022,53,Foreign-born,27135200,6847200.0,25.233644859813083
2022,53,US-born,91205000,27362900.0,30.0015350035634
2022,54,Foreign-born,612700,196600.0,32.087481638648605
2022,54,US-born,15773600,5045900.0,31.989526804280572
2022,55,Foreign-born,5400400,1294900.0,23.9778534923339
2022,55,US-born,74399000,22909100.0,30.79221494912566
2022,56,Foreign-born,260900,89500.0,34.30433116136451
2022,56,US-born,6568300,1970800.0,30.00471963826256
2023,1,Foreign-born,3845200,1033800.0,26.885467595963796
2023,1,US-born,51575700,16026200.0,31.073160422447003
2023,2,Foreign-born,983800,458800.0,46.63549501931287
2023,2,US-born,7430000,2482600.0,33.41318977119785
2023,4,Foreign-born,14808000,4712000.0,31.820637493246895
2023,4,US-born,74467700,23435900.0,31.471228465495777
2023,5,Foreign-born,2333300,733100.0,31.419020271718168
2023,5,US-born,29079100,9046700.0,31.110660233638594
2023,6,Foreign-born,175751600,51000700.0,29.01862628846622
2023,6,US-born,376741500,112901700.0,29.967948845561214
2023,8,Foreign-born,9964000,2934600.0,29.452027298273787
2023,8,US-born,96521400,29521100.0,30.585030884342746
2023,9,Foreign-born,11520000,3688200.0,32.015625
2023,9,US-born,50670700,15081900.0,29.764538480818302
2023,10,Foreign-born,2832700,650400.0,22.960426448264908
2023,10,US-born,11178500,3397500.0,30.39316545153643
2023,11,Foreign-born,2902600,540500.0,18.62123613312203
2023,11,US-born,14796400,2659800.0,17.975994160741802
2023,12,Foreign-born,82407800,33851400.0,41.07790767378816
2023,12,US-born,196977100,66136300.0,33.57562884213444
2023,13,Foreign-born,26171100,7357800.0,28.11421759115971
2023,13,US-born,127006300,40650100.0,32.0063650385847
2023,15,Foreign-born,4375300,1866400.0,42.65764633282289
2023,15,US-born,15211400,5904300.0,38.81496772157724
2023,16,Foreign-born,1025500,479300.0,46.738176499268654
2023,16,US-born,21572100,7423100.0,34.41065079431303
2023,17,Foreign-born,36454100,11419000.0,31.324322915666553
2023,17,US-born,158566300,47616100.0,30.0291423839744
2023,18,Foreign-born,8766700,2493500.0,28.44285763172003
2023,18,US-born,74280800,22987400.0,30.94662416129067
2023,19,Foreign-born,3561100,944500.0,26.52270365898178
2023,19,US-born,38469100,11977000.0,31.134079040060726
2023,20,Foreign-born,3131900,869100.0,27.749928158625753
2023,20,US-born,37776600,11338500.0,30.014612220263338
2023,21,Foreign-born,3448200,1329900.0,38.56794849486689
2023,21,US-born,46589900,16206300.0,34.78500705088442
2023,22,Foreign-born,3630300,1395300.0,38.43484009585985
2023,22,US-born,44393400,13823000.0,31.13751143187951
2023,23,Foreign-born,1319900,339000.0,25.683763921509208
2023,23,US-born,17608900,5801500.0,32.9464077824282
2023,24,Foreign-born,23878400,6808400.0,28.512798177432323
2023,24,US-born,83084600,21151900.0,25.458267837842392
2023,25,Foreign-born,27459500,7373200.0,26.851180829949563
2023,25,US-born,108603200,30186200.0,27.7949452686477
2023,26,Foreign-born,16005200,3561500.0,22.25214305350761
2023,26,US-born,112779100,35537700.0,31.510891645703857
2023,27,Foreign-born,10746400,3168600.0,29.485222958386064
2023,27,US-born,83992500,24976000.0,29.735988332291573
2023,28,Foreign-born,1031700,416600.0,40.37995541339537
2023,28,US-born,26884800,8912700.0,33.15144617032673
2023,29,Foreign-born,6236000,1465100.0,23.494227068633737
2023,29,US-born,76187900,21963600.0,28.828199753504162
2023,30,Foreign-born,529300,203100.0,38.371433969393536
2023,30,US-born,14847000,5144700.0,34.65144473631037
2023,31,Foreign-born,2062500,771100.0,37.38666666666667
2023,31,US-born,26257800,8362500.0,31.847679546648994
2023,32,Foreign-born,7545400,3224600.0,42.73597158533676
2023,32,US-born,26885000,9570900.0,35.59940487260555
2023,33,Foreign-born,2345000,608300.0,25.94029850746269
2023,33,US-born,20159500,6202400.0,30.766636077283664
2023,34,Foreign-born,49512400,14513900.0,29.313666879407986
2023,34,US-born,116862800,34928700.0,29.888638642921446
2023,35,Foreign-born,2567300,715600.0,27.873641568963503
2023,35,US-born,19734500,6104700.0,30.93415085256784
2023,36,Foreign-born,80709700,26970500.0,33.41667730148916
2023,36,US-born,239355800,72422800.0,30.257382524258862
2023,37,Foreign-born,19199600,4915000.0,25.599491656076168
2023,37,US-born,134767000,43376500.0,32.18629189638413
2023,38,Foreign-born,844300,118600.0,14.047139642307238
2023,38,US-born,10298800,3268000.0,31.731852254631608
2023,39,Foreign-born,13334100,3729200.0,27.96739187496719
2023,39,US-born,139764200,42364300.0,30.311267119906244
2023,40,Foreign-born,3126000,967600.0,30.953294945617404
2023,40,US-born,39479800,12937300.0,32.76941625844103
2023,41,Foreign-born,6894000,2006500.0,29.105018856977082
2023,41,US-born,53145800,16067000.0,30.231928016889388
2023,42,Foreign-born,21716300,6307200.0,29.04362161141631
2023,42,US-born,164014700,48649700.0,29.661792510061595
2023,44,Foreign-born,1949200,812900.0,41.70428893905192
2023,44,US-born,14859500,4380300.0,29.478111645748513
2023,45,Foreign-born,5051400,1692900.0,33.513481411093956
2023,45,US-born,61224700,21231500.0,34.677997605541556
2023,46,Foreign-born,646200,455200.0,70.44258743423089
2023,46,US-born,10887900,3276700.0,30.09487596322523
2023,47,Foreign-born,7649300,2729700.0,35.685618291869844
2023,47,US-born,81016700,26864400.0,33.15908942230429
2023,48,Foreign-born,88964300,24874500.0,27.960091857070758
2023,48,US-born,307175200,91351000.0,29.739054454916936
2023,49,Foreign-born,4904500,1437900.0,29.317973289835862
2023,49,US-born,40547800,12260400.0,30.236905578107816
2023,50,Foreign-born,649600,248200.0,38.20812807881773
2023,50,US-born,10123000,3324900.0,32.84500642102144
2023,51,Foreign-born,27451200,7524200.0,27.409366439354198
2023,51,US-born,114730900,32324900.0,28.17453711249541
2023,53,Foreign-born,29987300,7236000.0,24.130215124402664
2023,53,US-born,93446800,27262400.0,29.174246737180944
2023,54,Foreign-born,847800,168100.0,19.827789573012502
2023,54,US-born,15803800,5153000.0,32.6060820815247
2023,55,Foreign-born,6882100,2353900.0,34.20322285348949
2023,55,US-born,75727000,22483600.0,29.690335019213755
2023,56,Foreign-born,293400,158400.0,53.987730061349694
2023,56,US-born,5953000,1841000.0,30.925583739291113
2024,1,Foreign-born,4400600,1263000.0,28.70063173203654
2024,1,US-born,53563600,17510800.0,32.691603999731164
2024,2,Foreign-born,1049300,451400.0,43.019155627561226
2024,2,US-born,7783400,2776000.0,35.66564740344836
2024,4,Foreign-born,15477100,5220300.0,33.72918699239521
2024,4,US-born,77807200,25045300.0,32.18892339012328
2024,5,Foreign-born,2617900,883500.0,33.748424309561095
2024,5,US-born,28521800,9890700.0,34.67768513908659
2024,6,Foreign-born,181646900,50213900.0,27.643686735088792
2024,6,US-born,388535300,116207500.0,29.90912280042508
2024,8,Foreign-born,12727800,4550700.0,35.75401876207986
2024,8,US-born,101655800,32349200.0,31.822286578827768
2024,9,Foreign-born,12012300,3822000.0,31.817387178142404
2024,9,US-born,49301100,14301100.0,29.007669200078702
2024,10,Foreign-born,2476200,498100.0,20.11549955577094
2024,10,US-born,11677500,2996600.0,25.661314493684433
2024,11,Foreign-born,3495900,961000.0,27.48934466088847
2024,11,US-born,14718900,3031500.0,20.595968448729185
2024,12,Foreign-born,92136800,40116500.0,43.540148995840966
2024,12,US-born,205079500,70250600.0,34.25530099302953
2024,13,Foreign-born,27351100,8280700.0,30.275564785328562
2024,13,US-born,130038400,42515800.0,32.694803996358
2024,15,Foreign-born,3893800,1605900.0,41.24248805793826
2024,15,US-born,16233900,6360100.0,39.177893174160246
2024,16,Foreign-born,1524000,530700.0,34.822834645669296
2024,16,US-born,22001400,7276100.0,33.071077295081224
2024,17,Foreign-born,38352700,11925300.0,31.093769147934825
2024,17,US-born,165520900,49995200.0,30.20476568215857
2024,18,Foreign-born,9178500,3310700.0,36.070163970147625
2024,18,US-born,74823900,23646100.0,31.602335617362904
2024,19,Foreign-born,3443100,1237900.0,35.95306555139264
2024,19,US-born,37324800,11687000.0,31.311621227709193
2024,20,Foreign-born,4086100,903000.0,22.099312302684712
2024,20,US-born,37266700,11646800.0,31.252565963715597
2024,21,Foreign-born,3832800,1533700.0,40.01513254017951
2024,21,US-born,46341900,14916700.0,32.18836517277022
2024,22,Foreign-born,3030800,990700.0,32.687739210769436
2024,22,US-born,44330300,13488800.0,30.427946573788134
2024,23,Foreign-born,1483400,582600.0,39.27463934205204
2024,23,US-born,18976200,6053500.0,31.900485871776223
2024,24,Foreign-born,24536300,6947000.0,28.31315234978379
2024,24,US-born,85194300,21698300.0,25.46919218774026
2024,25,Foreign-born,28863300,7932100.0,27.48161159673357
2024,25,US-born,108666400,31728700.0,29.198261836225363
2024,26,Foreign-born,18755100,4523000.0,24.1161070855394
2024,26,US-born,113251300,34935700.0,30.847946116291823
2024,27,Foreign-born,10517500,2885200.0,27.432374613739007
2024,27,US-born,81264000,24162800.0,29.733707422721007
2024,28,Foreign-born,1207200,361500.0,29.945328031809144
2024,28,US-born,29199300,9400100.0,32.19289503515495
2024,29,Foreign-born,6921200,1535600.0,22.18690400508582
2024,29,US-born,75626800,23456500.0,31.01612126917971
2024,30,Foreign-born,393000,122600.0,31.195928753180663
2024,30,US-born,14730400,5003300.0,33.96581219790365
2024,31,Foreign-born,2197000,804300.0,36.60901228948566
2024,31,US-born,25525100,7564300.0,29.634751675801468
2024,32,Foreign-born,8242400,3508700.0,42.56891196738814
2024,32,US-born,26158000,9701400.0,37.08769783622601
2024,33,Foreign-born,2210800,663400.0,30.007237199203907
2024,33,US-born,21171800,6051400.0,28.582359553746024
2024,34,Foreign-born,52173300,15288900.0,29.30406932281454
2024,34,US-born,118599200,35563500.0,29.98628995811102
2024,35,Foreign-born,2193800,422700.0,19.26793691311879
2024,35,US-born,19422500,6220700.0,32.02831767280217
2024,36,Foreign-born,82674600,29068700.0,35.16037573813481
2024,36,US-born,243564200,70702700.0,29.028362953176206
2024,37,Foreign-born,22135200,6269100.0,28.32185839748455
2024,37,US-born,136627600,44234100.0,32.37566933767408
2024,38,Foreign-born,872400,303500.0,34.78908757450711
2024,38,US-born,10533200,3479500.0,33.03364599551893
2024,39,Foreign-born,14417000,3931300.0,27.268502462370815
2024,39,US-born,141708400,43045600.0,30.376180946224785
2024,40,Foreign-born,3924900,1072700.0,27.33063262758287
2024,40,US-born,41678400,13229900.0,31.742821221544016
2024,41,Foreign-born,7900600,2288100.0,28.961091562666123
2024,41,US-born,54218300,17105600.0,31.549495281113572
2024,42,Foreign-born,23357700,6462300.0,27.666679510397003
2024,42,US-born,169479500,51027700.0,30.108479196598996
2024,44,Foreign-born,2329700,749100.0,32.154354637936216
2024,44,US-born,14984100,4250500.0,28.366735406197236
2024,45,Foreign-born,6152500,1707700.0,27.756196668021126
2024,45,US-born,61127300,20447100.0,33.45002969213428
2024,46,Foreign-born,981300,421600.0,42.96341587689799
2024,46,US-born,11428800,3841800.0,33.615077698446036
2024,47,Foreign-born,7566600,2574800.0,34.028493643115794
2024,47,US-born,83895300,27838300.0,33.1821925662105
2024,48,Foreign-born,100065300,30377800.0,30.35797624151429
2024,48,US-born,312946800,94932800.0,30.335124053033937
2024,49,Foreign-born,5294300,2076800.0,39.227093289008934
2024,49,US-born,42294700,12423300.0,29.373183874102427
2024,50,Foreign-born,801200,345300.0,43.097853220169746
2024,50,US-born,11081300,3484300.0,31.443061734634025
2024,51,Foreign-born,28731700,7729600.0,26.902689364012573
2024,51,US-born,118117500,34516800.0,29.222426820750524
2024,53,Foreign-born,31922100,7815700.0,24.483664921793995
2024,53,US-born,95977100,27873300.0,29.04161513527706
2024,54,Foreign-born,812800,181700.0,22.354822834645667
2024,54,US-born,16066200,5219200.0,32.485590867784545
2024,55,Foreign-born,6802800,1956400.0,28.758746398541778
2024,55,US-born,74987500,21974900.0,29.304750791798632
2024,56,Foreign-born,423100,181200.0,42.82675490427795
2024,56,US-born,6776300,2323400.0,34.2871478535484
