YEAR,STATEFIP,Foreign-born,US-born,brain_waste_rate_pct_gap_foreign_minus_us
2008,1,37.60462638867752,35.59563021654584,2.008996172131674
2008,2,56.462161320460915,37.53122218713215,18.930939133328764
2008,4,36.88299984167773,35.717380069313556,1.165619772364174
2008,5,29.599823613714033,40.154039063501074,-10.55421544978704
2008,6,37.651049848931066,32.833610790154296,4.81743905877677
2008,8,37.82383419689119,36.201779976885724,1.6220542200054666
2008,9,34.39072039072039,34.994600225009414,-0.6038798342890246
2008,10,28.934270238618065,31.75553932310689,-2.8212690844888257
2008,11,31.431426430177368,25.76449364128377,5.666932788893597
2008,12,47.42170241573434,36.705747918562565,10.715954497171772
2008,13,41.27961626717536,36.30714187765685,4.97247438951851
2008,15,48.37841768470041,40.82446808510639,7.55394959959402
2008,16,24.646983311938385,35.37221362399419,-10.725230312055807
2008,17,37.25571221955442,35.06231578295333,2.193396436601091
2008,18,25.650257798772934,34.70358160121573,-9.053323802442797
2008,19,21.55872271333213,34.635450171113916,-13.076727457781786
2008,20,25.33881707794751,34.69567006636631,-9.356852988418801
2008,21,30.01897722732721,37.12638071841969,-7.10740349109248
2008,22,36.50248841599451,33.989655627243366,2.5128327887511475
2008,23,20.66891241578441,34.552549771810305,-13.883637356025897
2008,24,30.46125116713352,30.254760406217347,0.20649076091617147
2008,25,27.157319528329023,32.60201200278268,-5.444692474453657
2008,26,24.064246202229523,35.333521918752666,-11.269275716523143
2008,27,27.14785651793526,35.00052074809183,-7.85266423015657
2008,28,34.12659227806853,34.381543858393144,-0.2549515803246152
2008,29,26.691522523073164,34.740849515045845,-8.04932699197268
2008,30,41.8075422626788,39.50919335705812,2.298348905620678
2008,31,29.070201643017178,35.788112443574796,-6.717910800557618
2008,32,53.79962403915949,39.50071497964218,14.298909059517307
2008,33,37.04939919893191,34.058724832214764,2.990674366717144
2008,34,35.96969282809991,33.41635861791764,2.553334210182271
2008,35,25.985676047167765,30.55150806406224,-4.5658320168944755
2008,36,39.1993291555296,34.344008613184855,4.855320542344742
2008,37,38.390234196697136,35.59755513739232,2.7926790593048167
2008,38,54.47647951441578,42.54649800581801,11.92998150859777
2008,39,26.341747480509603,34.43653702483763,-8.094789544328023
2008,40,30.876747141041932,35.716737106358636,-4.839989965316704
2008,41,33.95432954198806,36.321366586808125,-2.3670370448200657
2008,42,30.080707818669033,34.79526644684462,-4.714558628175588
2008,44,33.735466386921935,35.100017096939645,-1.36455071001771
2008,45,32.469939231995866,38.31006130193636,-5.840122069940492
2008,46,75.16272696128812,37.812457692828396,37.35026926845972
2008,47,32.757046505463435,36.25521174854937,-3.4981652430859356
2008,48,35.089335800570105,33.50940679298726,1.579929007582848
2008,49,40.76859897116673,31.2985678504913,9.470031120675433
2008,50,23.607562595809913,36.50218642657006,-12.89462383076015
2008,51,35.606683424515744,31.875602926726636,3.731080497789108
2008,53,31.3572530237844,35.920947577851955,-4.563694554067556
2008,54,22.768942937324603,32.66160549145249,-9.892662554127888
2008,55,30.84524126505133,34.800187653027564,-3.954946387976232
2008,56,14.950980392156863,38.96636085626911,-24.015380464112248
2009,1,29.461973722067707,34.809995294784294,-5.348021572716586
2009,2,41.936156895472564,31.307147456535738,10.629009438936826
2009,4,33.899532394850205,35.22678398191669,-1.3272515870664847
2009,5,24.983759906457063,32.81411528037775,-7.8303553739206855
2009,6,34.861710762241884,32.67012132019681,2.1915894420450712
2009,8,38.16087394846877,35.3827354873019,2.7781384611668685
2009,9,31.198466220655074,33.91810509778646,-2.719638877131384
2009,10,29.56070114693789,32.757438485662576,-3.1967373387246845
2009,11,14.80616787924856,25.06771525083402,-10.26154737158546
2009,12,44.225995879690764,36.765830500261224,7.46016537942954
2009,13,34.13733190190982,35.47052993112797,-1.3331980292181527
2009,15,41.11752604685115,41.10912174896344,0.008404297887707912
2009,16,38.30800927118207,34.087861146210436,4.220148124971637
2009,17,35.152336821048195,34.47044357442834,0.6818932466198575
2009,18,29.199231599168442,34.70036895771177,-5.501137358543325
2009,19,27.68302963491343,35.246715292463826,-7.563685657550394
2009,20,23.12994402553546,34.35863216299966,-11.228688137464204
2009,21,31.874828438100465,35.78390481029719,-3.909076372196722
2009,22,36.55214976342317,32.31048105216953,4.241668711253638
2009,23,17.424469039784622,34.531845588744886,-17.107376548960264
2009,24,29.802973047534113,29.976770302015126,-0.1737972544810127
2009,25,29.957525954850254,32.61235478533676,-2.654828830486508
2009,26,25.781892032305294,35.101628962303074,-9.31973692999778
2009,27,27.61041787086464,35.99955661643677,-8.38913874557213
2009,28,22.54554987547516,34.12646993565565,-11.580920060180489
2009,29,28.225806451612907,35.23867883859097,-7.012872386978064
2009,30,32.191095547773884,34.94265963398066,-2.751564086206777
2009,31,49.23765859899776,34.17490373546108,15.062754863536682
2009,32,49.10147757021787,39.28099968675885,9.82047788345902
2009,33,36.6764922623434,33.165260987991296,3.511231274352106
2009,34,33.02057301299459,34.04657819749467,-1.0260051845000788
2009,35,37.78618485421695,32.35263114744498,5.433553706771967
2009,36,38.57036277161242,33.04413712817631,5.526225643436113
2009,37,36.239753863109314,34.494119775841696,1.745634087267618
2009,38,37.57592490336831,39.38281377954905,-1.806888876180743
2009,39,22.984648339878618,33.05474151809346,-10.07009317821484
2009,40,29.82576308917334,36.16595304115513,-6.340189951981788
2009,41,33.86379592791949,34.814749625979054,-0.9509536980595641
2009,42,27.389754056050126,33.94671347114652,-6.556959415096397
2009,44,41.23348017621145,33.752428487940485,7.481051688270966
2009,45,32.51507321274763,37.134069580445875,-4.618996367698244
2009,46,19.695613249776187,35.57546755212657,-15.879854302350381
2009,47,33.120652685529,35.87931129325045,-2.7586586077214506
2009,48,30.73171571496732,32.11795144777727,-1.3862357328099542
2009,49,38.16254416961131,33.11012111378666,5.052423055824647
2009,50,42.429193899782135,33.26161061818533,9.167583281596805
2009,51,33.533389738689,31.448100113359455,2.0852896253295476
2009,53,31.63435340572557,34.234672670336124,-2.6003192646105546
2009,54,11.582346609257266,32.58474219867104,-21.002395589413773
2009,55,25.322114120431237,32.564115672341224,-7.242001551909986
2009,56,21.91235059760956,32.76885644768856,-10.856505850079003
2010,1,31.8844409213018,34.59215990577126,-2.7077189844694622
2010,2,48.81969587255612,35.708224088358605,13.111471784197512
2010,4,38.60692937790569,33.45749287738297,5.149436500522725
2010,5,33.05805197959679,34.39414230948009,-1.336090329883298
2010,6,36.757623240790586,32.80068845624563,3.9569347845449556
2010,8,39.61781005159564,36.0371142397852,3.5806958118104433
2010,9,34.52109009774756,32.484063386868826,2.0370267108787345
2010,10,30.150514200095348,30.743168764866276,-0.5926545647709283
2010,11,24.309995322002184,22.775749024815337,1.5342462971868471
2010,12,44.93938652385479,36.131137806639444,8.80824871721535
2010,13,35.868273382377275,35.72744339753757,0.140829984839705
2010,15,52.95917421268969,39.472632539341426,13.486541673348263
2010,16,27.405089127772484,33.73756499263667,-6.332475864864186
2010,17,37.60844070460298,34.995296876097484,2.6131438285054926
2010,18,28.2384929112449,34.76057883405101,-6.522085922806109
2010,19,24.084671089279382,34.62749737036771,-10.542826281088331
2010,20,35.88299418604651,36.232071950384864,-0.3490777643383538
2010,21,32.0098809791152,35.76813471141044,-3.7582537322952376
2010,22,34.71435823343356,35.07619483973464,-0.3618366063010825
2010,23,29.98025322337089,37.798006368544925,-7.817753145174034
2010,24,30.512956746443837,29.384312311809218,1.1286444346346194
2010,25,29.795253897689562,33.24684382439116,-3.451589926701601
2010,26,25.052817964144147,34.65872160787191,-9.605903643727764
2010,27,33.59193971953794,34.31542691973951,-0.7234872002015678
2010,28,36.07258587167855,34.93591787285596,1.1366679988225883
2010,29,32.290292177191326,35.29202092011722,-3.0017287429258914
2010,30,18.63317757009346,37.281892527232394,-18.648714957138935
2010,31,35.972872289616966,35.5946828358209,0.37818945379606816
2010,32,51.061181053350204,38.35267012260347,12.708510930746733
2010,33,28.939828080229223,36.472316268835314,-7.5324881886060915
2010,34,34.821121759383,33.86998220596621,0.9511395534167875
2010,35,34.07379037405847,31.181807740898126,2.8919826331603424
2010,36,37.8494773091237,33.5022150414609,4.347262267662799
2010,37,34.382055561009125,36.939219191448856,-2.5571636304397316
2010,38,33.365664403491756,39.49630486937442,-6.130640465882664
2010,39,23.95812759233656,33.712484855504094,-9.754357263167535
2010,40,39.33221726190476,37.69602865015866,1.6361886117460998
2010,41,35.55051587499377,35.78798861748289,-0.23747274248911765
2010,42,31.30088938995365,34.00929844046887,-2.7084090505152183
2010,44,34.479553903345725,32.58269665798797,1.896857245357758
2010,45,38.92208817228549,37.92023132437987,1.0018568479056214
2010,46,30.218579234972676,36.09958086136027,-5.881001626387597
2010,47,34.682771067610716,33.85423127659017,0.8285397910205461
2010,48,33.137915695622326,32.762148288369616,0.3757674072527095
2010,49,46.402209844676904,33.99134743709151,12.410862407585391
2010,50,38.43984962406015,34.847557991582654,3.5922916324774974
2010,51,32.91664965321729,31.192051833234835,1.7245978199824563
2010,53,32.025087988448696,35.36447493700063,-3.339386948551933
2010,54,23.75451263537906,34.80746022226665,-11.052947586887587
2010,55,28.394837302308673,33.639495021127935,-5.244657718819262
2010,56,21.188392445877476,31.957263522962464,-10.768871077084988
2011,1,32.80805993283389,34.7006819522079,-1.8926220193740093
2011,2,36.58201784488676,26.334600329040676,10.247417515846081
2011,4,40.52975520917028,35.72147092709029,4.808284282079995
2011,5,25.774246128769356,34.95706163513163,-9.182815506362275
2011,6,36.13124988736824,33.49341227421143,2.6378376131568118
2011,8,41.00523786715286,36.30013539807932,4.7051024690735375
2011,9,33.636465701133936,32.984917526047916,0.6515481750860204
2011,10,28.441782936164962,33.94449313467718,-5.502710198512219
2011,11,24.154589371980677,22.877207136177784,1.277382235802893
2011,12,43.748276231483025,36.409495769579635,7.33878046190339
2011,13,40.02985695932707,35.364145733415896,4.665711225911174
2011,15,41.43864013266999,38.0142120412569,3.424428091413091
2011,16,24.68150817140651,37.214923729359015,-12.533415557952505
2011,17,38.36717557251909,34.97673839507594,3.3904371774431468
2011,18,28.56080416476741,35.78441479893056,-7.223610634163151
2011,19,23.048764544384888,35.095924228233294,-12.047159683848406
2011,20,35.55563978168587,34.251161560608516,1.3044782210773533
2011,21,24.43274472347761,35.117739751869856,-10.684995028392244
2011,22,30.069607514256962,34.13992230027717,-4.070314786020209
2011,23,51.08507522300626,34.69341486481235,16.39166035819391
2011,24,33.05442123210786,29.570971690519237,3.4834495415886266
2011,25,33.20418752428627,33.657069457063194,-0.45288193277692557
2011,26,26.41679217224101,33.9008381815511,-7.484046009310092
2011,27,34.259989277492195,34.51459717894576,-0.2546079014535678
2011,28,49.19215233698788,34.109295915586706,15.082856421401175
2011,29,32.69911713327983,35.30669229553448,-2.607575162254655
2011,30,52.57731958762887,38.79954294290197,13.777776644726899
2011,31,36.261435027003195,38.46176715423951,-2.200332127236315
2011,32,50.64151584671595,42.811109406168484,7.830406440547463
2011,33,34.493694782149056,31.56238234186747,2.9313124402815873
2011,34,35.47759911214212,33.421011846422175,2.0565872657199478
2011,35,28.3861547711071,33.618538324420676,-5.232383553313575
2011,36,38.84922989717201,34.32252341304541,4.526706484126599
2011,37,30.021958717610893,36.33610302172113,-6.314144304110236
2011,38,33.505434782608695,33.76045720787701,-0.2550224252683151
2011,39,26.09446742737646,33.42908709583667,-7.33461966846021
2011,40,34.818778667146326,35.806955830446775,-0.988177163300449
2011,41,35.939873489468795,35.86481367526832,0.07505981420047192
2011,42,31.363740799721118,34.19279239811514,-2.8290515983940203
2011,44,42.37084981421551,35.3017632488903,7.0690865653252075
2011,45,45.07893438579181,39.02906698043317,6.04986740535864
2011,46,30.230535015224007,35.65928074376356,-5.428745728539553
2011,47,33.72474873121703,36.75338171658319,-3.0286329853661584
2011,48,32.91318589595213,32.37912704000477,0.5340588559473645
2011,49,45.87075848303393,31.98860385553986,13.88215462749407
2011,50,43.046588727970686,31.297862282682914,11.748726445287772
2011,51,32.145024992478504,31.563517915309447,0.5815070771690571
2011,53,36.795033140364126,33.93789562731542,2.8571375130487056
2011,54,13.27111313453221,30.684008039840034,-17.412894905307823
2011,55,29.80701433682396,35.04792300337476,-5.240908666550801
2011,56,52.3095623987034,36.077785472309046,16.231776926394353
2012,1,35.7297531398874,35.34214779117634,0.38760534871106245
2012,2,46.62226450999049,32.408279047583186,14.213985462407301
2012,4,37.541819524238015,35.96656136694838,1.5752581572896318
2012,5,32.489266625777624,34.00846281212891,-1.5191961863512873
2012,6,37.42912004298206,34.470903805246344,2.9582162377357193
2012,8,35.3495967473172,36.216981280737365,-0.8673845334201644
2012,9,39.4876796953018,31.81578612181078,7.671893573491019
2012,10,39.24313834211256,34.16682674862863,5.076311593483929
2012,11,28.435339740347327,22.868667653068414,5.5666720872789135
2012,12,46.396263478708065,35.817866120789134,10.57839735791893
2012,13,36.120844776967516,36.775863986063975,-0.6550192090964586
2012,15,52.654550658271326,38.38209223118853,14.272458427082796
2012,16,47.97554123285408,33.57814779415463,14.397393438699446
2012,17,34.990097996369926,36.324087758233425,-1.3339897618634993
2012,18,29.079933887464964,37.53913080564678,-8.459196918181814
2012,19,30.264352980544,36.53135517129751,-6.267002190753512
2012,20,32.34733984359172,37.35056325862895,-5.003223415037233
2012,21,33.211779656334606,36.87746962149941,-3.665689965164802
2012,22,28.49319615001659,33.40299611129612,-4.9097999612795284
2012,23,32.15377894276977,37.9091563557583,-5.75537741298853
2012,24,31.761814790012437,29.656254950245533,2.1055598397669044
2012,25,30.01701040600994,33.91750289484728,-3.9004924888373402
2012,26,27.288917671820613,35.85392573492958,-8.56500806310897
2012,27,32.256078352759246,36.17418607539725,-3.9181077226380054
2012,28,31.238980605866324,36.03830298866369,-4.799322382797364
2012,29,24.20709335507542,36.608482016996255,-12.401388661920837
2012,30,47.847809377402,36.40605896571999,11.441750411682008
2012,31,34.108459869848154,33.83209248318022,0.2763673866679355
2012,32,53.78763222131815,40.56189217108327,13.225740050234876
2012,33,20.15993265993266,33.506299345784704,-13.346366685852043
2012,34,35.458908974270855,33.248957634793854,2.2099513394770014
2012,35,30.77112741169944,31.680748629901174,-0.9096212182017354
2012,36,39.02127313496997,33.71950744446864,5.301765690501327
2012,37,33.41900045223415,36.77274889441422,-3.35374844218007
2012,38,63.81232905533347,32.237781507552796,31.574547547780675
2012,39,30.8678437391181,35.05107017743727,-4.183226438319167
2012,40,29.629629629629626,36.40314519078386,-6.773515561154234
2012,41,35.75058040212011,35.65205443201596,0.09852597010414854
2012,42,33.48158042531231,34.060920083260534,-0.5793396579482248
2012,44,30.921860084549298,35.05688711105282,-4.135027026503526
2012,45,40.2239476386037,38.77446602451799,1.4494816140857054
2012,46,24.78881444800466,34.88285363285363,-10.09403918484897
2012,47,36.046432998985686,35.69986591365637,0.346567085329319
2012,48,33.94891108196869,33.10780038837777,0.8411106935909203
2012,49,40.411008379081196,32.001941330329956,8.40906704875124
2012,50,36.55996914770536,32.587922486560544,3.972046661144816
2012,51,38.213642395467,31.972948517451133,6.240693878015865
2012,53,36.789181398109285,33.96960169233667,2.819579705772618
2012,54,15.573770491803279,32.770292474531715,-17.196521982728434
2012,55,23.835908073584804,34.313859104753874,-10.47795103116907
2012,56,55.823117338003506,34.725649586296996,21.09746775170651
2013,1,28.428047023837184,34.70252887004824,-6.2744818462110565
2013,2,59.592559787422495,39.63563829787234,19.956921489550155
2013,4,36.53150532466547,35.587798635589444,0.9437066890760235
2013,5,27.013826269912833,36.58410287391042,-9.570276603997584
2013,6,36.17533777869238,33.677018608463236,2.498319170229145
2013,8,38.906747138124445,38.09584560622353,0.8109015319009174
2013,9,33.05051348030693,33.36925814895768,-0.31874466865074425
2013,10,22.11408488780752,31.77896317779274,-9.664878289985221
2013,11,18.98413253486034,22.98146995115363,-3.9973374162932913
2013,12,44.83554662084383,37.5651078359122,7.270438784931628
2013,13,38.073910613308556,36.38593022146407,1.6879803918444836
2013,15,51.41756548536209,40.26635760771916,11.151207877642932
2013,16,30.525078369905955,38.35924872422871,-7.834170354322758
2013,17,36.91389599317988,35.32965273066048,1.5842432625194007
2013,18,36.1604083465274,35.70537082666531,0.4550375198620884
2013,19,23.33267365921235,34.28560563567741,-10.952931976465063
2013,20,25.94202898550725,34.35690559466187,-8.414876609154618
2013,21,31.011111986760188,35.47679329383105,-4.465681307070863
2013,22,36.03299134982901,33.77996666476278,2.2530246850662294
2013,23,26.499437208554433,34.588655859437,-8.089218650882565
2013,24,31.19952260112861,30.533925013072544,0.6655975880560661
2013,25,28.67602332654371,32.703237350107244,-4.027214023563534
2013,26,25.955804355383616,35.32232046360526,-9.366516108221642
2013,27,32.57684140776772,35.01894372055534,-2.4421023127876182
2013,28,38.83979623661503,36.06148943323063,2.778306803384396
2013,29,23.753206426353447,36.53454280443213,-12.78133637807868
2013,30,50.24362281456004,37.9051006326007,12.338522181959341
2013,31,31.26122274476272,35.28191446646382,-4.020691721701098
2013,32,51.98332740705622,38.0970743289025,13.886253078153722
2013,33,39.52678182609958,34.100254496582885,5.426527329516695
2013,34,35.86576019371203,33.67377911923013,2.1919810744818946
2013,35,28.881851932736406,31.341047405013526,-2.45919547227712
2013,36,38.55907917205845,33.76911657440304,4.7899625976554105
2013,37,29.563272154151203,36.259820572771496,-6.696548418620292
2013,38,29.926442121564072,39.441329107310786,-9.514886985746713
2013,39,29.03445568334026,34.61706449440094,-5.582608811060684
2013,40,31.97484752493972,37.45993226968978,-5.485084744750061
2013,41,34.13555992141454,35.0572393707549,-0.9216794493403597
2013,42,33.30981380756005,34.1060862338392,-0.7962724262791525
2013,44,31.10841682087933,35.17471736896197,-4.066300548082641
2013,45,33.92919192309177,37.4169613963011,-3.487769473209326
2013,46,44.98288122201738,37.121888887632444,7.860992334384939
2013,47,41.10883343936288,35.77803127996561,5.3308021593972725
2013,48,32.935564220497284,33.55744463700617,-0.6218804165088869
2013,49,37.13353827697383,33.51429741478095,3.619240862192882
2013,50,43.975261249733414,35.50095449227169,8.474306757461726
2013,51,36.26775232962246,32.08071921570808,4.1870331139143815
2013,53,35.022527863410005,35.56836099071645,-0.5458331273064445
2013,54,24.818909645444148,32.051136040088835,-7.232226394644687
2013,55,29.347572362278246,35.299128518227654,-5.951556155949408
2013,56,31.10338835794961,40.16962345538871,-9.066235097439101
2014,1,40.18135317368054,36.79072814854986,3.3906250251306815
2014,2,41.09793670058818,36.016316138167554,5.081620562420625
2014,4,33.35412144253487,36.708860759493675,-3.3547393169588062
2014,5,34.233496999454445,35.09253557744937,-0.859038577994923
2014,6,35.50451463263447,33.575640165031665,1.9288744676028031
2014,8,33.445017960095385,36.451175722688724,-3.0061577625933396
2014,9,33.67866073738282,32.483461993076546,1.1951987443062748
2014,10,28.89243451668661,34.09922753901187,-5.206793022325261
2014,11,24.80828602728812,24.38406650735418,0.42421951993393847
2014,12,43.67630517315915,36.835765252377264,6.840539920781886
2014,13,36.04338733118288,35.79380072732315,0.24958660385972564
2014,15,46.07249772224392,38.309890585011054,7.762607137232862
2014,16,30.83566476097798,31.176865979083402,-0.3412012181054216
2014,17,37.404566196688705,35.32014767142427,2.0844185252644323
2014,18,30.781653746770026,37.15236909151587,-6.370715344745847
2014,19,24.952820297756343,34.83260565916738,-9.879785361411034
2014,20,24.66451582737177,36.01815638644218,-11.35364055907041
2014,21,32.02879206788064,36.13928170241357,-4.110489634532932
2014,22,36.25740897544454,35.39017162612668,0.8672373493178611
2014,23,26.317668054729324,36.25021771805673,-9.932549663327407
2014,24,33.76627032383011,31.178028002746927,2.588242321083186
2014,25,33.00140060806887,32.98494285978364,0.01645774828523372
2014,26,25.472399940485047,34.71396969045549,-9.241569749970445
2014,27,26.745267932428114,33.50357536691563,-6.75830743448752
2014,28,30.877924484595788,37.92332900785185,-7.04540452325606
2014,29,30.825683955382992,35.06869990877824,-4.2430159533952505
2014,30,29.98614958448754,35.684612123781264,-5.698462539293725
2014,31,41.24284546197874,37.173968731233906,4.068876730744833
2014,32,56.76466844851724,40.52605376700962,16.23861468150762
2014,33,33.205128205128204,36.684205289679916,-3.4790770845517116
2014,34,35.18482305258731,33.895870921181505,1.2889521314058072
2014,35,37.52394988946205,35.09274304810375,2.4312068413583034
2014,36,38.82980782603833,34.475230587722955,4.354577238315379
2014,37,31.668221702712053,36.81664420779819,-5.148422505086138
2014,38,56.934125804853885,37.56520513182011,19.368920673033777
2014,39,27.303497167387285,33.98562101596616,-6.682123848578875
2014,40,28.13941018766756,35.91342492460475,-7.774014736937186
2014,41,31.972866026003395,35.81388438347345,-3.8410183574700554
2014,42,33.311126364382716,35.24082980924551,-1.9297034448627954
2014,44,47.44644678680721,36.24575225278534,11.20069453402187
2014,45,35.89383019862893,38.47240516113556,-2.5785749625066288
2014,46,26.093366093366093,36.2927557232922,-10.19938962992611
2014,47,35.28860047149484,37.754259454500094,-2.4656589830052553
2014,48,33.953068483180296,33.23367232464589,0.7193961585344084
2014,49,43.87713916693575,31.72945230165939,12.14768686527636
2014,50,16.40091116173121,34.97409326424871,-18.5731821025175
2014,51,31.771919621370127,31.782006831548397,-0.010087210178269856
2014,53,35.76761457257511,33.88658863406199,1.881025938513126
2014,54,24.69722156257421,36.260505386654636,-11.563283824080425
2014,55,19.564420710957542,35.03976051863143,-15.47533980767389
2014,56,44.972288202692,34.67565665172452,10.296631550967476
2015,1,35.339881357580474,34.731425973124644,0.60845538445583
2015,2,66.60381805326419,36.267152503651005,30.336665549613187
2015,4,32.70090197313917,36.47207775281457,-3.771175779675403
2015,5,37.034508911642014,33.65829815596534,3.3762107556766736
2015,6,35.57080723955565,33.14351042745295,2.4272968121026963
2015,8,37.43379358907632,35.91053826267891,1.5232553263974111
2015,9,30.60474634605769,32.76979636310599,-2.165050017048298
2015,10,24.668994137408603,31.757580603250112,-7.088586465841509
2015,11,23.815775467480396,25.337071572580644,-1.521296105100248
2015,12,43.53668953888929,37.84218012670917,5.694509412180125
2015,13,35.494525515271555,34.831179859017944,0.6633456562536111
2015,15,40.94582154181868,38.27938818839638,2.666433353422299
2015,16,27.922150973112835,35.08960446785196,-7.167453494739128
2015,17,35.085297094115944,35.337650259906226,-0.2523531657902822
2015,18,23.85437825048548,36.377112316029184,-12.522734065543702
2015,19,28.03003033886975,35.94889341297626,-7.918863074106511
2015,20,31.482533371201367,31.983633812449153,-0.501100441247786
2015,21,42.644995322731525,37.0109455203966,5.634049802334928
2015,22,34.305635232337494,35.20757718888281,-0.9019419565453148
2015,23,38.57888398233641,34.17398420451003,4.40489977782638
2015,24,34.28843217262874,31.21898215860675,3.0694500140219887
2015,25,30.404588133994835,33.36567828629283,-2.9610901522979916
2015,26,25.311135593911942,34.843925410931284,-9.532789817019342
2015,27,31.447949406390368,33.847099719901024,-2.399150313510656
2015,28,42.89172831203766,37.836543152926986,5.055185159110671
2015,29,23.610106671487976,35.61329637152789,-12.003189700039911
2015,30,19.3628209093721,36.84984477969609,-17.48702387032399
2015,31,35.019316068107024,34.92077095521405,0.09854511289297108
2015,32,52.044129584532506,39.094775999544076,12.94935358498843
2015,33,30.939930276213463,35.47034049048073,-4.530410214267267
2015,34,34.392364602406836,34.5193813575685,-0.12701675516166233
2015,35,29.83553393560343,34.67949264679005,-4.843958711186623
2015,36,37.95345466957068,34.03383778356835,3.9196168860023306
2015,37,30.95909331718762,35.75421517270006,-4.795121855512438
2015,38,46.30002235636038,35.69004218219673,10.609980174163653
2015,39,29.31187700082442,33.943687328460015,-4.631810327635595
2015,40,38.939487496140785,37.83888896951051,1.1005985266302716
2015,41,36.371631383880896,35.28378056380366,1.0878508200772359
2015,42,31.878061674008812,33.94609342194963,-2.0680317479408146
2015,44,39.189684673673916,35.28421461582666,3.9054700578472534
2015,45,35.59216661485856,38.478025817991025,-2.885859203132462
2015,46,37.70171149144254,41.77146750002703,-4.069756008584491
2015,47,35.36536846293267,36.26073153877613,-0.8953630758434556
2015,48,33.97457546474506,33.2647275398658,0.7098479248792557
2015,49,41.0768275005177,32.324580557003394,8.752246943514308
2015,50,51.223807008276104,33.55491363008852,17.668893378187583
2015,51,31.210327671984906,33.277002806284436,-2.0666751342995298
2015,53,34.17109871578674,33.96488415107969,0.20621456470705368
2015,54,18.624941833410887,34.376959024334646,-15.752017190923759
2015,55,27.115429641770078,33.359295159642,-6.2438655178719245
2015,56,34.67614533965245,40.63388456168094,-5.957739222028486
2016,1,23.858965122685085,33.845049092490896,-9.986083969805811
2016,2,44.25300385400136,32.78377892421958,11.469224929781781
2016,4,34.537734500990055,35.5423762096538,-1.0046417086637476
2016,5,30.95168159788515,33.11115114393803,-2.1594695460528825
2016,6,34.876982409109495,33.8241894313405,1.0527929777689948
2016,8,38.62237210303508,35.70854016543136,2.9138319376037245
2016,9,34.013590950727476,31.67709034508148,2.3365006056459947
2016,10,22.33913653465978,33.84099723552702,-11.50186070086724
2016,11,24.861003861003862,22.912299808293362,1.9487040527105002
2016,12,44.73385468084761,37.31635754507767,7.417497135769935
2016,13,42.554243370254746,35.73407601119777,6.820167359056974
2016,15,48.06589859186286,42.45585928822892,5.61003930363394
2016,16,24.968703766928417,35.909721851476164,-10.941018084547746
2016,17,35.4520590432956,36.246909093095674,-0.7948500498000755
2016,18,28.158867780186153,35.27560457375861,-7.116736793572461
2016,19,37.6197655756043,34.06964732796807,3.5501182476362274
2016,20,30.0085953728243,33.8644268460408,-3.855831473216501
2016,21,35.51158218651167,36.31312727469699,-0.8015450881853212
2016,22,29.068488846999685,35.20116131264432,-6.132672465644632
2016,23,36.82786973926214,36.50942528735632,0.31844445190581894
2016,24,33.344166395840105,30.077885192474348,3.2662812033657573
2016,25,30.310632737139265,32.77506876783998,-2.4644360307007176
2016,26,22.607660250049612,35.17080220844277,-12.56314195839316
2016,27,37.046248428112335,34.798071603572275,2.24817682454006
2016,28,29.973911849512564,34.963799666608615,-4.989887817096051
2016,29,25.155591676112664,35.90112140989555,-10.745529733782888
2016,30,38.193593558550674,37.64378430850378,0.5498092500468914
2016,31,33.0603889457523,34.797820966081765,-1.7374320203294644
2016,32,54.399168106031226,37.97992755413725,16.419240551893978
2016,33,34.789349511290865,36.61170869335214,-1.8223591820612768
2016,34,32.51967696449174,33.66053387323597,-1.140856908744233
2016,35,30.632041630879602,35.29882865038026,-4.666787019500656
2016,36,39.254051760011244,34.18698588466037,5.06706587535087
2016,37,33.907865072950784,35.99553441944717,-2.0876693464963836
2016,38,34.54507249422147,32.52016129032258,2.0249112038988955
2016,39,29.99275212259267,33.57995329288468,-3.587201170292012
2016,40,30.788127743546372,36.478232654777784,-5.690104911231412
2016,41,32.408592971973256,35.79989090270027,-3.3912979307270135
2016,42,34.19316019071413,34.74958377684981,-0.5564235861356792
2016,44,39.996904663640116,35.604382030278934,4.392522633361182
2016,45,33.39602792565909,38.78256300398132,-5.3865350783222326
2016,46,45.710059171597635,37.174595939076234,8.535463232521401
2016,47,33.0777254114193,36.27096098911882,-3.193235577699518
2016,48,33.33701148116047,33.213162946214794,0.12384853494567238
2016,49,39.04454154885617,31.826265344318855,7.218276204537311
2016,50,29.157744468236974,34.54311393511355,-5.385369466876579
2016,51,34.36010025818367,31.964465768241055,2.3956344899426156
2016,53,34.88560411311054,34.41419946762171,0.4714046454888319
2016,54,39.20040873674799,35.50529966297074,3.695109073777246
2016,55,24.814231583091384,32.84587327420628,-8.031641691114892
2016,56,37.69043266301036,43.896327056633496,-6.205894393623133
2017,1,35.309116585595476,34.99509170874587,0.3140248768496079
2017,2,47.522426313541224,37.22095869971462,10.301467613826603
2017,4,33.449913303909206,35.54492224805538,-2.095008944146173
2017,5,26.15956603888584,33.920522582518785,-7.760956543632947
2017,6,35.63488714964104,33.23553730344311,2.3993498461979286
2017,8,41.10054181274363,35.749591789991655,5.350950022751974
2017,9,36.48271304940956,30.42329847484003,6.05941457456953
2017,10,28.08719346049046,35.10501796359904,-7.017824503108578
2017,11,24.96152882653974,21.6839747350456,3.2775540914941423
2017,12,46.70030658529095,37.01806719966663,9.682239385624321
2017,13,36.27255170592411,35.96638733923111,0.30616436669299674
2017,15,47.93654285007286,39.686973639520616,8.249569210552245
2017,16,40.93849229683641,34.932177225999276,6.0063150708371325
2017,17,36.38948069018338,35.094636959771336,1.2948437304120475
2017,18,28.314598513419504,35.22801228980945,-6.913413776389945
2017,19,20.640371698399072,34.991426042703836,-14.351054344304764
2017,20,28.54929073787102,33.776983977056105,-5.227693239185086
2017,21,33.526566339066335,36.83524101643351,-3.308674677367172
2017,22,31.093713484458984,35.72234996915379,-4.628636484694805
2017,23,36.47998249835922,34.23353278728726,2.2464497110719606
2017,24,32.806069958847736,29.180873278984436,3.6251966798633006
2017,25,30.879631212184844,32.775613391412264,-1.8959821792274205
2017,26,27.85927351639841,34.51457832689069,-6.655304810492282
2017,27,33.283168119799505,35.23696504725372,-1.9537969274542135
2017,28,26.29653821032005,35.78125727540943,-9.48471906508938
2017,29,29.75225099267379,35.01975907636004,-5.2675080836862485
2017,30,19.284731774415405,39.30448322844352,-20.019751454028118
2017,31,42.03997243280496,35.09531985697596,6.9446525758289965
2017,32,57.65480522344565,39.28663761264588,18.368167610799766
2017,33,35.352803477873145,34.588276022480784,0.7645274553923613
2017,34,34.175437255454646,34.5309311579978,-0.3554939025431523
2017,35,31.54816513761468,31.573223485953143,-0.025058348338461656
2017,36,39.16773700468118,34.05352007848709,5.114216926194089
2017,37,33.1609491660708,35.37484840234636,-2.2138992362755587
2017,38,25.079896514990107,36.84538380835811,-11.765487293368
2017,39,26.102879663884295,33.636454605825186,-7.533574941940891
2017,40,42.10785318843551,35.625184529081785,6.4826686593537275
2017,41,31.449219026079582,35.21513782099334,-3.765918794913759
2017,42,34.6926315668216,33.88236744694165,0.8102641198799532
2017,44,34.08168000928182,33.26318424696651,0.8184957623153082
2017,45,35.24711950884472,38.44181876162196,-3.194699252777241
2017,46,36.66105364445514,36.705278330124465,-0.04422468566932736
2017,47,37.42112178241641,36.23525682130943,1.1858649611069794
2017,48,33.89978332484729,32.82600720350406,1.0737761213432293
2017,49,48.77482359246137,32.811874749899964,15.962948842561403
2017,50,16.100749242786545,33.616374579358094,-17.51562533657155
2017,51,34.71365755691017,32.5817716237088,2.1318859332013673
2017,53,36.025576102938935,33.46010444611813,2.5654716568208045
2017,54,10.78072583104605,34.63018723508726,-23.849461404041215
2017,55,26.208126766436546,33.5851872242707,-7.377060457834151
2017,56,23.449186097668278,36.005376251443145,-12.556190153774867
2018,1,26.810102113711814,33.33219333465573,-6.5220912209439135
2018,2,54.95669799152386,36.83373110580747,18.122966885716387
2018,4,31.04736804101379,34.68732939362303,-3.639961352609241
2018,5,37.11652314316469,35.77524127172842,1.3412818714362729
2018,6,32.09694170667335,32.980137026195784,-0.8831953195224358
2018,8,36.827632089593614,34.085165980599704,2.7424661089939093
2018,9,27.890031155809492,32.23093359212061,-4.340902436311115
2018,10,32.33584930866342,31.522919393957842,0.8129299147055775
2018,11,20.016826300802485,23.13199952313831,-3.1151732223358266
2018,12,44.851859259707176,36.939645935300796,7.91221332440638
2018,13,34.11893550503686,35.713471102803204,-1.5945355977663453
2018,15,56.62480417084007,41.15139489717936,15.473409273660714
2018,16,43.92738136274848,33.54612737185149,10.381253990896987
2018,17,34.42511725472987,34.109508855524176,0.3156083992056935
2018,18,28.686465589424735,35.22770342608378,-6.541237836659043
2018,19,30.406089598100493,32.82067713339741,-2.414587535296917
2018,20,27.407290516017042,33.51234133381775,-6.105050817800709
2018,21,37.98713204653799,36.16061379604309,1.8265182504948996
2018,22,34.32506687875063,35.74936036213344,-1.4242934833828045
2018,23,15.325102880658436,33.35541190332134,-18.030309022662905
2018,24,31.30936720238569,29.201600360290534,2.107766842095156
2018,25,29.199515221330262,31.628435943966732,-2.4289207226364695
2018,26,24.387927918990357,34.161791501413084,-9.773863582422727
2018,27,34.20122538972046,33.82392181823625,0.37730357148421234
2018,28,32.007363534496555,36.22704111861595,-4.219677584119395
2018,29,28.048242638078435,33.75493340996123,-5.706690771882798
2018,30,40.434153400868304,36.8907379023429,3.5434154985254054
2018,31,42.33115926783084,35.239126929326595,7.0920323385042465
2018,32,45.06988479798147,35.727328058429705,9.342556739551767
2018,33,22.80255530580859,33.837519183994594,-11.034963878186005
2018,34,32.453548006927754,32.90831275274478,-0.4547647458170232
2018,35,30.54938075579549,33.46935321037137,-2.919972454575877
2018,36,37.80712890873957,32.814955980681994,4.9921729280575775
2018,37,29.63317791829001,35.66420473174688,-6.031026813456869
2018,38,25.489600728708062,33.14149253731343,-7.65189180860537
2018,39,28.042644642029412,33.12900072926699,-5.086356087237579
2018,40,33.97538065041202,36.02504876892976,-2.0496681185177366
2018,41,26.687996833459778,33.724580998635474,-7.036584165175697
2018,42,33.85945831233255,33.38703925287223,0.4724190594603215
2018,44,42.41457003379647,36.53216165442718,5.882408379369295
2018,45,30.47628160658326,36.90641404694382,-6.430132440360563
2018,46,38.50658857979502,32.6942745412614,5.812314038533621
2018,47,39.33344640434193,36.027909058439775,3.3055373459021524
2018,48,30.41999548470261,33.32749600932833,-2.9075005246257177
2018,49,43.54798296166374,30.92589900524228,12.622083956421463
2018,50,21.826842252731858,36.238137252792185,-14.411295000060328
2018,51,29.9880640922079,31.66328290640491,-1.6752188141970095
2018,53,31.119066326485573,32.470342781231835,-1.3512764547462623
2018,54,26.55786350148368,34.53477992171943,-7.976916420235746
2018,55,24.665513976369848,33.79981135833714,-9.13429738196729
2018,56,35.28836754643206,33.9286974938228,1.3596700526092604
2019,1,28.476110645431685,33.31883560005393,-4.842724954622245
2019,2,54.218653489808524,41.504803947026744,12.71384954278178
2019,4,31.75437678733347,33.13985106108759,-1.3854742737541201
2019,5,23.6328125,34.85231932980754,-11.219506829807543
2019,6,29.99291109359875,31.979342783307246,-1.9864316897084962
2019,8,31.650569746261702,33.074625787941045,-1.4240560416793429
2019,9,31.38757167800475,29.867535127214538,1.5200365507902127
2019,10,31.321267407443347,32.42651657285804,-1.105249165414694
2019,11,18.738760340486753,19.12720769660013,-0.3884473561133781
2019,12,44.09391939613636,35.68556330963598,8.408356086500376
2019,13,30.94253363424155,32.56603960431057,-1.6235059700690186
2019,15,50.299572039942944,40.291858788089776,10.007713251853168
2019,16,30.64038402614646,33.486424032351245,-2.8460400062047846
2019,17,29.99403769267786,33.120536336610876,-3.126498643933015
2019,18,26.42035130224107,34.01263281742759,-7.592281515186517
2019,19,29.06965091030566,32.66294058294693,-3.5932896726412693
2019,20,33.24063231850117,31.551688843398157,1.688943475103013
2019,21,36.960745176314035,31.869150878794795,5.09159429751924
2019,22,31.871367686943046,33.89520104013041,-2.0238333531873636
2019,23,38.96683673469388,32.413088560050404,6.553748174643474
2019,24,28.417669069084152,26.922530224480408,1.4951388446037441
2019,25,27.10028643968492,29.706988656866283,-2.6067022171813647
2019,26,22.664093971091027,33.53390428012879,-10.86981030903776
2019,27,26.869412552842526,32.877837514934285,-6.008424962091759
2019,28,21.177416114124973,34.337782855747385,-13.160366741622411
2019,29,25.990877912526962,32.76998652123843,-6.779108608711468
2019,30,24.42799461641992,35.610150364473725,-11.182155748053805
2019,31,56.044479745830024,33.91193503713962,22.132544708690403
2019,32,51.999256888075905,37.61271091218067,14.386545975895238
2019,33,25.021949078138718,31.68101556084637,-6.659066482707651
2019,34,31.161743807450847,31.85818960593398,-0.6964457984831327
2019,35,22.565774155995342,30.36404119120512,-7.798267035209779
2019,36,35.630764240007764,31.867382708555997,3.763381531451767
2019,37,28.829458906263035,33.229194432232404,-4.399735525969369
2019,38,47.69486692015209,33.07363572827992,14.62123119187217
2019,39,28.070041808426005,31.001443469619023,-2.931401661193018
2019,40,31.706448165301033,34.494581247671576,-2.7881330823705426
2019,41,29.811758073104265,32.95218100751426,-3.1404229344099974
2019,42,29.527856571785293,32.26066585311579,-2.7328092813304963
2019,44,31.528437691113513,32.42932999577868,-0.9008923046651667
2019,45,34.192264988897115,34.300115354673,-0.10785036577588158
2019,46,27.62602709304908,34.99009510576174,-7.364068012712661
2019,47,37.49094189502951,33.723288919289026,3.767652975740482
2019,48,31.536807182214517,31.79065489288464,-0.25384771067012224
2019,49,42.68067359974661,29.97334105894774,12.707332540798873
2019,50,23.12425565700675,37.57597627397693,-14.451720616970178
2019,51,31.911579658103918,30.719967049562953,1.1916126085409644
2019,53,24.740132385388574,31.062029043134707,-6.321896657746134
2019,54,21.910801963993453,33.558551025186475,-11.647749061193021
2019,55,34.250102405055884,32.2374147966581,2.0126876083977834
2019,56,22.22222222222222,37.097183916388445,-14.874961694166224
2020,1,17.75795442233378,34.45862254570294,-16.70066812336916
2020,2,56.9672131147541,34.06883335083482,22.89837976391928
2020,4,28.750728994685527,33.15375636536217,-4.403027370676643
2020,5,28.975164145018557,31.84147709963404,-2.866312954615484
2020,6,28.82810804369752,30.125743074254096,-1.2976350305565774
2020,8,34.50772647358194,32.03893494262092,2.4687915309610204
2020,9,27.6375462465688,31.65714089706595,-4.019594650497151
2020,10,24.569260434160604,30.866931927321197,-6.297671493160593
2020,11,25.61545652851356,20.507182451381848,5.1082740771317106
2020,12,41.331253954687035,35.59740760793799,5.733846346749047
2020,13,27.53546230283329,32.29244703309478,-4.75698473026149
2020,15,45.8982884552491,38.46745276278994,7.430835692459162
2020,16,29.668861532588984,29.816589322533556,-0.1477277899445717
2020,17,31.00769475031353,32.41880623709746,-1.411111486783934
2020,18,25.722377896290936,32.96065285250337,-7.238274956212436
2020,19,30.246845046445358,33.89914840134714,-3.6523033549017825
2020,20,32.78497258196243,32.14640876038283,0.638563821579595
2020,21,35.32147548549721,34.24565508479611,1.0758204007010974
2020,22,27.802115610642165,34.44155844155844,-6.639442830916277
2020,23,33.19032761310453,34.06539060353512,-0.8750629904305924
2020,24,29.73996892626443,25.528794320216175,4.211174606048257
2020,25,25.16799379330194,29.139291167352983,-3.971297374051044
2020,26,21.323733913175396,31.206029293587857,-9.882295380412462
2020,27,26.71256897035444,30.68499785102194,-3.9724288806675006
2020,28,46.75428915420889,35.487983784954494,11.266305369254397
2020,29,21.285870633845928,31.958932927042344,-10.673062293196416
2020,30,50.69258266309205,36.30073102095806,14.391851642133986
2020,31,40.927656241257765,31.894844571656794,9.03281166960097
2020,32,46.897695749752565,37.291372959206875,9.60632279054569
2020,33,19.085639286886142,33.4211083724871,-14.335469085600955
2020,34,28.797348746738937,31.462272621835787,-2.66492387509685
2020,35,25.704146264767978,29.2467506398354,-3.542604375067423
2020,36,34.117242309767946,30.316889313903907,3.8003529958640385
2020,37,25.55735534301634,32.92271331501061,-7.365357971994271
2020,38,26.535326086956523,35.12276089475092,-8.587434807794395
2020,39,24.549503603971168,31.187815522047146,-6.638311918075978
2020,40,33.43376984586858,35.36029846520265,-1.9265286193340714
2020,41,24.521167883211678,31.753249092415516,-7.232081209203837
2020,42,27.062926275659176,31.225716332286762,-4.1627900566275855
2020,44,27.967061693970024,31.672116110133008,-3.7050544161629837
2020,45,30.532070434174557,32.89107731491335,-2.3590068807387965
2020,46,16.5674066053059,34.0618701939069,-17.494463588600997
2020,47,22.387345049566402,32.85962579200854,-10.472280742442141
2020,48,28.677700931451838,30.882521275325875,-2.2048203438740366
2020,49,38.82659297443801,29.86247328311383,8.964119691324179
2020,50,24.176840547539772,34.88698503239426,-10.710144484854485
2020,51,27.01470241371177,29.600223108080897,-2.5855206943691265
2020,53,25.434892551235844,30.176870035706475,-4.741977484470631
2020,54,19.78617678060533,32.65594863889056,-12.869771858285226
2020,55,30.98898055275288,32.273858765297966,-1.2848782125450846
2020,56,45.399924896733005,27.92390405293631,17.476020843796693
2021,1,24.638515458331923,33.11087340236886,-8.472357944036936
2021,2,42.14628937533369,37.64639164380671,4.499897731526978
2021,4,31.534724957332283,31.432378753670914,0.10234620366136937
2021,5,32.690343128417766,31.4128300884172,1.2775130400005672
2021,6,28.305070043804488,29.95428452737708,-1.6492144835725924
2021,8,31.784105015199053,31.901914715493263,-0.11780970029420956
2021,9,28.208158597026305,29.07261337253808,-0.8644547755117742
2021,10,30.15832219594942,35.57079536591397,-5.412473169964553
2021,11,18.266811849960575,19.762578237843044,-1.495766387882469
2021,12,41.262165749993216,34.84051921518898,6.421646534804232
2021,13,29.857516911346465,32.35281491862682,-2.495298007280354
2021,15,44.53759218973842,39.48061623606417,5.056975953674247
2021,16,37.01849309537269,34.02666967671098,2.99182341866171
2021,17,30.021492683246738,31.13861693540041,-1.1171242521536726
2021,18,28.31476367330096,32.00814925414789,-3.693385580846929
2021,19,25.165772023997473,33.29884173230906,-8.133069708311584
2021,20,32.71781606032253,29.829467825854195,2.8883482344683316
2021,21,38.64231613222906,33.4851234596626,5.15719267256646
2021,22,32.416339168750746,31.136819530592813,1.2795196381579323
2021,23,24.71724488499174,31.935454200535773,-7.2182093155440334
2021,24,28.86646408887883,26.303936421462858,2.5625276674159707
2021,25,26.821429907591003,28.352297833666828,-1.5308679260758247
2021,26,23.705743929832067,33.25873502493581,-9.552991095103742
2021,27,28.641504584011653,29.697595500774433,-1.0560909167627806
2021,28,38.303659742828884,34.96615869639243,3.337501046436458
2021,29,24.468230560384395,31.9264077977355,-7.458177237351105
2021,30,35.606706450696215,33.00604498494094,2.600661465755273
2021,31,27.032416639614155,31.762443360123203,-4.7300267205090485
2021,32,41.40085831931798,37.339333977424204,4.061524341893779
2021,33,27.584383537498898,32.28168733997862,-4.69730380247972
2021,34,28.50318882491156,30.029166433459576,-1.5259776085480148
2021,35,22.22529371112647,27.494268535340428,-5.268974824213959
2021,36,33.81135616118786,29.758517261958712,4.0528388992291475
2021,37,25.09216337555207,31.600059832757793,-6.5078964572057245
2021,38,22.583755121716077,36.643785102399725,-14.060029980683648
2021,39,27.736775849727245,32.02030898212813,-4.283533132400883
2021,40,33.966610912992714,34.729826550035284,-0.7632156370425704
2021,41,30.969369592471637,33.15956815336785,-2.1901985608962136
2021,42,26.96587929151336,30.504218748258445,-3.538339456745085
2021,44,29.817076422590794,30.187425617511554,-0.3703491949207596
2021,45,31.384384110787174,36.14253282005725,-4.758148709270074
2021,46,29.63691647290288,33.60927619029721,-3.9723597173943297
2021,47,35.89765678842178,32.9011885919995,2.9964681964222777
2021,48,29.565972669017164,30.791010396915052,-1.2250377278978881
2021,49,28.54449087758638,30.879364245228892,-2.334873367642512
2021,50,28.29430511292781,30.911364997950454,-2.6170598850226447
2021,51,24.49356461114457,29.50485714766739,-5.01129253652282
2021,53,23.867837338262476,28.693162889970754,-4.8253255517082785
2021,54,36.62487945998071,32.35066603734005,4.274213422640663
2021,55,31.399484133187432,31.52451985147743,-0.12503571828999682
2021,56,38.71328671328671,31.93264648823762,6.780640225049094
2022,1,30.86181520850368,32.05945980339134,-1.197644594887663
2022,2,35.819234194122885,35.06896080841185,0.7502733857110329
2022,4,30.90581748621582,31.52163082696321,-0.6158133407473905
2022,5,29.252432155657964,31.3465873097718,-2.0941551541138352
2022,6,28.636503684054542,29.732271443284432,-1.09576775922989
2022,8,30.071158394794363,30.761923715303922,-0.6907653205095592
2022,9,30.2196672358763,28.6327483384487,1.5869188974276014
2022,10,20.40184735513974,29.228123773988095,-8.826276418848355
2022,11,13.619277108433735,18.1934362906642,-4.5741591822304635
2022,12,41.47085131011259,33.773711049099724,7.697140261012869
2022,13,31.73237891820124,31.796787791610758,-0.06440887340951917
2022,15,40.158137980956624,37.09295014539834,3.065187835558284
2022,16,35.465879265091864,30.831000868642022,4.634878396449842
2022,17,30.64183438470011,30.784144928341156,-0.14231054364104523
2022,18,26.587020194234622,32.574359921856534,-5.987339727621912
2022,19,27.691294455753802,31.990916211513493,-4.299621755759691
2022,20,24.654726900115833,29.418475937569895,-4.763749037454062
2022,21,36.011914093118044,33.69021610801359,2.321697985104457
2022,22,29.05061490310139,31.05138461677848,-2.0007697136770908
2022,23,19.91219818124804,32.5937231179066,-12.681524936658558
2022,24,27.995138399469948,25.79674399294458,2.1983944065253667
2022,25,27.05333732863885,27.74119964254409,-0.6878623139052387
2022,26,23.274107451452274,31.173739248334613,-7.899631796882339
2022,27,33.43913618841219,29.528202655651626,3.9109335327605663
2022,28,29.22630560928433,35.2368373247752,-6.01053171549087
2022,29,24.638342696629216,30.80743642883601,-6.169093732206793
2022,30,39.128829826504244,34.272290351085154,4.8565394754190905
2022,31,26.404688038607375,31.40223114320873,-4.997543104601355
2022,32,46.38274239279764,34.8658315435849,11.516910849212735
2022,33,20.523520485584218,30.251612419379033,-9.728091933794815
2022,34,28.009472192526662,30.395939399232475,-2.386467206705813
2022,35,26.739035194470134,27.687888380818382,-0.9488531863482486
2022,36,33.48852179819248,30.289322770026928,3.199199028165552
2022,37,26.18228155628863,33.89451909670427,-7.712237540415643
2022,38,41.38052474027118,37.02909582109393,4.351428919177245
2022,39,21.22088783001896,29.339869516634824,-8.118981686615864
2022,40,36.16712023750618,33.77019003914859,2.3969301983575946
2022,41,24.492803653938076,31.58937198067633,-7.096568326738254
2022,42,25.941616067258288,30.10353462685288,-4.161918559594593
2022,44,39.98925020155872,31.79443747656422,8.194812724994499
2022,45,32.00631798111785,33.97349684915458,-1.9671788680367257
2022,46,41.2094064949608,31.211364662312178,9.998041832648624
2022,47,32.14579296576831,33.35189618243669,-1.2061032166683816
2022,48,30.4961306002747,30.480982198828084,0.015148401446616333
2022,49,39.10094942840534,27.281569502669118,11.819379925736225
2022,50,46.67513765353664,26.208952941626208,20.46618471191043
2022,51,27.13014822037293,28.70561159134759,-1.57546337097466
2022,53,25.233644859813083,30.0015350035634,-4.767890143750318
2022,54,32.087481638648605,31.989526804280572,0.0979548343680321
2022,55,23.9778534923339,30.79221494912566,-6.814361456791762
2022,56,34.30433116136451,30.00471963826256,4.299611523101948
2023,1,26.885467595963796,31.073160422447003,-4.187692826483207
2023,2,46.63549501931287,33.41318977119785,13.22230524811502
2023,4,31.820637493246895,31.471228465495777,0.3494090277511184
2023,5,31.419020271718168,31.110660233638594,0.3083600380795737
2023,6,29.01862628846622,29.967948845561214,-0.9493225570949946
2023,8,29.452027298273787,30.585030884342746,-1.1330035860689591
2023,9,32.015625,29.764538480818302,2.2510865191816976
2023,10,22.960426448264908,30.39316545153643,-7.4327390032715215
2023,11,18.62123613312203,17.975994160741802,0.6452419723802265
2023,12,41.07790767378816,33.57562884213444,7.502278831653719
2023,13,28.11421759115971,32.0063650385847,-3.8921474474249855
2023,15,42.65764633282289,38.81496772157724,3.8426786112456526
2023,16,46.738176499268654,34.41065079431303,12.327525704955626
2023,17,31.324322915666553,30.0291423839744,1.2951805316921536
2023,18,28.44285763172003,30.94662416129067,-2.5037665295706404
2023,19,26.52270365898178,31.134079040060726,-4.611375381078947
2023,20,27.749928158625753,30.014612220263338,-2.2646840616375847
2023,21,38.56794849486689,34.78500705088442,3.782941443982473
2023,22,38.43484009585985,31.13751143187951,7.297328663980338
2023,23,25.683763921509208,32.9464077824282,-7.262643860918995
2023,24,28.512798177432323,25.458267837842392,3.054530339589931
2023,25,26.851180829949563,27.7949452686477,-0.943764438698139
2023,26,22.25214305350761,31.510891645703857,-9.258748592196248
2023,27,29.485222958386064,29.735988332291573,-0.2507653739055087
2023,28,40.37995541339537,33.15144617032673,7.228509243068643
2023,29,23.494227068633737,28.828199753504162,-5.3339726848704245
2023,30,38.371433969393536,34.65144473631037,3.7199892330831688
2023,31,37.38666666666667,31.847679546648994,5.538987120017676
2023,32,42.73597158533676,35.59940487260555,7.1365667127312165
2023,33,25.94029850746269,30.766636077283664,-4.826337569820975
2023,34,29.313666879407986,29.888638642921446,-0.5749717635134601
2023,35,27.873641568963503,30.93415085256784,-3.060509283604336
2023,36,33.41667730148916,30.257382524258862,3.159294777230297
2023,37,25.599491656076168,32.18629189638413,-6.586800240307959
2023,38,14.047139642307238,31.731852254631608,-17.68471261232437
2023,39,27.96739187496719,30.311267119906244,-2.3438752449390527
2023,40,30.953294945617404,32.76941625844103,-1.816121312823622
2023,41,29.105018856977082,30.231928016889388,-1.1269091599123051
2023,42,29.04362161141631,29.661792510061595,-0.6181708986452854
2023,44,41.70428893905192,29.478111645748513,12.226177293303408
2023,45,33.513481411093956,34.677997605541556,-1.1645161944476001
2023,46,70.44258743423089,30.09487596322523,40.34771147100565
2023,47,35.685618291869844,33.15908942230429,2.526528869565553
2023,48,27.960091857070758,29.739054454916936,-1.7789625978461778
2023,49,29.317973289835862,30.236905578107816,-0.9189322882719537
2023,50,38.20812807881773,32.84500642102144,5.363121657796292
2023,51,27.409366439354198,28.17453711249541,-0.7651706731412133
2023,53,24.130215124402664,29.174246737180944,-5.04403161277828
2023,54,19.827789573012502,32.6060820815247,-12.778292508512195
2023,55,34.20322285348949,29.690335019213755,4.5128878342757375
2023,56,53.987730061349694,30.925583739291113,23.06214632205858
2024,1,28.70063173203654,32.691603999731164,-3.990972267694623
2024,2,43.019155627561226,35.66564740344836,7.353508224112865
2024,4,33.72918699239521,32.18892339012328,1.540263602271935
2024,5,33.748424309561095,34.67768513908659,-0.9292608295254965
2024,6,27.643686735088792,29.90912280042508,-2.2654360653362886
2024,8,35.75401876207986,31.822286578827768,3.931732183252091
2024,9,31.817387178142404,29.007669200078702,2.809717978063702
2024,10,20.11549955577094,25.661314493684433,-5.5458149379134944
2024,11,27.48934466088847,20.595968448729185,6.893376212159286
2024,12,43.540148995840966,34.25530099302953,9.284848002811437
2024,13,30.275564785328562,32.694803996358,-2.419239211029435
2024,15,41.24248805793826,39.177893174160246,2.064594883778014
2024,16,34.822834645669296,33.071077295081224,1.751757350588072
2024,17,31.093769147934825,30.20476568215857,0.8890034657762556
2024,18,36.070163970147625,31.602335617362904,4.467828352784721
2024,19,35.95306555139264,31.311621227709193,4.641444323683448
2024,20,22.099312302684712,31.252565963715597,-9.153253661030885
2024,21,40.01513254017951,32.18836517277022,7.826767367409289
2024,22,32.687739210769436,30.427946573788134,2.2597926369813024
2024,23,39.27463934205204,31.900485871776223,7.374153470275818
2024,24,28.31315234978379,25.46919218774026,2.8439601620435297
2024,25,27.48161159673357,29.198261836225363,-1.7166502394917948
2024,26,24.1161070855394,30.847946116291823,-6.731839030752422
2024,27,27.432374613739007,29.733707422721007,-2.301332808982
2024,28,29.945328031809144,32.19289503515495,-2.2475670033458037
2024,29,22.18690400508582,31.01612126917971,-8.829217264093888
2024,30,31.195928753180663,33.96581219790365,-2.769883444722989
2024,31,36.60901228948566,29.634751675801468,6.974260613684194
2024,32,42.56891196738814,37.08769783622601,5.481214131162126
2024,33,30.007237199203907,28.582359553746024,1.424877645457883
2024,34,29.30406932281454,29.98628995811102,-0.6822206352964777
2024,35,19.26793691311879,32.02831767280217,-12.760380759683379
2024,36,35.16037573813481,29.028362953176206,6.132012784958604
2024,37,28.32185839748455,32.37566933767408,-4.053810940189532
2024,38,34.78908757450711,33.03364599551893,1.7554415789881759
2024,39,27.268502462370815,30.376180946224785,-3.10767848385397
2024,40,27.33063262758287,31.742821221544016,-4.412188593961147
2024,41,28.961091562666123,31.549495281113572,-2.5884037184474487
2024,42,27.666679510397003,30.108479196598996,-2.4417996862019926
2024,44,32.154354637936216,28.366735406197236,3.7876192317389794
2024,45,27.756196668021126,33.45002969213428,-5.693833024113154
2024,46,42.96341587689799,33.615077698446036,9.348338178451954
2024,47,34.028493643115794,33.1821925662105,0.8463010769052914
2024,48,30.35797624151429,30.335124053033937,0.02285218848035342
2024,49,39.227093289008934,29.373183874102427,9.853909414906507
2024,50,43.097853220169746,31.443061734634025,11.654791485535721
2024,51,26.902689364012573,29.222426820750524,-2.3197374567379505
2024,53,24.483664921793995,29.04161513527706,-4.557950213483064
2024,54,22.354822834645667,32.485590867784545,-10.130768033138878
2024,55,28.758746398541778,29.304750791798632,-0.5460043932568546
2024,56,42.82675490427795,34.2871478535484,8.53960705072955
