YEAR,STATEFIP,nativity_group,weighted_denominator,weighted_numerator,incarceration_rate_pct
2008,1,Foreign-born,3824400,43700.0,1.1426629013701495
2008,1,US-born,66351400,2170700.0,3.2715210229173763
2008,2,Foreign-born,712300,6200.0,0.8704197669521269
2008,2,US-born,11430700,210100.0,1.83803266641588
2008,4,Foreign-born,24902300,848400.0,3.406914220774788
2008,4,US-born,81455600,2948100.0,3.619272339777744
2008,5,Foreign-born,3417600,20900.0,0.6115402621722846
2008,5,US-born,39619600,1528800.0,3.858696200870276
2008,6,Foreign-born,221044200,2831500.0,1.2809655263517432
2008,6,US-born,411881800,13364100.0,3.2446444586772225
2008,8,Foreign-born,13895900,317200.0,2.282687699249419
2008,8,US-born,71074000,1932500.0,2.718997101612404
2008,9,Foreign-born,9831100,47000.0,0.47807468136831077
2008,9,US-born,40073100,1078100.0,2.6903334156828396
2008,10,Foreign-born,1762200,22200.0,1.2597889002383384
2008,10,US-born,10986900,313100.0,2.849757438403917
2008,11,Foreign-born,2065500,5100.0,0.24691358024691357
2008,11,US-born,9035300,119100.0,1.3181632043208307
2008,12,Foreign-born,63677500,1286200.0,2.0198657296533313
2008,12,US-born,198738300,7982700.0,4.016689284350324
2008,13,Foreign-born,26913700,470700.0,1.748923410753631
2008,13,US-born,132130500,5750300.0,4.351985347819013
2008,15,Foreign-born,3394500,8700.0,0.25629695095006627
2008,15,US-born,17609800,109400.0,0.621244988585901
2008,16,Foreign-born,2205100,17300.0,0.784544918597796
2008,16,US-born,21921900,462300.0,2.1088500540555337
2008,17,Foreign-born,43190800,369600.0,0.8557377960121136
2008,17,US-born,165751500,4288900.0,2.5875482273161934
2008,18,Foreign-born,6821500,147800.0,2.1666788829436343
2008,18,US-born,92145700,2639200.0,2.86415969491794
2008,19,Foreign-born,3228700,48500.0,1.5021525691454765
2008,19,US-born,42041600,749800.0,1.7834716090729181
2008,20,Foreign-born,5032400,71200.0,1.4148318893569667
2008,20,US-born,39463000,961800.0,2.43721967412513
2008,21,Foreign-born,3441200,32500.0,0.9444379867488086
2008,21,US-born,61785200,1785700.0,2.8901743459598737
2008,22,Foreign-born,3191800,173300.0,5.4295381916160155
2008,22,US-born,64696900,2511500.0,3.8819479758690134
2008,23,Foreign-born,339000,30700.0,9.056047197640119
2008,23,US-born,17337900,287300.0,1.657063427520057
2008,24,Foreign-born,15782700,83100.0,0.5265258796023494
2008,24,US-born,69868200,2153700.0,3.082518227176312
2008,25,Foreign-born,20156500,190900.0,0.9470890283531368
2008,25,US-born,79407500,1300900.0,1.638258350911438
2008,26,Foreign-born,12866700,128400.0,0.9979248758422906
2008,26,US-born,138712000,4426400.0,3.1910721494895897
2008,27,Foreign-born,9644900,120500.0,1.249364949351471
2008,27,US-born,73000900,1220600.0,1.6720341804005157
2008,28,Foreign-born,1785000,122600.0,6.868347338935574
2008,28,US-born,43393100,1889000.0,4.3532266650688705
2008,29,Foreign-born,5163200,79500.0,1.5397427951657887
2008,29,US-born,85367000,2386400.0,2.795459603828177
2008,30,Foreign-born,359000,0.0,0.0
2008,30,US-born,14341700,279000.0,1.945376071177057
2008,31,Foreign-born,3083000,24300.0,0.7881933181965619
2008,31,US-born,24535600,298000.0,1.2145616981039795
2008,32,Foreign-born,12539300,190700.0,1.520818546489836
2008,32,US-born,30300100,770500.0,2.54289589803334
2008,33,Foreign-born,1282500,18400.0,1.4346978557504875
2008,33,US-born,17826700,167700.0,0.9407237458419112
2008,34,Foreign-born,35911800,333800.0,0.9294994959873913
2008,34,US-born,93607300,3072600.0,3.2824363057154726
2008,35,Foreign-born,4302800,131200.0,3.0491772799107557
2008,35,US-born,27122200,907400.0,3.3455988083562542
2008,36,Foreign-born,81329600,755100.0,0.9284442564576734
2008,36,US-born,225660900,5853900.0,2.594113557111578
2008,37,Foreign-born,20622000,228300.0,1.1070701192900785
2008,37,US-born,125850000,3441300.0,2.734445768772348
2008,38,Foreign-born,284500,0.0,0.0
2008,38,US-born,10778700,169500.0,1.5725458543238053
2008,39,Foreign-born,8629500,103500.0,1.1993742395272031
2008,39,US-born,162693300,4577000.0,2.8132688930644343
2008,40,Foreign-born,5300400,189400.0,3.5733152214927175
2008,40,US-born,52484300,1979500.0,3.7716040796962145
2008,41,Foreign-born,9611000,164400.0,1.7105400062428469
2008,41,US-born,50006700,1148000.0,2.295692377221452
2008,42,Foreign-born,13932500,296900.0,2.130988695496142
2008,42,US-born,167384100,5411000.0,3.2326845859313993
2008,44,Foreign-born,2540800,33200.0,1.306675062972292
2008,44,US-born,13735200,152600.0,1.1110140369270198
2008,45,Foreign-born,5372000,130400.0,2.4274013402829486
2008,45,US-born,63200600,2527800.0,3.9996455729850666
2008,46,Foreign-born,298700,31100.0,10.411784399062604
2008,46,US-born,11554700,303000.0,2.6223095363791358
2008,47,Foreign-born,7250700,107200.0,1.4784779400609596
2008,47,US-born,88349400,2358000.0,2.6689485157793937
2008,48,Foreign-born,101405800,2622800.0,2.5864398288855273
2008,48,US-born,309733200,12488000.0,4.031857095074083
2008,49,Foreign-born,6166700,48500.0,0.7864822352311609
2008,49,US-born,43351300,692000.0,1.5962612424540903
2008,50,Foreign-born,434300,0.0,0.0
2008,50,US-born,8308700,64900.0,0.7811089580800846
2008,51,Foreign-born,19011300,189600.0,0.9973016048350192
2008,51,US-born,104091000,3785200.0,3.6364335052982484
2008,53,Foreign-born,19200800,200900.0,1.0463105703929003
2008,53,US-born,85930000,1543200.0,1.7958803677411848
2008,54,Foreign-born,486400,26800.0,5.509868421052632
2008,54,US-born,26247600,587700.0,2.239061857084076
2008,55,Foreign-born,6500600,87400.0,1.3444912777282096
2008,55,US-born,80079500,2507400.0,3.1311384311840107
2008,56,Foreign-born,368800,22200.0,6.019522776572668
2008,56,US-born,7922500,167300.0,2.111707163142947
2009,1,Foreign-born,4140800,34800.0,0.8404173106646059
2009,1,US-born,67119700,2195100.0,3.2704258213311443
2009,2,Foreign-born,930800,5700.0,0.6123764503652771
2009,2,US-born,11289800,254600.0,2.2551329518680583
2009,4,Foreign-born,24076300,826700.0,3.4336671332389113
2009,4,US-born,84744200,2566700.0,3.0287618503685207
2009,5,Foreign-born,3289900,59100.0,1.7964071856287425
2009,5,US-born,40423400,1379600.0,3.4128747210773955
2009,6,Foreign-born,212476700,2973800.0,1.3995887549081851
2009,6,US-born,418335800,12886900.0,3.0805157005448733
2009,8,Foreign-born,13613400,245700.0,1.804839349464498
2009,8,US-born,72759900,2018000.0,2.773505735989192
2009,9,Foreign-born,9669900,103400.0,1.0692975108325835
2009,9,US-born,39906300,1211900.0,3.036863853577004
2009,10,Foreign-born,2024300,6500.0,0.3210986513856642
2009,10,US-born,11176100,380300.0,3.4027970401123824
2009,11,Foreign-born,1708400,0.0,0.0
2009,11,US-born,9667300,193000.0,1.996420924146349
2009,12,Foreign-born,64781900,851200.0,1.3139472599599578
2009,12,US-born,204572300,8514500.0,4.162098192179489
2009,13,Foreign-born,26743500,446500.0,1.669564567091069
2009,13,US-born,135945200,5803600.0,4.269073126524511
2009,15,Foreign-born,3184400,10200.0,0.3203115186534355
2009,15,US-born,18415300,312800.0,1.6985875874951808
2009,16,Foreign-born,2383800,39100.0,1.6402382750230724
2009,16,US-born,22478300,529600.0,2.356050057166245
2009,17,Foreign-born,41503000,377800.0,0.9102956412789437
2009,17,US-born,168241100,3868100.0,2.299140935241151
2009,18,Foreign-born,8129700,68300.0,0.840129402068957
2009,18,US-born,92377100,2571300.0,2.783482053452641
2009,19,Foreign-born,3231700,22700.0,0.702416684717022
2009,19,US-born,42578200,620100.0,1.4563790860111512
2009,20,Foreign-born,5124600,57300.0,1.118136049642899
2009,20,US-born,40004000,915700.0,2.289021097890211
2009,21,Foreign-born,3875600,55800.0,1.439777066776757
2009,21,US-born,63602400,2072100.0,3.2578959284555298
2009,22,Foreign-born,3554100,70600.0,1.9864381981373624
2009,22,US-born,67008300,2613400.0,3.900113866491166
2009,23,Foreign-born,495300,7300.0,1.4738542297597417
2009,23,US-born,17512100,237100.0,1.3539210031920785
2009,24,Foreign-born,16805100,111000.0,0.660513772604745
2009,24,US-born,70433000,2315900.0,3.288089389916658
2009,25,Foreign-born,20558700,138300.0,0.6727079046826892
2009,25,US-born,78963300,1437600.0,1.8205926044124296
2009,26,Foreign-born,12708900,42500.0,0.33441131805270324
2009,26,US-born,136777500,4142300.0,3.0284951837838827
2009,27,Foreign-born,9006800,78000.0,0.866012346227295
2009,27,US-born,73178000,1108700.0,1.5150728360982808
2009,28,Foreign-born,1813800,64300.0,3.5450435549674717
2009,28,US-born,43541900,1810900.0,4.158982497318674
2009,29,Foreign-born,5138500,67700.0,1.317505108494697
2009,29,US-born,86384400,2469900.0,2.859196799422118
2009,30,Foreign-born,461600,0.0,0.0
2009,30,US-born,14165200,236700.0,1.6709965266992348
2009,31,Foreign-born,3303900,37200.0,1.125942068464542
2009,31,US-born,25437000,425700.0,1.6735464087746197
2009,32,Foreign-born,11915100,113400.0,0.9517335146159077
2009,32,US-born,31569000,645000.0,2.043143590230923
2009,33,Foreign-born,1190800,9100.0,0.7641921397379913
2009,33,US-born,17706900,262100.0,1.4802139279038116
2009,34,Foreign-born,36589200,424900.0,1.1612716320662928
2009,34,US-born,92721300,2896100.0,3.123446284726379
2009,35,Foreign-born,4360900,155400.0,3.5634846018023802
2009,35,US-born,27137700,746700.0,2.7515227893299725
2009,36,Foreign-born,79951400,875300.0,1.0947900849766234
2009,36,US-born,221866300,5530900.0,2.4928977496807763
2009,37,Foreign-born,20027400,283500.0,1.4155606818658437
2009,37,US-born,129231200,3271600.0,2.5315867994725734
2009,38,Foreign-born,377700,0.0,0.0
2009,38,US-born,10455000,164100.0,1.5695839311334292
2009,39,Foreign-born,9176600,171000.0,1.863435259246344
2009,39,US-born,162646600,4508400.0,2.77189932036698
2009,40,Foreign-born,5856400,244100.0,4.168089611365343
2009,40,US-born,53695100,2299400.0,4.2823274376991565
2009,41,Foreign-born,9634900,210800.0,2.1878794798077825
2009,41,US-born,50517100,1295000.0,2.5634884029368274
2009,42,Foreign-born,13985000,339200.0,2.4254558455488024
2009,42,US-born,169502700,5787500.0,3.4143998886153435
2009,44,Foreign-born,3062700,24600.0,0.8032128514056224
2009,44,US-born,13096700,213000.0,1.6263638931944688
2009,45,Foreign-born,5652600,152000.0,2.6890280578848675
2009,45,US-born,64889100,2561900.0,3.948120716730545
2009,46,Foreign-born,469400,11900.0,2.5351512569237324
2009,46,US-born,11997200,147700.0,1.2311205948054547
2009,47,Foreign-born,8085000,215800.0,2.6691403834260976
2009,47,US-born,89173200,2306100.0,2.5860908882937923
2009,48,Foreign-born,102740600,2311000.0,2.2493541988269485
2009,48,US-born,315942300,13162600.0,4.1661404629896035
2009,49,Foreign-born,6338300,90800.0,1.4325607812820473
2009,49,US-born,43913500,561900.0,1.279560955059378
2009,50,Foreign-born,340900,5300.0,1.5547081255500146
2009,50,US-born,8879700,61600.0,0.6937171300832236
2009,51,Foreign-born,19096300,206900.0,1.0834559574367808
2009,51,US-born,107415800,3553500.0,3.3081725407249216
2009,53,Foreign-born,18585600,242500.0,1.30477358815427
2009,53,US-born,88648200,1548200.0,1.7464539607121181
2009,54,Foreign-born,494900,13900.0,2.8086482117599516
2009,54,US-born,26280900,536800.0,2.0425480101518594
2009,55,Foreign-born,6629400,87000.0,1.3123359580052492
2009,55,US-born,79826500,2637400.0,3.303915366450991
2009,56,Foreign-born,394400,0.0,0.0
2009,56,US-born,8740200,164400.0,1.8809638223381615
2010,1,Foreign-born,5299800,54200.0,1.022680101135892
2010,1,US-born,66032900,2261000.0,3.4240507383440675
2010,2,Foreign-born,922900,0.0,0.0
2010,2,US-born,10868900,258400.0,2.3774254984405045
2010,4,Foreign-born,18415000,1120400.0,6.084170513168612
2010,4,US-born,82700600,3272000.0,3.9564404611332926
2010,5,Foreign-born,3689400,50700.0,1.3742071881606763
2010,5,US-born,40605100,1376000.0,3.388736882805362
2010,6,Foreign-born,207050000,2408600.0,1.1632938903646461
2010,6,US-born,420541500,13334200.0,3.1707215578010732
2010,8,Foreign-born,12003000,421200.0,3.5091227193201697
2010,8,US-born,70931800,1964200.0,2.7691388065719464
2010,9,Foreign-born,9712000,51800.0,0.5333607907742999
2010,9,US-born,39627200,1283700.0,3.23944159567166
2010,10,Foreign-born,1760700,0.0,0.0
2010,10,US-born,11337100,423400.0,3.7346411339760612
2010,11,Foreign-born,2125700,14200.0,0.6680152420379168
2010,11,US-born,9972400,142000.0,1.4239300469295255
2010,12,Foreign-born,64487500,862800.0,1.3379337080829619
2010,12,US-born,202243800,8376400.0,4.141733887515959
2010,13,Foreign-born,26000900,545500.0,2.098004299851159
2010,13,US-born,127974200,5858200.0,4.577641430850906
2010,15,Foreign-born,3353000,37300.0,1.1124366239188788
2010,15,US-born,18150300,271000.0,1.493088268513468
2010,16,Foreign-born,2075300,82600.0,3.9801474485616537
2010,16,US-born,22249200,546300.0,2.455369181813279
2010,17,Foreign-born,39633300,364200.0,0.9189242379514196
2010,17,US-born,162373300,4458700.0,2.7459563856865628
2010,18,Foreign-born,7839700,186000.0,2.3725397655522533
2010,18,US-born,91405300,3069500.0,3.3581203715758274
2010,19,Foreign-born,3742700,102600.0,2.741336468325006
2010,19,US-born,41610800,733600.0,1.7630038355426958
2010,20,Foreign-born,4967600,96000.0,1.9325227474031723
2010,20,US-born,38866500,1112500.0,2.862362188517104
2010,21,Foreign-born,4225100,56500.0,1.3372464557051904
2010,21,US-born,61838200,2397700.0,3.8773767671115915
2010,22,Foreign-born,5250600,131100.0,2.4968575019997714
2010,22,US-born,66928300,3316000.0,4.9545558455840055
2010,23,Foreign-born,557000,8400.0,1.5080789946140034
2010,23,US-born,16961800,265000.0,1.562334186230235
2010,24,Foreign-born,17929900,116200.0,0.6480794650276912
2010,24,US-born,68425200,2029600.0,2.96615866669005
2010,25,Foreign-born,20151800,199200.0,0.9884973054516222
2010,25,US-born,77142100,1205900.0,1.5632190464091593
2010,26,Foreign-born,11696300,138500.0,1.1841351538520728
2010,26,US-born,131660300,3677100.0,2.792869224815681
2010,27,Foreign-born,9279900,94500.0,1.0183299389002036
2010,27,US-born,72021200,1321900.0,1.8354317895286387
2010,28,Foreign-born,1965000,114700.0,5.837150127226463
2010,28,US-born,44006000,2335400.0,5.307003590419488
2010,29,Foreign-born,5702000,60700.0,1.0645387583304105
2010,29,US-born,84294800,2567300.0,3.0456208449394273
2010,30,Foreign-born,202300,6400.0,3.1636183885318827
2010,30,US-born,14338800,239700.0,1.6716880073646327
2010,31,Foreign-born,2849700,86300.0,3.028388953223146
2010,31,US-born,25531200,474700.0,1.8592937268910195
2010,32,Foreign-born,11183100,131000.0,1.1714104318122882
2010,32,US-born,32878200,908700.0,2.763837436356005
2010,33,Foreign-born,1127200,12500.0,1.1089425124201562
2010,33,US-born,17024700,318000.0,1.8678743237766304
2010,34,Foreign-born,36994200,323700.0,0.8750020273448269
2010,34,US-born,91241000,2843300.0,3.1162525618965153
2010,35,Foreign-born,4137500,134500.0,3.2507552870090635
2010,35,US-born,27965400,917800.0,3.2819126492022286
2010,36,Foreign-born,80843700,662100.0,0.8189877504369543
2010,36,US-born,221721500,5458700.0,2.4619624168156897
2010,37,Foreign-born,21227500,178500.0,0.8408903544929927
2010,37,US-born,126397400,3832200.0,3.0318661618039613
2010,38,Foreign-born,609000,0.0,0.0
2010,38,US-born,11071600,183600.0,1.6582969037898767
2010,39,Foreign-born,10359700,244400.0,2.3591416739866986
2010,39,US-born,156797300,5071300.0,3.2343031416995065
2010,40,Foreign-born,5975200,79200.0,1.3254786450662739
2010,40,US-born,53328900,2381400.0,4.465496194371158
2010,41,Foreign-born,9141700,116100.0,1.2700044849426255
2010,41,US-born,50061400,1245100.0,2.4871457849760494
2010,42,Foreign-born,15350600,296500.0,1.931520592028976
2010,42,US-born,167241700,5847600.0,3.4964963881615647
2010,44,Foreign-born,2428500,40400.0,1.6635783405394275
2010,44,US-born,12776800,231600.0,1.8126604470602967
2010,45,Foreign-born,6986900,136600.0,1.9550873778070388
2010,45,US-born,63605300,2426500.0,3.8149336611886113
2010,46,Foreign-born,513300,6600.0,1.2857977790765636
2010,46,US-born,11890600,379100.0,3.1882327216456696
2010,47,Foreign-born,8505500,60700.0,0.7136558697313503
2010,47,US-born,86259800,2847900.0,3.3015379122140325
2010,48,Foreign-born,98833000,2337700.0,2.365303087025589
2010,48,US-born,319753400,13266600.0,4.149009830700784
2010,49,Foreign-born,5920200,116400.0,1.966149792236749
2010,49,US-born,43019100,732700.0,1.7031969520515307
2010,50,Foreign-born,429900,0.0,0.0
2010,50,US-born,8349600,119500.0,1.4312062853310337
2010,51,Foreign-born,21729700,169800.0,0.7814189795533302
2010,51,US-born,103312800,3855200.0,3.7315802107773677
2010,53,Foreign-born,19865500,198000.0,0.9967028265082681
2010,53,US-born,86717900,1876100.0,2.1634518363567383
2010,54,Foreign-born,652800,34900.0,5.346200980392156
2010,54,US-born,26538000,1003800.0,3.7825005652272212
2010,55,Foreign-born,6190400,133800.0,2.161411217368829
2010,55,US-born,78753500,2173800.0,2.7602582742354307
2010,56,Foreign-born,412600,0.0,0.0
2010,56,US-born,8540200,186500.0,2.1837896068007776
2011,1,Foreign-born,4604600,96000.0,2.0848716500890414
2011,1,US-born,66226500,2482600.0,3.7486504646931365
2011,2,Foreign-born,818100,0.0,0.0
2011,2,US-born,11544000,221600.0,1.9196119196119197
2011,4,Foreign-born,17868300,1026800.0,5.746489593302106
2011,4,US-born,84331300,3757900.0,4.456115345073537
2011,5,Foreign-born,3013900,70700.0,2.345797803510402
2011,5,US-born,41096600,1357200.0,3.3024629774725884
2011,6,Foreign-born,203104500,2127500.0,1.0474903313319006
2011,6,US-born,428649200,12626800.0,2.9457187835647423
2011,8,Foreign-born,11864400,350600.0,2.9550588314621895
2011,8,US-born,73174700,2117300.0,2.8934864099203685
2011,9,Foreign-born,9416800,74700.0,0.793263104239232
2011,9,US-born,39586600,1141700.0,2.8840567262659587
2011,10,Foreign-born,1878400,14100.0,0.7506388415672912
2011,10,US-born,11075000,443100.0,4.000902934537246
2011,11,Foreign-born,2390700,20700.0,0.8658551888568202
2011,11,US-born,10114300,258100.0,2.551832553908822
2011,12,Foreign-born,64308700,919000.0,1.429044592722291
2011,12,US-born,204841300,8842200.0,4.31660998050686
2011,13,Foreign-born,25095600,707400.0,2.818820829149333
2011,13,US-born,130469600,5488400.0,4.206650438109721
2011,15,Foreign-born,3336600,38000.0,1.1388838937840917
2011,15,US-born,18057200,228500.0,1.265423210686042
2011,16,Foreign-born,2014100,42300.0,2.1001936348741372
2011,16,US-born,22113200,622700.0,2.815965124902773
2011,17,Foreign-born,39752400,337500.0,0.8490053430736256
2011,17,US-born,163068100,4245400.0,2.6034521773418593
2011,18,Foreign-born,7898400,98100.0,1.2420237010027346
2011,18,US-born,92263700,3060000.0,3.316580627050508
2011,19,Foreign-born,3991100,49900.0,1.2502818771767181
2011,19,US-born,42636100,728900.0,1.7095841317568916
2011,20,Foreign-born,4939000,78000.0,1.579267058108929
2011,20,US-born,38897400,1107900.0,2.848262351725308
2011,21,Foreign-born,3865500,145100.0,3.7537187944638473
2011,21,US-born,62422500,2311100.0,3.7023509151347676
2011,22,Foreign-born,5015200,174500.0,3.4794225554314884
2011,22,US-born,66650800,3264000.0,4.897165525395044
2011,23,Foreign-born,597700,0.0,0.0
2011,23,US-born,17039400,279900.0,1.6426634740659884
2011,24,Foreign-born,17495600,110700.0,0.6327305151009397
2011,24,US-born,69652600,2135300.0,3.0656429192880092
2011,25,Foreign-born,19981700,97700.0,0.48894738685897593
2011,25,US-born,77079100,1252100.0,1.6244351581686864
2011,26,Foreign-born,12318600,81100.0,0.6583540337376
2011,26,US-born,132730600,3842900.0,2.895263036556755
2011,27,Foreign-born,9610600,157700.0,1.6408965101034276
2011,27,US-born,71529300,1127900.0,1.5768363453857368
2011,28,Foreign-born,2226600,377100.0,16.93613581244947
2011,28,US-born,43008200,2023900.0,4.705846792007105
2011,29,Foreign-born,6319300,66400.0,1.0507492918519457
2011,29,US-born,83349900,2472200.0,2.966050349190581
2011,30,Foreign-born,257900,0.0,0.0
2011,30,US-born,14682100,310800.0,2.116863391476696
2011,31,Foreign-born,3130500,56200.0,1.7952403769365917
2011,31,US-born,24864500,490500.0,1.9726919905889924
2011,32,Foreign-born,11476700,225100.0,1.9613652007981388
2011,32,US-born,32127400,989200.0,3.078991764039418
2011,33,Foreign-born,1164500,0.0,0.0
2011,33,US-born,16945400,258100.0,1.523127220366589
2011,34,Foreign-born,37246900,444000.0,1.1920455125124507
2011,34,US-born,90431100,2576900.0,2.849572768660339
2011,35,Foreign-born,4568400,256200.0,5.608090359863409
2011,35,US-born,27996500,928300.0,3.3157716143089315
2011,36,Foreign-born,81386800,633900.0,0.7788732325143635
2011,36,US-born,222897900,5067200.0,2.273327833057198
2011,37,Foreign-born,20498000,251400.0,1.226461118157869
2011,37,US-born,126308400,3649700.0,2.8895148699532256
2011,38,Foreign-born,466200,3200.0,0.6864006864006864
2011,38,US-born,11218600,175400.0,1.5634749433975719
2011,39,Foreign-born,9923500,230900.0,2.3268000201541796
2011,39,US-born,157710300,4511700.0,2.860751643995351
2011,40,Foreign-born,6096300,84300.0,1.3828059642734118
2011,40,US-born,53877300,2249900.0,4.175970213800617
2011,41,Foreign-born,8783500,169200.0,1.9263391586497411
2011,41,US-born,51094600,1194500.0,2.337820435036188
2011,42,Foreign-born,15158300,328800.0,2.1691086731361695
2011,42,US-born,169104400,5942600.0,3.514160483109842
2011,44,Foreign-born,2951100,0.0,0.0
2011,44,US-born,13378300,264500.0,1.9770822899770522
2011,45,Foreign-born,6342100,126000.0,1.9867236404345565
2011,45,US-born,64921400,2462200.0,3.7925861118213717
2011,46,Foreign-born,555300,12000.0,2.160994057266343
2011,46,US-born,12029800,327500.0,2.7224060250378224
2011,47,Foreign-born,8595800,154400.0,1.796226063891668
2011,47,US-born,87708800,2719600.0,3.1007150935823997
2011,48,Foreign-born,99663000,2879400.0,2.8891363896330637
2011,48,US-born,323822800,12246800.0,3.781944940257449
2011,49,Foreign-born,5876300,78100.0,1.3290676105712778
2011,49,US-born,43668800,669900.0,1.5340471915875866
2011,50,Foreign-born,395800,0.0,0.0
2011,50,US-born,8383600,105400.0,1.2572164702514432
2011,51,Foreign-born,20346400,258000.0,1.2680375889592261
2011,51,US-born,107051300,3524900.0,3.2927204060109503
2011,53,Foreign-born,19865600,302900.0,1.5247462951030928
2011,53,US-born,88881200,1591800.0,1.7909299154376856
2011,54,Foreign-born,680300,77700.0,11.421431721299426
2011,54,US-born,26025600,839400.0,3.2252858723718187
2011,55,Foreign-born,6621200,121500.0,1.8350148009424274
2011,55,US-born,79086500,2425200.0,3.0665157770289495
2011,56,Foreign-born,402700,18600.0,4.618822945120437
2011,56,US-born,8931300,185400.0,2.0758456215780456
2012,1,Foreign-born,4409700,53900.0,1.2223053722475452
2012,1,US-born,66316800,2486600.0,3.7495777842115423
2012,2,Foreign-born,491300,0.0,0.0
2012,2,US-born,12309100,289100.0,2.34866887099788
2012,4,Foreign-born,18071700,1145200.0,6.336979918878689
2012,4,US-born,84146900,3166900.0,3.7635373376797
2012,5,Foreign-born,3822000,58400.0,1.5279958137100993
2012,5,US-born,40400600,1356900.0,3.358613485938328
2012,6,Foreign-born,195729700,2181700.0,1.1146494374640128
2012,6,US-born,441571500,11446700.0,2.5922642199507897
2012,8,Foreign-born,11964300,270500.0,2.26089282281454
2012,8,US-born,74736100,2152100.0,2.8795990157367055
2012,9,Foreign-born,9840100,68600.0,0.6971473867135497
2012,9,US-born,39645900,1067700.0,2.6930905843983868
2012,10,Foreign-born,1642600,13100.0,0.7975161329599415
2012,10,US-born,11484100,363000.0,3.16089201591766
2012,11,Foreign-born,2153300,18700.0,0.8684344958900292
2012,11,US-born,10599900,167800.0,1.583033802205681
2012,12,Foreign-born,62342900,967700.0,1.5522216643755744
2012,12,US-born,210692000,8419900.0,3.996307406071422
2012,13,Foreign-born,24029400,606000.0,2.521910659442183
2012,13,US-born,131330500,5944000.0,4.5259859667023274
2012,15,Foreign-born,3382200,16500.0,0.48784814617704453
2012,15,US-born,19765700,329900.0,1.6690529553721851
2012,16,Foreign-born,2488000,12000.0,0.48231511254019294
2012,16,US-born,22268700,656100.0,2.9462878389847633
2012,17,Foreign-born,38211600,291500.0,0.7628573522176512
2012,17,US-born,162620100,4285300.0,2.6351601062845242
2012,18,Foreign-born,8168300,85000.0,1.0406082048896341
2012,18,US-born,89914400,2993900.0,3.329722491614247
2012,19,Foreign-born,4251200,43700.0,1.0279450508091834
2012,19,US-born,42041100,864100.0,2.0553696263894143
2012,20,Foreign-born,5424600,69400.0,1.279357003281348
2012,20,US-born,39518600,1060600.0,2.6837995273111903
2012,21,Foreign-born,3498600,98200.0,2.8068370205224946
2012,21,US-born,63196600,2508100.0,3.9687261656481514
2012,22,Foreign-born,4085900,124500.0,3.04706429428033
2012,22,US-born,68493800,3684600.0,5.3794650026717745
2012,23,Foreign-born,614300,0.0,0.0
2012,23,US-born,16661600,283800.0,1.7033178086138188
2012,24,Foreign-born,18566500,92100.0,0.4960547222147416
2012,24,US-born,69753700,2152400.0,3.085714449556081
2012,25,Foreign-born,19629300,186400.0,0.9496008517878886
2012,25,US-born,79916200,1333200.0,1.6682474892449843
2012,26,Foreign-born,11394300,83400.0,0.7319449198283352
2012,26,US-born,131430000,3711500.0,2.8239366963402572
2012,27,Foreign-born,9875300,169400.0,1.715390924832663
2012,27,US-born,71988700,1079600.0,1.4996798108592042
2012,28,Foreign-born,1927400,298000.0,15.461243125453981
2012,28,US-born,43259200,2130900.0,4.925888597107667
2012,29,Foreign-born,5166500,44900.0,0.8690602922674925
2012,29,US-born,84962500,2517400.0,2.962954244519641
2012,30,Foreign-born,164700,7600.0,4.61445051608986
2012,30,US-born,14201100,279300.0,1.966749054650696
2012,31,Foreign-born,2905500,49600.0,1.7071072104629152
2012,31,US-born,25705000,508000.0,1.9762692083252287
2012,32,Foreign-born,11171300,172700.0,1.545925720372741
2012,32,US-born,32451300,996900.0,3.0719878710560127
2012,33,Foreign-born,1236300,12600.0,1.019170104343606
2012,33,US-born,17231600,268300.0,1.5570231435270085
2012,34,Foreign-born,36447200,333200.0,0.9141991703066353
2012,34,US-born,91941600,2817500.0,3.0644452565541607
2012,35,Foreign-born,4367300,159400.0,3.6498523114968062
2012,35,US-born,27374500,937800.0,3.425815996639208
2012,36,Foreign-born,80542100,611200.0,0.7588577899011821
2012,36,US-born,224589300,5309000.0,2.363870407005142
2012,37,Foreign-born,19998200,322300.0,1.611645048054325
2012,37,US-born,127993300,3702300.0,2.8925732831327893
2012,38,Foreign-born,359900,35100.0,9.752709085857182
2012,38,US-born,11828000,157600.0,1.332431518430842
2012,39,Foreign-born,9637500,170900.0,1.7732814526588845
2012,39,US-born,156943000,4423900.0,2.81879408447653
2012,40,Foreign-born,5946900,55000.0,0.9248516033563705
2012,40,US-born,54298900,2150900.0,3.961222050538777
2012,41,Foreign-born,8952100,160700.0,1.7951095273734654
2012,41,US-born,51280000,1207200.0,2.3541341653666144
2012,42,Foreign-born,14717200,363200.0,2.467860734378822
2012,42,US-born,168403700,5573800.0,3.3097847612611835
2012,44,Foreign-born,2563600,11000.0,0.4290841004836948
2012,44,US-born,13199100,241700.0,1.8311854596146706
2012,45,Foreign-born,5912100,160200.0,2.70969706195768
2012,45,US-born,64783000,2298600.0,3.5481530648472592
2012,46,Foreign-born,612600,0.0,0.0
2012,46,US-born,12176100,362000.0,2.973037343648623
2012,47,Foreign-born,7746200,118500.0,1.5297823448916887
2012,47,US-born,88907400,2771600.0,3.1174008012831327
2012,48,Foreign-born,96686600,2711100.0,2.804008001108737
2012,48,US-born,334692400,12956300.0,3.871106723666268
2012,49,Foreign-born,5776700,132200.0,2.288503817058182
2012,49,US-born,44436800,721300.0,1.623204191120873
2012,50,Foreign-born,340300,900.0,0.2644725242433147
2012,50,US-born,8531000,92500.0,1.0842808580471222
2012,51,Foreign-born,21128600,317500.0,1.5027024980358377
2012,51,US-born,107507000,3522000.0,3.2760657445561683
2012,53,Foreign-born,20271100,294000.0,1.4503406327234338
2012,53,US-born,88515100,1609500.0,1.8183338210090707
2012,54,Foreign-born,571900,0.0,0.0
2012,54,US-born,26082200,932100.0,3.573701604925965
2012,55,Foreign-born,6199200,64400.0,1.0388437217705508
2012,55,US-born,77115200,2387000.0,3.0953690063696913
2012,56,Foreign-born,376000,9400.0,2.5
2012,56,US-born,8928100,178600.0,2.0004256224728665
2013,1,Foreign-born,4600200,172400.0,3.7476631450806486
2013,1,US-born,67377900,2262300.0,3.357629133588313
2013,2,Foreign-born,463300,0.0,0.0
2013,2,US-born,12793000,296600.0,2.3184554052997735
2013,4,Foreign-born,18192200,924000.0,5.079099833994789
2013,4,US-born,84965600,3800800.0,4.473339798695001
2013,5,Foreign-born,3768500,16800.0,0.4458007164654372
2013,5,US-born,39981800,1382900.0,3.4588237648129896
2013,6,Foreign-born,188641200,2229200.0,1.1817142808675942
2013,6,US-born,453229000,11505900.0,2.538650439402598
2013,8,Foreign-born,11255400,167500.0,1.4881745650976421
2013,8,US-born,76439300,2113700.0,2.765200623239616
2013,9,Foreign-born,9382800,35400.0,0.3772860979664919
2013,9,US-born,41059800,1008800.0,2.4569043200405263
2013,10,Foreign-born,1938900,9400.0,0.4848109752952705
2013,10,US-born,11465900,405400.0,3.53570151492687
2013,11,Foreign-born,2242800,15100.0,0.6732655609060104
2013,11,US-born,10702900,251500.0,2.349830419792766
2013,12,Foreign-born,62012100,761500.0,1.227986151089868
2013,12,US-born,211225000,8507300.0,4.027600899514735
2013,13,Foreign-born,23628800,624100.0,2.6412682827735643
2013,13,US-born,133229600,5850300.0,4.391141307937575
2013,15,Foreign-born,3569600,41800.0,1.1709995517705065
2013,15,US-born,19560100,260400.0,1.331281537415453
2013,16,Foreign-born,2162000,50900.0,2.3543015726179464
2013,16,US-born,22453300,694000.0,3.0908596954567926
2013,17,Foreign-born,36475200,217100.0,0.5951989296837303
2013,17,US-born,164401300,4535500.0,2.7587981360244718
2013,18,Foreign-born,8410500,27000.0,0.32102728731942215
2013,18,US-born,91047800,3192800.0,3.5067294322323
2013,19,Foreign-born,4215200,37600.0,0.8920098690453596
2013,19,US-born,41935100,808400.0,1.9277407231650814
2013,20,Foreign-born,4934900,82800.0,1.6778455490486128
2013,20,US-born,41137600,1005100.0,2.443263583680137
2013,21,Foreign-born,4145900,75000.0,1.8090161364239368
2013,21,US-born,62528900,2445700.0,3.911311409604199
2013,22,Foreign-born,4719900,321900.0,6.820059747028538
2013,22,US-born,68816800,3355900.0,4.876570837353669
2013,23,Foreign-born,642300,4000.0,0.6227619492449011
2013,23,US-born,16920100,219900.0,1.2996377089969917
2013,24,Foreign-born,17437300,59100.0,0.3389286185361266
2013,24,US-born,72090200,2203100.0,3.056032581404962
2013,25,Foreign-born,20399500,178100.0,0.873060614230741
2013,25,US-born,79558500,1453100.0,1.8264547471357557
2013,26,Foreign-born,10997600,38300.0,0.34825780170218956
2013,26,US-born,132890600,3317500.0,2.4964143438286834
2013,27,Foreign-born,10002400,39600.0,0.395904982804127
2013,27,US-born,72015800,1131000.0,1.5704886983134256
2013,28,Foreign-born,1631500,205400.0,12.58964143426295
2013,28,US-born,43062600,2077500.0,4.82437196081983
2013,29,Foreign-born,5073000,18700.0,0.36861817465010843
2013,29,US-born,85705500,2628500.0,3.0668976903465937
2013,30,Foreign-born,246000,0.0,0.0
2013,30,US-born,14863000,307000.0,2.0655318576330486
2013,31,Foreign-born,2927000,67400.0,2.3026990092244617
2013,31,US-born,26300500,421900.0,1.6041520123191577
2013,32,Foreign-born,10150600,137600.0,1.3555848915335054
2013,32,US-born,33985700,969000.0,2.851199180831938
2013,33,Foreign-born,1210600,5600.0,0.4625805385759128
2013,33,US-born,17008200,292800.0,1.7215225597064945
2013,34,Foreign-born,37565500,306400.0,0.8156420119524563
2013,34,US-born,90805100,2489300.0,2.7413658483939773
2013,35,Foreign-born,4657900,442500.0,9.499989265548853
2013,35,US-born,27690300,703300.0,2.5398785856419037
2013,36,Foreign-born,79663000,601600.0,0.7551812008084053
2013,36,US-born,229580700,5020000.0,2.186594953321425
2013,37,Foreign-born,20397800,239400.0,1.1736559825079176
2013,37,US-born,130438400,3503500.0,2.6859421765369706
2013,38,Foreign-born,544100,0.0,0.0
2013,38,US-born,12440300,183600.0,1.4758486531675281
2013,39,Foreign-born,10796700,152400.0,1.4115424157381422
2013,39,US-born,156844500,4483200.0,2.858372464447271
2013,40,Foreign-born,6498900,105900.0,1.629506531874625
2013,40,US-born,54164700,2097400.0,3.872263669880937
2013,41,Foreign-born,8965000,135200.0,1.5080870050195203
2013,41,US-born,50685100,1101600.0,2.173419801874713
2013,42,Foreign-born,16787600,272400.0,1.6226262241178013
2013,42,US-born,167693800,5908600.0,3.5234457087858946
2013,44,Foreign-born,2660800,0.0,0.0
2013,44,US-born,13359700,181500.0,1.3585634407958262
2013,45,Foreign-born,5833100,139800.0,2.396667295263239
2013,45,US-born,65186500,2516300.0,3.860155093462603
2013,46,Foreign-born,710000,7200.0,1.0140845070422535
2013,46,US-born,12466300,373500.0,2.996077424737091
2013,47,Foreign-born,8660600,24600.0,0.28404498533588896
2013,47,US-born,88347600,2856000.0,3.232685437974546
2013,48,Foreign-born,99111800,2195400.0,2.21507428984238
2013,48,US-born,335936500,13646800.0,4.062315348287549
2013,49,Foreign-born,5520700,9700.0,0.17570235658521566
2013,49,US-born,45023400,836400.0,1.8577006623222592
2013,50,Foreign-born,445800,0.0,0.0
2013,50,US-born,8223400,105700.0,1.2853564219179416
2013,51,Foreign-born,21054200,256400.0,1.217809273209146
2013,51,US-born,109294200,3838600.0,3.5121717346391668
2013,53,Foreign-born,21312800,194400.0,0.9121279231260089
2013,53,US-born,89554600,1747100.0,1.9508768952125295
2013,54,Foreign-born,596300,59500.0,9.978198893174577
2013,54,US-born,26085800,838500.0,3.214392504734376
2013,55,Foreign-born,7173100,32100.0,0.44750526271765345
2013,55,US-born,78500800,2514800.0,3.2035342314982778
2013,56,Foreign-born,319200,0.0,0.0
2013,56,US-born,8844800,163600.0,1.8496743849493489
2014,1,Foreign-born,4071500,48000.0,1.1789266854967457
2014,1,US-born,67284900,2484700.0,3.6928047749197814
2014,2,Foreign-born,965000,0.0,0.0
2014,2,US-born,12613600,308000.0,2.441808841250713
2014,4,Foreign-born,18720300,1007900.0,5.383994914611411
2014,4,US-born,84823100,3684900.0,4.34421755394462
2014,5,Foreign-born,3921700,0.0,0.0
2014,5,US-born,39765200,1472800.0,3.7037409594318653
2014,6,Foreign-born,186545000,2211900.0,1.1857192634484977
2014,6,US-born,462437700,11445200.0,2.4749712231507077
2014,8,Foreign-born,12011800,196700.0,1.6375564028705107
2014,8,US-born,77490800,2018000.0,2.6041801091226318
2014,9,Foreign-born,10025700,53500.0,0.5336285745633721
2014,9,US-born,40762600,1081600.0,2.653412687120056
2014,10,Foreign-born,2083700,0.0,0.0
2014,10,US-born,11635800,377300.0,3.2425789374172815
2014,11,Foreign-born,2330300,14700.0,0.6308200660859117
2014,11,US-born,11183500,202400.0,1.8098090937541913
2014,12,Foreign-born,65676500,907800.0,1.3822295646083456
2014,12,US-born,213360400,8511700.0,3.9893532258094755
2014,13,Foreign-born,22815600,459200.0,2.01265800592577
2014,13,US-born,133795900,5650900.0,4.223522544412796
2014,15,Foreign-born,2773100,67300.0,2.426886877501713
2014,15,US-born,20654500,272600.0,1.3198092425379457
2014,16,Foreign-born,2457000,17900.0,0.7285307285307285
2014,16,US-born,22835300,658800.0,2.8850069847998494
2014,17,Foreign-born,35370900,202800.0,0.573352671263666
2014,17,US-born,165895300,4410200.0,2.658423716645378
2014,18,Foreign-born,8345700,89000.0,1.066417436524198
2014,18,US-born,91783400,2793900.0,3.044014494995827
2014,19,Foreign-born,3985200,75300.0,1.889491117133394
2014,19,US-born,42557700,741200.0,1.7416354737215594
2014,20,Foreign-born,5256300,24400.0,0.4642048589311874
2014,20,US-born,40132300,1157200.0,2.883462946305096
2014,21,Foreign-born,4355600,43400.0,0.9964184038938377
2014,21,US-born,62457400,2437100.0,3.9020196165706547
2014,22,Foreign-born,5164700,165800.0,3.21025422580208
2014,22,US-born,68959300,3745100.0,5.430884594246171
2014,23,Foreign-born,614000,0.0,0.0
2014,23,US-born,16541600,218100.0,1.318493978817043
2014,24,Foreign-born,18476100,163900.0,0.8870919728730631
2014,24,US-born,72117200,2142600.0,2.9709972100968978
2014,25,Foreign-born,20681300,158100.0,0.7644587139106342
2014,25,US-born,79519000,1255500.0,1.578867943510356
2014,26,Foreign-born,12269900,42200.0,0.3439310833829127
2014,26,US-born,131306800,3410000.0,2.5969713678194886
2014,27,Foreign-born,10795000,157200.0,1.4562297359888836
2014,27,US-born,72495000,1055900.0,1.4565142423615423
2014,28,Foreign-born,1639400,239000.0,14.57850433085275
2014,28,US-born,44273900,2318400.0,5.236493735586881
2014,29,Foreign-born,4912100,67200.0,1.3680503247083733
2014,29,US-born,85743900,2480800.0,2.8932670429033434
2014,30,Foreign-born,505100,12800.0,2.5341516531379926
2014,30,US-born,14765900,361700.0,2.449562844120575
2014,31,Foreign-born,2956100,29000.0,0.9810222928858969
2014,31,US-born,25891800,564300.0,2.1794544991078255
2014,32,Foreign-born,10053000,134000.0,1.3329354421565702
2014,32,US-born,34457900,1071600.0,3.10988191387171
2014,33,Foreign-born,1181100,15600.0,1.3208026416052834
2014,33,US-born,17330400,286300.0,1.6520103402114206
2014,34,Foreign-born,36844800,285000.0,0.7735148514851485
2014,34,US-born,92871300,2485500.0,2.676284277274034
2014,35,Foreign-born,4125900,175000.0,4.241498824498898
2014,35,US-born,28420500,946100.0,3.3289350996639753
2014,36,Foreign-born,79789700,502600.0,0.629905865042731
2014,36,US-born,228740400,5223000.0,2.2833745153894984
2014,37,Foreign-born,19292700,123700.0,0.6411751595162938
2014,37,US-born,129185000,2963400.0,2.2939195727058097
2014,38,Foreign-born,662400,16900.0,2.551328502415459
2014,38,US-born,12887800,179700.0,1.3943419357842302
2014,39,Foreign-born,10156700,215800.0,2.124705859186547
2014,39,US-born,158027300,4494800.0,2.8443186715206803
2014,40,Foreign-born,5928100,8000.0,0.13495049003896697
2014,40,US-born,55477700,2174800.0,3.9201336753326115
2014,41,Foreign-born,8641400,73100.0,0.8459277431897609
2014,41,US-born,51820100,1176900.0,2.2711264547926384
2014,42,Foreign-born,17292400,390700.0,2.259374060280817
2014,42,US-born,169364100,5878800.0,3.4711016089005877
2014,44,Foreign-born,2493000,0.0,0.0
2014,44,US-born,13334300,199600.0,1.4968914753680358
2014,45,Foreign-born,6132000,237700.0,3.876386170906719
2014,45,US-born,66387000,2278800.0,3.4325997559763204
2014,46,Foreign-born,777200,33100.0,4.25887802367473
2014,46,US-born,12696400,354700.0,2.793705302290413
2014,47,Foreign-born,8480100,108400.0,1.2782868126555111
2014,47,US-born,89047700,2725700.0,3.060943741388043
2014,48,Foreign-born,99580000,2665400.0,2.676641895963045
2014,48,US-born,342492900,12134200.0,3.542905560961994
2014,49,Foreign-born,6264400,80900.0,1.2914245578187853
2014,49,US-born,44893500,812400.0,1.809616091416352
2014,50,Foreign-born,390100,0.0,0.0
2014,50,US-born,8208000,75800.0,0.9234892787524367
2014,51,Foreign-born,20822700,180000.0,0.8644412107939892
2014,51,US-born,110249400,3684500.0,3.3419683009612755
2014,53,Foreign-born,20193000,155000.0,0.7675927301540137
2014,53,US-born,92901600,1559200.0,1.6783349264167677
2014,54,Foreign-born,557000,110000.0,19.748653500897667
2014,54,US-born,25681900,894700.0,3.48377651186244
2014,55,Foreign-born,6192200,73100.0,1.1805174251477666
2014,55,US-born,79463600,2084600.0,2.6233394912890935
2014,56,Foreign-born,549500,0.0,0.0
2014,56,US-born,9160800,187100.0,2.042398043838966
2015,1,Foreign-born,4132700,53700.0,1.2993926488736178
2015,1,US-born,66803100,2161700.0,3.235927674015128
2015,2,Foreign-born,987300,18200.0,1.8434113238124177
2015,2,US-born,13132300,242000.0,1.8427845845739135
2015,4,Foreign-born,17262600,874000.0,5.062968498372204
2015,4,US-born,88392800,3767300.0,4.2619987148274525
2015,5,Foreign-born,3674200,0.0,0.0
2015,5,US-born,40219800,1552400.0,3.8597904514691774
2015,6,Foreign-born,184090400,1685000.0,0.9153111732062074
2015,6,US-born,469581500,11785500.0,2.5097879707782353
2015,8,Foreign-born,12522800,156000.0,1.2457277925064683
2015,8,US-born,80411800,1818800.0,2.2618570906260023
2015,9,Foreign-born,9654000,13900.0,0.14398176921483324
2015,9,US-born,41113100,1135200.0,2.7611637166742478
2015,10,Foreign-born,1894900,7500.0,0.3957992506200855
2015,10,US-born,12083800,404100.0,3.344146708816763
2015,11,Foreign-born,2316900,0.0,0.0
2015,11,US-born,11225300,186900.0,1.6649889089823877
2015,12,Foreign-born,65130100,674100.0,1.0350053201208043
2015,12,US-born,214987200,8665800.0,4.030844627028958
2015,13,Foreign-born,24073500,463100.0,1.9236920265021704
2015,13,US-born,135131700,5651800.0,4.182438317582033
2015,15,Foreign-born,3410300,40300.0,1.1817142186904377
2015,15,US-born,20620000,263800.0,1.2793404461687683
2015,16,Foreign-born,2446800,78300.0,3.2000980872976954
2015,16,US-born,22830900,682900.0,2.9911216815806645
2015,17,Foreign-born,36859300,280100.0,0.759916764561454
2015,17,US-born,163438700,4854700.0,2.9703491278381433
2015,18,Foreign-born,7771700,94700.0,1.2185236177412921
2015,18,US-born,92294000,3150000.0,3.4130062625956183
2015,19,Foreign-born,4078300,5200.0,0.12750410710344998
2015,19,US-born,43269300,802000.0,1.8535081454980784
2015,20,Foreign-born,5629600,50800.0,0.9023731703851073
2015,20,US-born,40278200,1133700.0,2.8146739427283247
2015,21,Foreign-born,4241600,44300.0,1.0444172010562054
2015,21,US-born,61634500,2235700.0,3.6273515644647074
2015,22,Foreign-born,4406400,177000.0,4.016884531590414
2015,22,US-born,69574200,3865400.0,5.555795107956685
2015,23,Foreign-born,561800,0.0,0.0
2015,23,US-born,16828700,295800.0,1.7577115285197311
2015,24,Foreign-born,18310000,123600.0,0.6750409612233752
2015,24,US-born,72704000,2217000.0,3.049350792253521
2015,25,Foreign-born,21690100,144100.0,0.6643583939216509
2015,25,US-born,81206100,1240500.0,1.5275946018833562
2015,26,Foreign-born,12965100,41700.0,0.3216326908392531
2015,26,US-born,131995400,3383000.0,2.5629681034339074
2015,27,Foreign-born,10405500,59300.0,0.5698909230695305
2015,27,US-born,73369800,1176700.0,1.603793386379682
2015,28,Foreign-born,1735000,175200.0,10.097982708933717
2015,28,US-born,43335700,1972600.0,4.551905242098316
2015,29,Foreign-born,5786500,52400.0,0.9055560356001037
2015,29,US-born,85197100,2450800.0,2.8766237348454347
2015,30,Foreign-born,309000,0.0,0.0
2015,30,US-born,15465100,281000.0,1.8169943938286852
2015,31,Foreign-born,3532500,42400.0,1.2002830856334041
2015,31,US-born,26067000,611900.0,2.3474124371811103
2015,32,Foreign-born,10260900,76100.0,0.7416503425625431
2015,32,US-born,34652900,1087600.0,3.138554060410528
2015,33,Foreign-born,1396200,0.0,0.0
2015,33,US-born,17143400,323000.0,1.8841070032782294
2015,34,Foreign-born,36009800,197500.0,0.5484618076190371
2015,34,US-born,95250000,2441000.0,2.562729658792651
2015,35,Foreign-born,4032400,187500.0,4.649836325761334
2015,35,US-born,28409800,993400.0,3.4966807228491574
2015,36,Foreign-born,78437400,525800.0,0.6703434841032467
2015,36,US-born,229486900,4662600.0,2.031749960455259
2015,37,Foreign-born,20186600,227900.0,1.128966740312881
2015,37,US-born,131149200,3181400.0,2.425786813796806
2015,38,Foreign-born,749300,13500.0,1.8016815694648338
2015,38,US-born,13003200,184900.0,1.4219576719576719
2015,39,Foreign-born,10347000,76200.0,0.7364453464772398
2015,39,US-born,159276200,4326500.0,2.716350590985973
2015,40,Foreign-born,6038800,49000.0,0.8114194873153607
2015,40,US-born,55764900,2222900.0,3.986199204158888
2015,41,Foreign-born,8537800,104400.0,1.222797441963972
2015,41,US-born,54234600,1059500.0,1.953549947819289
2015,42,Foreign-born,16132100,325700.0,2.0189559945698328
2015,42,US-born,169616800,5745500.0,3.387341348262672
2015,44,Foreign-born,2957900,0.0,0.0
2015,44,US-born,13075300,136400.0,1.0431883016068466
2015,45,Foreign-born,5361900,105900.0,1.9750461590107984
2015,45,US-born,67300500,2043000.0,3.0356386653888157
2015,46,Foreign-born,675500,0.0,0.0
2015,46,US-born,12498500,411100.0,3.289194703364404
2015,47,Foreign-born,8784100,107100.0,1.2192484147493767
2015,47,US-born,88574300,2615500.0,2.9528881402393243
2015,48,Foreign-born,99312700,2305300.0,2.321253978594883
2015,48,US-born,351918400,12573600.0,3.572873711633151
2015,49,Foreign-born,5792700,46800.0,0.8079134082552178
2015,49,US-born,46235800,726600.0,1.571509522923795
2015,50,Foreign-born,657800,3400.0,0.5168744299179082
2015,50,US-born,8556400,102600.0,1.199102426254032
2015,51,Foreign-born,20103600,136400.0,0.678485445392865
2015,51,US-born,111586200,3648600.0,3.2697591637675627
2015,53,Foreign-born,21550100,133100.0,0.617630544637844
2015,53,US-born,94147400,1724000.0,1.8311711210293644
2015,54,Foreign-born,676500,42300.0,6.252771618625277
2015,54,US-born,25397800,955100.0,3.7605619384356124
2015,55,Foreign-born,6753700,88600.0,1.311873491567585
2015,55,US-born,78413900,2065700.0,2.634354368294397
2015,56,Foreign-born,448300,4100.0,0.9145661387463752
2015,56,US-born,9282400,171300.0,1.8454279065758854
2016,1,Foreign-born,3922000,17900.0,0.4563997960224375
2016,1,US-born,67368000,2458300.0,3.6490618691366823
2016,2,Foreign-born,906100,500.0,0.05518154729058603
2016,2,US-born,12507400,267900.0,2.1419319762700484
2016,4,Foreign-born,17973800,775000.0,4.311831666091757
2016,4,US-born,90577500,3881200.0,4.284949352764207
2016,5,Foreign-born,3466600,78000.0,2.2500432700628856
2016,5,US-born,40779800,1654300.0,4.056665309785727
2016,6,Foreign-born,179146800,1873800.0,1.0459578401623697
2016,6,US-born,473281500,10884700.0,2.299836355319192
2016,8,Foreign-born,11167100,177000.0,1.5850131188938938
2016,8,US-born,83046800,2145400.0,2.5833626340810243
2016,9,Foreign-born,9220600,73200.0,0.7938745851679934
2016,9,US-born,41610900,952400.0,2.288823361186612
2016,10,Foreign-born,2130100,6000.0,0.28167691657668653
2016,10,US-born,11216300,340500.0,3.03576045576527
2016,11,Foreign-born,1859300,0.0,0.0
2016,11,US-born,12009800,225100.0,1.8743026528335194
2016,12,Foreign-born,67572600,744100.0,1.1011859836679363
2016,12,US-born,218689900,7759500.0,3.5481748356920004
2016,13,Foreign-born,23788900,501900.0,2.1098075152697264
2016,13,US-born,134645700,5409200.0,4.017358148087908
2016,15,Foreign-born,3148600,17400.0,0.5526265641872579
2016,15,US-born,18991400,252400.0,1.329022610234106
2016,16,Foreign-born,2190700,33200.0,1.5154973296206693
2016,16,US-born,23528300,560800.0,2.3835126209713406
2016,17,Foreign-born,34352300,235900.0,0.6867080224613781
2016,17,US-born,165217400,4419000.0,2.6746577539653815
2016,18,Foreign-born,8665200,93100.0,1.074412592900337
2016,18,US-born,92422700,2988800.0,3.23383757453526
2016,19,Foreign-born,3947900,68400.0,1.7325666810202895
2016,19,US-born,43806700,807000.0,1.8421839581616513
2016,20,Foreign-born,4995400,82700.0,1.6555230812347361
2016,20,US-born,41084100,1121100.0,2.7287928906803365
2016,21,Foreign-born,4051100,65200.0,1.6094394115178594
2016,21,US-born,62393300,2156800.0,3.4567814172355043
2016,22,Foreign-born,4456800,178600.0,4.007359540477473
2016,22,US-born,69337100,3518600.0,5.074628157220304
2016,23,Foreign-born,675700,0.0,0.0
2016,23,US-born,16550000,271500.0,1.6404833836858006
2016,24,Foreign-born,18454600,159200.0,0.8626575487954222
2016,24,US-born,72037400,1970800.0,2.735801125526463
2016,25,Foreign-born,21649200,191100.0,0.8827116013524748
2016,25,US-born,82283500,1132300.0,1.3760960581404535
2016,26,Foreign-born,13616300,98700.0,0.7248665202734957
2016,26,US-born,132730900,3251900.0,2.449994688501321
2016,27,Foreign-born,10482000,70300.0,0.670673535584812
2016,27,US-born,73485400,1079100.0,1.4684549583998998
2016,28,Foreign-born,1350600,152600.0,11.29868206722938
2016,28,US-born,43215900,1882100.0,4.355110040517495
2016,29,Foreign-born,5545100,67100.0,1.2100773656020631
2016,29,US-born,85835400,2797400.0,3.25902832630826
2016,30,Foreign-born,506600,0.0,0.0
2016,30,US-born,14713000,304600.0,2.0702779854550393
2016,31,Foreign-born,3408500,29800.0,0.8742848760451811
2016,31,US-born,26471000,536200.0,2.0256129349099017
2016,32,Foreign-born,9799000,75700.0,0.772527808960098
2016,32,US-born,35500400,1065000.0,2.999966197563971
2016,33,Foreign-born,1094500,16100.0,1.4709913202375515
2016,33,US-born,17951200,406000.0,2.2616872409643927
2016,34,Foreign-born,36366700,245500.0,0.6750681255104257
2016,34,US-born,95219600,2306100.0,2.4218753281887344
2016,35,Foreign-born,3473200,90100.0,2.5941494875043185
2016,35,US-born,28403400,976600.0,3.438320764415528
2016,36,Foreign-born,78827900,557300.0,0.706983187424757
2016,36,US-born,231092600,4936200.0,2.1360268567665086
2016,37,Foreign-born,17866500,193700.0,1.0841519044020933
2016,37,US-born,132011200,3152300.0,2.387903450616311
2016,38,Foreign-born,581200,300.0,0.05161734342739161
2016,38,US-born,12802200,176900.0,1.3817937541984973
2016,39,Foreign-born,10959300,87300.0,0.7965837234129918
2016,39,US-born,159706400,4832900.0,3.0261154217990014
2016,40,Foreign-born,5436600,107000.0,1.9681418533642352
2016,40,US-born,55316500,1997800.0,3.6115806314571595
2016,41,Foreign-born,7648600,87700.0,1.1466150668096122
2016,41,US-born,55962000,1113800.0,1.9902791179729102
2016,42,Foreign-born,17375200,228200.0,1.313366177079976
2016,42,US-born,169706100,5455300.0,3.214557402474042
2016,44,Foreign-born,2766400,27900.0,1.008530942741469
2016,44,US-born,13614200,165700.0,1.2171115452982915
2016,45,Foreign-born,5633900,129900.0,2.3056852269298354
2016,45,US-born,68204700,2255600.0,3.307103469409
2016,46,Foreign-born,927100,23000.0,2.480854276777047
2016,46,US-born,12692200,385100.0,3.034146956398418
2016,47,Foreign-born,8089000,106300.0,1.3141303004079616
2016,47,US-born,91337000,2970400.0,3.2521322136702544
2016,48,Foreign-born,98448400,2036900.0,2.0690026450404475
2016,48,US-born,359562100,12486100.0,3.472585125072971
2016,49,Foreign-born,5641800,46300.0,0.8206600730263391
2016,49,US-born,47977900,698100.0,1.4550449269351098
2016,50,Foreign-born,248600,3600.0,1.4481094127111827
2016,50,US-born,8518600,82500.0,0.9684689972530698
2016,51,Foreign-born,20384000,186900.0,0.9168956043956045
2016,51,US-born,109785900,3319200.0,3.0233390626665173
2016,53,Foreign-born,20962400,75000.0,0.3577834599091707
2016,53,US-born,96378000,1859100.0,1.9289671916827489
2016,54,Foreign-born,872800,59000.0,6.759853345554537
2016,54,US-born,24934600,796900.0,3.1959606330159698
2016,55,Foreign-born,6180900,73400.0,1.1875293242084486
2016,55,US-born,79580800,2362200.0,2.968303912501508
2016,56,Foreign-born,337000,800.0,0.23738872403560832
2016,56,US-born,8546600,201600.0,2.3588327522055557
2017,1,Foreign-born,4645600,49100.0,1.056914069226795
2017,1,US-born,67269000,2355900.0,3.5022075547428977
2017,2,Foreign-born,1072800,0.0,0.0
2017,2,US-born,12140600,310300.0,2.555886858969079
2017,4,Foreign-born,17259300,646000.0,3.742909619741241
2017,4,US-born,91805900,3477600.0,3.787991839304446
2017,5,Foreign-born,3621900,59300.0,1.6372622104420333
2017,5,US-born,41232100,1438200.0,3.4880590607803144
2017,6,Foreign-born,171520400,1544300.0,0.9003593741619073
2017,6,US-born,492202900,11891200.0,2.415914249997308
2017,8,Foreign-born,12614300,156300.0,1.239069944428149
2017,8,US-born,83125000,2136600.0,2.570345864661654
2017,9,Foreign-born,9838100,76600.0,0.7786056250698814
2017,9,US-born,41357800,798400.0,1.9304701894201335
2017,10,Foreign-born,1857900,0.0,0.0
2017,10,US-born,12150600,390600.0,3.214656066367093
2017,11,Foreign-born,2616300,0.0,0.0
2017,11,US-born,11383400,213600.0,1.876416536359963
2017,12,Foreign-born,65189500,811500.0,1.244832373311653
2017,12,US-born,226233200,7875000.0,3.4809214562672497
2017,13,Foreign-born,23197100,569700.0,2.455910437080497
2017,13,US-born,137911000,5399800.0,3.9154237152946463
2017,15,Foreign-born,2884200,43000.0,1.4908813535815824
2017,15,US-born,19623500,276600.0,1.4095344867123603
2017,16,Foreign-born,2037700,17000.0,0.8342739363007312
2017,16,US-born,24120500,650600.0,2.6972906863456396
2017,17,Foreign-born,32541100,137100.0,0.42131335449631385
2017,17,US-born,166410900,4348300.0,2.6129898942917804
2017,18,Foreign-born,8661800,97800.0,1.1290955690503128
2017,18,US-born,93047800,2770600.0,2.977609357770952
2017,19,Foreign-born,4046500,49500.0,1.2232793772395898
2017,19,US-born,43771100,806800.0,1.8432253244720833
2017,20,Foreign-born,4654300,92100.0,1.9788152890875106
2017,20,US-born,41503500,1140200.0,2.7472381847314082
2017,21,Foreign-born,4311300,27800.0,0.6448171085287501
2017,21,US-born,62457500,2153800.0,3.448424928951687
2017,22,Foreign-born,4847200,200500.0,4.136408648291797
2017,22,US-born,68741600,3335600.0,4.85237469014396
2017,23,Foreign-born,757400,16000.0,2.112490097702667
2017,23,US-born,17004700,272100.0,1.6001458420319088
2017,24,Foreign-born,17985300,75700.0,0.4208992899757024
2017,24,US-born,72838100,2002100.0,2.748698826575652
2017,25,Foreign-born,22945900,175300.0,0.763970905477667
2017,25,US-born,82155100,1113900.0,1.3558500932991377
2017,26,Foreign-born,13974800,85900.0,0.6146778486990869
2017,26,US-born,133581400,3366400.0,2.5201113328652047
2017,27,Foreign-born,10691400,134800.0,1.2608264586490077
2017,27,US-born,74755900,964400.0,1.2900653995203053
2017,28,Foreign-born,1378700,214100.0,15.529121636324072
2017,28,US-born,42693800,1828600.0,4.283057493125465
2017,29,Foreign-born,5513000,16600.0,0.3011064756031199
2017,29,US-born,86674600,2564600.0,2.958882994556652
2017,30,Foreign-born,249800,0.0,0.0
2017,30,US-born,15298900,261300.0,1.707965932191203
2017,31,Foreign-born,4243200,89900.0,2.1186840120663653
2017,31,US-born,26422800,443000.0,1.6765823455500555
2017,32,Foreign-born,10665000,160700.0,1.506797937177684
2017,32,US-born,35932700,1000600.0,2.7846501932779892
2017,33,Foreign-born,1476000,2100.0,0.14227642276422764
2017,33,US-born,17886000,313400.0,1.7522084311752208
2017,34,Foreign-born,36167600,337500.0,0.9331556420663799
2017,34,US-born,96663400,2145400.0,2.219454312594012
2017,35,Foreign-born,3180900,150000.0,4.715646515137226
2017,35,US-born,29525600,977300.0,3.310008941393232
2017,36,Foreign-born,75588800,642500.0,0.8499936498528883
2017,36,US-born,235947800,4693200.0,1.9890840262125775
2017,37,Foreign-born,17541500,194500.0,1.1087991334834535
2017,37,US-born,135518800,3143900.0,2.3198995268553144
2017,38,Foreign-born,1116600,14600.0,1.307540748701415
2017,38,US-born,12672700,163400.0,1.2893858451632247
2017,39,Foreign-born,11079100,51700.0,0.46664440252367073
2017,39,US-born,160921300,4385700.0,2.725369481852309
2017,40,Foreign-born,5670800,266300.0,4.695986456937293
2017,40,US-born,56358300,1807900.0,3.207868228814567
2017,41,Foreign-born,8396600,50800.0,0.6050067884619965
2017,41,US-born,56212100,1185000.0,2.108087048873819
2017,42,Foreign-born,18522500,267700.0,1.445269267107572
2017,42,US-born,168009400,5173200.0,3.0791134305580523
2017,44,Foreign-born,2652900,31000.0,1.1685325492856873
2017,44,US-born,13946300,108900.0,0.7808522690606111
2017,45,Foreign-born,5219200,115800.0,2.2187308399754753
2017,45,US-born,68539400,2115800.0,3.0869835452309182
2017,46,Foreign-born,913500,31100.0,3.4044882320744385
2017,46,US-born,12889400,289200.0,2.2437041289741955
2017,47,Foreign-born,8409400,67600.0,0.8038623445192283
2017,47,US-born,92968900,2933800.0,3.155678942097841
2017,48,Foreign-born,99217300,1541300.0,1.5534589229902447
2017,48,US-born,365144200,12561100.0,3.44003820956214
2017,49,Foreign-born,5824500,82700.0,1.4198643660400034
2017,49,US-born,47848100,814800.0,1.7028889339388606
2017,50,Foreign-born,577200,0.0,0.0
2017,50,US-born,8863800,95000.0,1.0717750851779146
2017,51,Foreign-born,20677300,247100.0,1.1950302989268424
2017,51,US-born,111479100,3332100.0,2.988990761496998
2017,53,Foreign-born,22032100,113100.0,0.5133418965963299
2017,53,US-born,98637400,1775500.0,1.8000271702214372
2017,54,Foreign-born,550300,0.0,0.0
2017,54,US-born,24841500,701900.0,2.82551375722078
2017,55,Foreign-born,6255400,48900.0,0.7817245899542795
2017,55,US-born,79689400,2149500.0,2.6973474514803724
2017,56,Foreign-born,554700,6300.0,1.1357490535424555
2017,56,US-born,8476700,213000.0,2.5127702997628796
2018,1,Foreign-born,3719100,39600.0,1.064773735581189
2018,1,US-born,67725300,2076200.0,3.0656194952255658
2018,2,Foreign-born,848000,11300.0,1.332547169811321
2018,2,US-born,12059500,284500.0,2.359135950910071
2018,4,Foreign-born,17274400,513000.0,2.9697124067984997
2018,4,US-born,95021900,3850500.0,4.052223750524879
2018,5,Foreign-born,3510400,42500.0,1.2106882406563355
2018,5,US-born,41031100,1520600.0,3.7059693744501123
2018,6,Foreign-born,168079000,1585200.0,0.9431279338882311
2018,6,US-born,498447200,11978800.0,2.4032234507486447
2018,8,Foreign-born,11599900,102900.0,0.8870766127294202
2018,8,US-born,85204000,2064000.0,2.422421482559504
2018,9,Foreign-born,9433500,84100.0,0.8915036836805004
2018,9,US-born,41342200,889600.0,2.1517964694670337
2018,10,Foreign-born,1817500,10400.0,0.5722145804676754
2018,10,US-born,11983400,413500.0,3.450606672563713
2018,11,Foreign-born,1978200,0.0,0.0
2018,11,US-born,12372500,264300.0,2.136189129116993
2018,12,Foreign-born,68730700,671400.0,0.9768560483161092
2018,12,US-born,228382400,7874600.0,3.44798898689216
2018,13,Foreign-born,22239800,551700.0,2.4806877759692085
2018,13,US-born,139738300,5318100.0,3.8057569041558406
2018,15,Foreign-born,3401400,55400.0,1.6287411066031634
2018,15,US-born,18662500,215100.0,1.1525787006028132
2018,16,Foreign-born,2061700,70700.0,3.4292089052723482
2018,16,US-born,24842400,589700.0,2.3737642095771743
2018,17,Foreign-born,32374500,224500.0,0.693447003042518
2018,17,US-born,166004200,4365500.0,2.6297527411957042
2018,18,Foreign-born,8628900,73600.0,0.8529476526556107
2018,18,US-born,93846800,2944400.0,3.137453807695094
2018,19,Foreign-born,4924300,43800.0,0.8894665231606523
2018,19,US-born,43851800,736800.0,1.6802046894312204
2018,20,Foreign-born,4494100,37700.0,0.8388776395718831
2018,20,US-born,40947100,1125300.0,2.7481799687889983
2018,21,Foreign-born,4318000,21100.0,0.4886521537748958
2018,21,US-born,62706500,2065200.0,3.29343847926451
2018,22,Foreign-born,4316600,159300.0,3.690404485011352
2018,22,US-born,68006500,3652400.0,5.370663098380302
2018,23,Foreign-born,525000,0.0,0.0
2018,23,US-born,17566700,222000.0,1.2637547177329833
2018,24,Foreign-born,16627900,84900.0,0.5105876268199833
2018,24,US-born,73923200,2097100.0,2.8368631228085364
2018,25,Foreign-born,22609500,162900.0,0.7204935978239236
2018,25,US-born,83797900,1095900.0,1.3077893360096136
2018,26,Foreign-born,13526800,74200.0,0.5485406748085283
2018,26,US-born,136633900,2920200.0,2.1372441246279292
2018,27,Foreign-born,10903500,125300.0,1.1491722841289496
2018,27,US-born,75748800,1071000.0,1.413883784297573
2018,28,Foreign-born,2002200,231100.0,11.542303466187194
2018,28,US-born,43000600,1846200.0,4.293428463788878
2018,29,Foreign-born,5555400,30100.0,0.541815170824783
2018,29,US-born,87620700,2414500.0,2.7556273802879914
2018,30,Foreign-born,309600,0.0,0.0
2018,30,US-born,15837200,319300.0,2.0161392165281744
2018,31,Foreign-born,3536500,105500.0,2.983175455959282
2018,31,US-born,26718400,503500.0,1.884469129888017
2018,32,Foreign-born,9846600,90700.0,0.9211301362906993
2018,32,US-born,37554100,1059900.0,2.822328321008891
2018,33,Foreign-born,1371000,41500.0,3.0269876002917577
2018,33,US-born,18050400,354000.0,1.9611753756149448
2018,34,Foreign-born,34515600,333800.0,0.9670989349743305
2018,34,US-born,94765500,2292900.0,2.419551419029077
2018,35,Foreign-born,3565200,211800.0,5.940760686637496
2018,35,US-born,29135600,1001300.0,3.436689136314337
2018,36,Foreign-born,72802800,549000.0,0.7540918755872027
2018,36,US-born,231530300,4891200.0,2.1125528710497075
2018,37,Foreign-born,18220000,181800.0,0.9978046103183315
2018,37,US-born,137780600,3093600.0,2.2453088460929913
2018,38,Foreign-born,1098300,12200.0,1.1108076117636347
2018,38,US-born,12723600,172800.0,1.358106196359521
2018,39,Foreign-born,12332200,76100.0,0.6170837320186179
2018,39,US-born,161144600,4273000.0,2.6516557179080156
2018,40,Foreign-born,5725200,216000.0,3.772793963529658
2018,40,US-born,56691100,1936200.0,3.415350910460372
2018,41,Foreign-born,8494400,89200.0,1.0501035976643434
2018,41,US-born,56553800,1069000.0,1.8902354925752118
2018,42,Foreign-born,18307400,309200.0,1.688934529206769
2018,42,US-born,168693500,5103600.0,3.025368493747536
2018,44,Foreign-born,2421700,42300.0,1.7467068588181855
2018,44,US-born,13708600,144300.0,1.052623900325343
2018,45,Foreign-born,5617700,105700.0,1.8815529487156666
2018,45,US-born,69159900,1933700.0,2.7959843782307376
2018,46,Foreign-born,591000,7400.0,1.252115059221658
2018,46,US-born,12959200,338400.0,2.6112723007593064
2018,47,Foreign-born,8113500,134900.0,1.662660997103593
2018,47,US-born,92688200,2824700.0,3.047529243204637
2018,48,Foreign-born,96813300,2102800.0,2.1720156218205555
2018,48,US-born,374627900,12443700.0,3.321615928765583
2018,49,Foreign-born,5562000,59500.0,1.0697590794678173
2018,49,US-born,48844600,682000.0,1.3962648890563132
2018,50,Foreign-born,494700,1500.0,0.30321406913280774
2018,50,US-born,8634800,100300.0,1.161578727938111
2018,51,Foreign-born,21145100,186000.0,0.8796364169476616
2018,51,US-born,112646600,3130800.0,2.7793115815302016
2018,53,Foreign-born,23519700,70500.0,0.2997487212847103
2018,53,US-born,100978300,1733600.0,1.7168045015612265
2018,54,Foreign-born,494900,1700.0,0.3435037381289149
2018,54,US-born,24783400,785200.0,3.1682497155353984
2018,55,Foreign-born,6829300,10100.0,0.14789217050063697
2018,55,US-born,80255000,2260600.0,2.816771540713974
2018,56,Foreign-born,445300,0.0,0.0
2018,56,US-born,8822100,214800.0,2.434794436698745
2019,1,Foreign-born,3899100,16700.0,0.4283039675822626
2019,1,US-born,67885800,1996400.0,2.9408212026668314
2019,2,Foreign-born,1075900,7200.0,0.6692071753880472
2019,2,US-born,11651900,278700.0,2.3918845853465958
2019,4,Foreign-born,17575200,311700.0,1.7735217806909738
2019,4,US-born,96963700,3790100.0,3.908782358759
2019,5,Foreign-born,3464800,49800.0,1.4373123989840684
2019,5,US-born,41290300,1451100.0,3.5143847344291514
2019,6,Foreign-born,160731800,1304000.0,0.8112893652656165
2019,6,US-born,501212600,11432900.0,2.281048002384617
2019,8,Foreign-born,10766600,141500.0,1.31424962383668
2019,8,US-born,89654500,2082800.0,2.32314050047683
2019,9,Foreign-born,9321000,33800.0,0.3626220362622037
2019,9,US-born,41944000,751400.0,1.7914362006484836
2019,10,Foreign-born,2103900,9300.0,0.44203621845144725
2019,10,US-born,11702700,415700.0,3.5521717210558243
2019,11,Foreign-born,1900400,400.0,0.021048200378867607
2019,11,US-born,12326700,178000.0,1.444019891779633
2019,12,Foreign-born,68592800,499700.0,0.7285021168402515
2019,12,US-born,231547700,8044700.0,3.474316523118131
2019,13,Foreign-born,22067200,523000.0,2.3700333526682136
2019,13,US-born,141081700,5606700.0,3.9740802669658786
2019,15,Foreign-born,3047300,27500.0,0.9024382240015751
2019,15,US-born,18009000,288900.0,1.6041979010494751
2019,16,Foreign-born,2228100,65800.0,2.953188815582784
2019,16,US-born,25710400,610100.0,2.3729696931980833
2019,17,Foreign-born,30514900,234800.0,0.7694601653618396
2019,17,US-born,165756300,4146600.0,2.5016243726482794
2019,18,Foreign-born,8590600,79000.0,0.9196098060670966
2019,18,US-born,93770900,2884900.0,3.0765408031702797
2019,19,Foreign-born,4048300,108800.0,2.6875478595953854
2019,19,US-born,44236100,918900.0,2.0772626881664524
2019,20,Foreign-born,4477100,41100.0,0.9180049585669295
2019,20,US-born,41540800,1081200.0,2.6027423641335745
2019,21,Foreign-born,4190300,20600.0,0.4916115791232131
2019,21,US-born,62596400,2143700.0,3.4246378385977465
2019,22,Foreign-born,4135600,320700.0,7.7546184350517455
2019,22,US-born,67500300,3254600.0,4.821608200259851
2019,23,Foreign-born,642900,12000.0,1.8665422305179655
2019,23,US-born,17384400,302100.0,1.737764892662387
2019,24,Foreign-born,15802600,247000.0,1.563033931125258
2019,24,US-born,74668500,2026100.0,2.713460160576415
2019,25,Foreign-born,23285000,164000.0,0.7043160833154392
2019,25,US-born,83384600,996200.0,1.1947050174732505
2019,26,Foreign-born,12954300,76500.0,0.5905375049211459
2019,26,US-born,136226000,2871000.0,2.107527197451294
2019,27,Foreign-born,9534000,88200.0,0.9251101321585903
2019,27,US-born,75984500,1008600.0,1.3273759779955123
2019,28,Foreign-born,1320100,68400.0,5.181425649572002
2019,28,US-born,42252700,2040200.0,4.828567168488641
2019,29,Foreign-born,5496700,10400.0,0.18920443174995907
2019,29,US-born,87071300,2407000.0,2.7644011287301327
2019,30,Foreign-born,452600,0.0,0.0
2019,30,US-born,15658700,283100.0,1.8079406336413621
2019,31,Foreign-born,3660700,26200.0,0.7157101100882345
2019,31,US-born,26769100,597400.0,2.2316775685398467
2019,32,Foreign-born,9806900,73500.0,0.7494723103121272
2019,32,US-born,38512800,1051800.0,2.731040069794977
2019,33,Foreign-born,1370800,16900.0,1.2328567259994163
2019,33,US-born,18193700,262500.0,1.4428071255434571
2019,34,Foreign-born,35192200,288300.0,0.8192156216434324
2019,34,US-born,93795200,1959000.0,2.0885930196854425
2019,35,Foreign-born,3380000,205900.0,6.091715976331361
2019,35,US-born,29208000,980900.0,3.358326485894276
2019,36,Foreign-born,67445300,563600.0,0.8356401409735
2019,36,US-born,233151500,4437400.0,1.903226013986614
2019,37,Foreign-born,17785500,150700.0,0.8473194456158106
2019,37,US-born,139508300,3074100.0,2.203524808201376
2019,38,Foreign-born,899900,28400.0,3.155906211801311
2019,38,US-born,13172300,155000.0,1.1767117359914365
2019,39,Foreign-born,11739700,39300.0,0.33476153564401134
2019,39,US-born,161805100,4208600.0,2.6010304990386586
2019,40,Foreign-born,5424000,136100.0,2.5092182890855455
2019,40,US-born,57017300,2073800.0,3.6371417096214658
2019,41,Foreign-born,7971900,146200.0,1.8339417202925274
2019,41,US-born,58356300,1237500.0,2.120593663409092
2019,42,Foreign-born,17105800,280400.0,1.6392100924832511
2019,42,US-born,170086100,5110800.0,3.004831082610513
2019,44,Foreign-born,2390100,0.0,0.0
2019,44,US-born,14020400,119900.0,0.8551824484322843
2019,45,Foreign-born,6056100,59000.0,0.9742243357936626
2019,45,US-born,69581600,1809500.0,2.6005438219299353
2019,46,Foreign-born,898000,0.0,0.0
2019,46,US-born,13046400,395800.0,3.033787098356635
2019,47,Foreign-born,8484500,114000.0,1.3436266132359007
2019,47,US-born,94615200,2871500.0,3.0349246209911303
2019,48,Foreign-born,94794800,1855700.0,1.9575968302058764
2019,48,US-born,382324700,11855100.0,3.1007936447736704
2019,49,Foreign-born,5613400,32000.0,0.5700644885452666
2019,49,US-born,50772000,670600.0,1.3208067438745765
2019,50,Foreign-born,471200,0.0,0.0
2019,50,US-born,9013900,90900.0,1.0084425165577608
2019,51,Foreign-born,19957000,196900.0,0.9866212356566617
2019,51,US-born,113193700,3260000.0,2.8800189409834647
2019,53,Foreign-born,24099100,140600.0,0.5834242772551672
2019,53,US-born,102559900,1605500.0,1.5654266433567117
2019,54,Foreign-born,485400,19400.0,3.996703749484961
2019,54,US-born,24472800,920500.0,3.7613186885031547
2019,55,Foreign-born,6082700,52500.0,0.8631035559866506
2019,55,US-born,80589600,2230000.0,2.7671064256430107
2019,56,Foreign-born,508400,36200.0,7.120377655389457
2019,56,US-born,8581500,132100.0,1.539357921109363
2020,1,Foreign-born,3113300,98800.0,3.173481514791379
2020,1,US-born,68145700,1951800.0,2.864157239561704
2020,2,Foreign-born,956400,14200.0,1.4847344207444584
2020,2,US-born,12172500,242200.0,1.9897309509139454
2020,4,Foreign-born,15367500,383200.0,2.493574101187571
2020,4,US-born,103076700,3230300.0,3.13387991660579
2020,5,Foreign-born,3031500,36900.0,1.2172191984166254
2020,5,US-born,42599400,1546700.0,3.6308023117696493
2020,6,Foreign-born,153866700,1214200.0,0.7891246124080129
2020,6,US-born,501481600,11666700.0,2.3264462743996988
2020,8,Foreign-born,10263600,101400.0,0.9879574418332748
2020,8,US-born,90443300,2160900.0,2.3892317064945665
2020,9,Foreign-born,7929500,48500.0,0.6116400781890409
2020,9,US-born,43079800,688800.0,1.598893216774451
2020,10,Foreign-born,1609300,29700.0,1.845522898154477
2020,10,US-born,12100300,396700.0,3.278431113278183
2020,11,Foreign-born,1945200,0.0,0.0
2020,11,US-born,12444000,215000.0,1.7277402764384442
2020,12,Foreign-born,65119000,651800.0,1.000936746571661
2020,12,US-born,232180000,8090400.0,3.4845378585580153
2020,13,Foreign-born,19832300,232000.0,1.1698088471836348
2020,13,US-born,145130800,5258200.0,3.6230765626593393
2020,15,Foreign-born,2870200,14900.0,0.5191275869277403
2020,15,US-born,18931600,181600.0,0.9592427475754823
2020,16,Foreign-born,2291400,23400.0,1.021209740769835
2020,16,US-born,25737700,614200.0,2.386382621601775
2020,17,Foreign-born,29403900,127300.0,0.43293576702410225
2020,17,US-born,165163200,4218400.0,2.55407984345181
2020,18,Foreign-born,8409200,57600.0,0.6849640869523854
2020,18,US-born,95222900,2833400.0,2.9755447481645696
2020,19,Foreign-born,3503400,61800.0,1.7640006850488097
2020,19,US-born,44900200,843400.0,1.8783880695408928
2020,20,Foreign-born,3990500,42700.0,1.0700413482019797
2020,20,US-born,40907400,906600.0,2.2162249372974085
2020,21,Foreign-born,3582500,89700.0,2.5038381018841593
2020,21,US-born,63545300,2239300.0,3.5239427620925543
2020,22,Foreign-born,3480200,211500.0,6.077236940405723
2020,22,US-born,67359500,2879000.0,4.274081606900289
2020,23,Foreign-born,682800,6400.0,0.9373169302870533
2020,23,US-born,17409000,202200.0,1.161468206100293
2020,24,Foreign-born,15677300,44400.0,0.2832120326841995
2020,24,US-born,74343900,2316800.0,3.1163283066936223
2020,25,Foreign-born,21167500,63300.0,0.2990433447502067
2020,25,US-born,86164200,1090500.0,1.2656068297506389
2020,26,Foreign-born,12938900,76000.0,0.5873760520600668
2020,26,US-born,137992400,2792300.0,2.0235172371811783
2020,27,Foreign-born,9245400,192400.0,2.0810348930278844
2020,27,US-born,77228700,1008900.0,1.3063796231193845
2020,28,Foreign-born,1389500,141900.0,10.212306585102555
2020,28,US-born,41921200,1844400.0,4.399683215175138
2020,29,Foreign-born,4426300,49400.0,1.1160562998441135
2020,29,US-born,87888800,2004400.0,2.280609133359427
2020,30,Foreign-born,357300,11300.0,3.162608452280996
2020,30,US-born,15388400,261500.0,1.699331964336773
2020,31,Foreign-born,3668100,17000.0,0.46345519478749214
2020,31,US-born,26542500,631500.0,2.379203164735801
2020,32,Foreign-born,9520400,81500.0,0.8560564682156212
2020,32,US-born,39378400,824000.0,2.0925177254535483
2020,33,Foreign-born,1353000,16200.0,1.197339246119734
2020,33,US-born,18614500,278600.0,1.496682693599076
2020,34,Foreign-born,33165100,298400.0,0.8997409927906141
2020,34,US-born,95683500,2368400.0,2.475243903076288
2020,35,Foreign-born,2585000,11700.0,0.45261121856866543
2020,35,US-born,29517400,1151300.0,3.900411282836564
2020,36,Foreign-born,64049300,496900.0,0.7758086349109202
2020,36,US-born,232653100,4243600.0,1.8240032047713957
2020,37,Foreign-born,16448300,132900.0,0.8079862356596123
2020,37,US-born,143916100,2755200.0,1.9144487656349776
2020,38,Foreign-born,807500,5700.0,0.7058823529411765
2020,38,US-born,12582800,163100.0,1.2962138792637568
2020,39,Foreign-born,11591900,111700.0,0.963603895823808
2020,39,US-born,162931200,4001800.0,2.4561287218163246
2020,40,Foreign-born,5891400,136600.0,2.318633940998744
2020,40,US-born,57109700,2010200.0,3.5198924175752984
2020,41,Foreign-born,7723000,162200.0,2.1002201217143597
2020,41,US-born,58662000,1054200.0,1.797074767311036
2020,42,Foreign-born,17365500,301000.0,1.7333218162448534
2020,42,US-born,169417400,4862100.0,2.8698941194942194
2020,44,Foreign-born,2471800,10300.0,0.4167003802896674
2020,44,US-born,13328800,110700.0,0.8305323810095432
2020,45,Foreign-born,5139000,56000.0,1.0897061685152754
2020,45,US-born,70324500,1528000.0,2.172784733627683
2020,46,Foreign-born,705800,1300.0,0.18418815528478322
2020,46,US-born,13390400,353700.0,2.641444617039073
2020,47,Foreign-born,6756700,100900.0,1.4933325439933696
2020,47,US-born,97522800,3100100.0,3.178846382589507
2020,48,Foreign-born,90062600,1573900.0,1.7475622511453144
2020,48,US-born,393418200,11945500.0,3.036336397248526
2020,49,Foreign-born,5203700,38700.0,0.7437015969406384
2020,49,US-born,52444500,638100.0,1.2167148128021053
2020,50,Foreign-born,608300,0.0,0.0
2020,50,US-born,9337100,76100.0,0.8150282207537674
2020,51,Foreign-born,18082600,121500.0,0.6719166491544357
2020,51,US-born,113657900,3626900.0,3.191067228938772
2020,53,Foreign-born,23264400,225000.0,0.9671429308299376
2020,53,US-born,104512200,1569600.0,1.5018342356203391
2020,54,Foreign-born,561200,41400.0,7.377049180327869
2020,54,US-born,24275800,770300.0,3.1731189085426634
2020,55,Foreign-born,5907000,4100.0,0.06940917555442695
2020,55,US-born,82084400,2161500.0,2.6332652733040627
2020,56,Foreign-born,470300,0.0,0.0
2020,56,US-born,8617200,239400.0,2.7781646010304972
2021,1,Foreign-born,3543000,55100.0,1.555179226644087
2021,1,US-born,68948400,1634100.0,2.370033242250727
2021,2,Foreign-born,846800,23700.0,2.7987718469532354
2021,2,US-born,11815700,207600.0,1.7569843513291636
2021,4,Foreign-born,15085400,216200.0,1.4331737971813807
2021,4,US-born,98023900,3208400.0,3.2730793204514406
2021,5,Foreign-born,3214200,28600.0,0.8898015058179329
2021,5,US-born,42136300,1255700.0,2.980090800568631
2021,6,Foreign-born,149571900,1535400.0,1.0265297158089188
2021,6,US-born,497661700,12161000.0,2.443627870097297
2021,8,Foreign-born,11111900,98400.0,0.8855371268639928
2021,8,US-born,89196200,1962100.0,2.199757388767683
2021,9,Foreign-born,8896000,36500.0,0.410296762589928
2021,9,US-born,43520800,696000.0,1.5992353081744821
2021,10,Foreign-born,1946500,7000.0,0.359619830464937
2021,10,US-born,11825200,337800.0,2.8566113046713792
2021,11,Foreign-born,1681500,0.0,0.0
2021,11,US-born,11483700,153800.0,1.3392896017833973
2021,12,Foreign-born,65456100,626900.0,0.9577411425367535
2021,12,US-born,231582000,7849100.0,3.389339413253189
2021,13,Foreign-born,19227400,177400.0,0.9226416468165223
2021,13,US-born,146292000,5423200.0,3.7071063352746565
2021,15,Foreign-born,3013500,81300.0,2.697859631657541
2021,15,US-born,18528200,255200.0,1.3773599162357921
2021,16,Foreign-born,2152900,1100.0,0.05109387338009197
2021,16,US-born,26498200,610400.0,2.303552694145263
2021,17,Foreign-born,28924300,89700.0,0.3101198646121081
2021,17,US-born,165579000,4074600.0,2.4608193067961515
2021,18,Foreign-born,8574000,64600.0,0.7534406344763238
2021,18,US-born,95174200,2498000.0,2.6246608849877378
2021,19,Foreign-born,3612100,46500.0,1.2873397746463278
2021,19,US-born,44893100,723800.0,1.6122744920711647
2021,20,Foreign-born,4857800,15500.0,0.3190744781588373
2021,20,US-born,41389300,1031500.0,2.4921900104616412
2021,21,Foreign-born,4003500,71700.0,1.7909329336830273
2021,21,US-born,64370200,1812500.0,2.815743931197977
2021,22,Foreign-born,4351100,268700.0,6.175449886235664
2021,22,US-born,66112800,3174000.0,4.800885758884815
2021,23,Foreign-born,551500,0.0,0.0
2021,23,US-born,17961900,239200.0,1.3317076701239845
2021,24,Foreign-born,16583500,134800.0,0.8128561521994755
2021,24,US-born,75013400,2240900.0,2.9873329298498668
2021,25,Foreign-born,22022300,109100.0,0.4954069284316352
2021,25,US-born,85556700,1160800.0,1.35676107189735
2021,26,Foreign-born,12862900,74200.0,0.5768528092420838
2021,26,US-born,135875300,2664400.0,1.9609156336729339
2021,27,Foreign-born,10441100,46600.0,0.44631312792713407
2021,27,US-born,76228800,1002900.0,1.3156444808261445
2021,28,Foreign-born,1591500,241300.0,15.161797046811186
2021,28,US-born,41854700,1654100.0,3.952005390075666
2021,29,Foreign-born,4819600,43600.0,0.9046393891609261
2021,29,US-born,87623200,1866200.0,2.129801239854285
2021,30,Foreign-born,377500,0.0,0.0
2021,30,US-born,16375400,326200.0,1.9920124088571884
2021,31,Foreign-born,3335200,43100.0,1.2922763252578557
2021,31,US-born,27237200,539300.0,1.9800126297857341
2021,32,Foreign-born,8507000,44200.0,0.5195721170800517
2021,32,US-born,40749300,926000.0,2.272431673672922
2021,33,Foreign-born,1473500,25400.0,1.7237869019341703
2021,33,US-born,19076100,193600.0,1.0148824969464407
2021,34,Foreign-born,33720700,193300.0,0.5732383965931905
2021,34,US-born,100316800,2266800.0,2.2596414558678113
2021,35,Foreign-born,3316400,72100.0,2.1740441442528042
2021,35,US-born,29402100,1030300.0,3.504171470745287
2021,36,Foreign-born,65157400,513900.0,0.7887055039028568
2021,36,US-born,234345700,4612300.0,1.9681607129979344
2021,37,Foreign-born,16610200,113100.0,0.6809069126199564
2021,37,US-born,139562900,2596100.0,1.860164843235559
2021,38,Foreign-born,1025000,4300.0,0.41951219512195126
2021,38,US-born,12647600,157500.0,1.2452955501439007
2021,39,Foreign-born,12193300,80600.0,0.6610187562021766
2021,39,US-born,161873300,4128400.0,2.5503897183785096
2021,40,Foreign-born,4786900,34200.0,0.7144498527230566
2021,40,US-born,58615000,1889900.0,3.2242600017060483
2021,41,Foreign-born,8220500,116900.0,1.4220546195486894
2021,41,US-born,57785300,1119900.0,1.9380361441404648
2021,42,Foreign-born,17431400,117600.0,0.6746446068588868
2021,42,US-born,173072300,5039000.0,2.9114999916219984
2021,44,Foreign-born,2634100,35800.0,1.3590979841312023
2021,44,US-born,14330900,155100.0,1.0822767586125088
2021,45,Foreign-born,5593900,91800.0,1.641073312000572
2021,45,US-born,69329800,1521000.0,2.193861802572631
2021,46,Foreign-born,736300,0.0,0.0
2021,46,US-born,13115000,352300.0,2.6862371330537553
2021,47,Foreign-born,7743700,133400.0,1.7226907034105143
2021,47,US-born,96680900,2522700.0,2.6093054574378183
2021,48,Foreign-born,93626000,1394200.0,1.4891162711212698
2021,48,US-born,388959800,11786200.0,3.0301846103376233
2021,49,Foreign-born,6257300,110900.0,1.772329918655011
2021,49,US-born,52804700,538900.0,1.020553094705585
2021,50,Foreign-born,437200,2500.0,0.5718206770356817
2021,50,US-born,9095000,75000.0,0.8246289169873556
2021,51,Foreign-born,19107500,229800.0,1.2026691089886172
2021,51,US-born,114859000,3179600.0,2.768263697228776
2021,53,Foreign-born,22574100,113400.0,0.5023456084627959
2021,53,US-born,103853800,1692900.0,1.6300799778149666
2021,54,Foreign-born,482600,29600.0,6.1334438458350595
2021,54,US-born,24163400,763700.0,3.1605651522550633
2021,55,Foreign-born,5792100,46400.0,0.8010911413822275
2021,55,US-born,82621000,2166100.0,2.6217305527650354
2021,56,Foreign-born,358700,22400.0,6.244772790632841
2021,56,US-born,8538400,134100.0,1.570551859833224
2022,1,Foreign-born,3711200,52000.0,1.4011640439749944
2022,1,US-born,70548800,1527900.0,2.165734923910825
2022,2,Foreign-born,1158500,0.0,0.0
2022,2,US-born,12159300,214300.0,1.7624369823920785
2022,4,Foreign-born,16235100,276800.0,1.7049479214787713
2022,4,US-born,100874400,2493600.0,2.4719849634793367
2022,5,Foreign-born,3438700,60100.0,1.7477535115014395
2022,5,US-born,42148400,1205500.0,2.860132294464321
2022,6,Foreign-born,151148200,1096500.0,0.7254469454482422
2022,6,US-born,496672900,8248800.0,1.6608113710250751
2022,8,Foreign-born,10561300,149400.0,1.4145985816140056
2022,8,US-born,92827600,1442800.0,1.554279115263133
2022,9,Foreign-born,9781800,35900.0,0.3670081171154593
2022,9,US-born,42868000,652800.0,1.5228142203974995
2022,10,Foreign-born,1959300,14400.0,0.7349563619660082
2022,10,US-born,12517500,236400.0,1.888556021569802
2022,11,Foreign-born,2057600,0.0,0.0
2022,11,US-born,11089700,165200.0,1.4896705952370217
2022,12,Foreign-born,69947900,369000.0,0.5275354942750247
2022,12,US-born,237825200,6307300.0,2.652073876107326
2022,13,Foreign-born,21119600,211500.0,1.001439421201159
2022,13,US-born,147244400,4605000.0,3.127453404000424
2022,15,Foreign-born,3187900,18300.0,0.5740456099626714
2022,15,US-born,18480200,169000.0,0.9144922673997035
2022,16,Foreign-born,2132000,41600.0,1.951219512195122
2022,16,US-born,27850500,567200.0,2.036588212060825
2022,17,Foreign-born,27361800,166600.0,0.6088780708871492
2022,17,US-born,167189600,3362600.0,2.0112495035576377
2022,18,Foreign-born,9393100,11300.0,0.12030107206353599
2022,18,US-born,95869000,2196000.0,2.2906257497209737
2022,19,Foreign-born,4630300,8000.0,0.17277498218257997
2022,19,US-born,44943500,826200.0,1.8383080979451978
2022,20,Foreign-born,3988100,21400.0,0.5365963742132845
2022,20,US-born,43002100,1177400.0,2.7380058183205005
2022,21,Foreign-born,4255000,77900.0,1.8307873090481788
2022,21,US-born,64077200,1780600.0,2.7788355296423686
2022,22,Foreign-born,4377200,230100.0,5.2567851594626696
2022,22,US-born,66646200,2722300.0,4.084704004129268
2022,23,Foreign-born,756000,0.0,0.0
2022,23,US-born,18454900,163800.0,0.8875691550753458
2022,24,Foreign-born,16852000,93300.0,0.5536434844528838
2022,24,US-born,73560300,1638400.0,2.227288360705435
2022,25,Foreign-born,23554900,77200.0,0.32774497026096483
2022,25,US-born,84648600,747100.0,0.8825899069801507
2022,26,Foreign-born,11929000,52000.0,0.43591248218626877
2022,26,US-born,140065500,2865800.0,2.046042744287494
2022,27,Foreign-born,9592300,69700.0,0.7266244800517081
2022,27,US-born,78970800,816400.0,1.0337998348756756
2022,28,Foreign-born,1549900,198800.0,12.826633976385574
2022,28,US-born,41488600,1539800.0,3.7113809576606585
2022,29,Foreign-born,5535300,44300.0,0.8003179592795331
2022,29,US-born,88661200,1795000.0,2.0245609127780813
2022,30,Foreign-born,314600,2200.0,0.6993006993006993
2022,30,US-born,17183100,268800.0,1.5643277406288738
2022,31,Foreign-born,3010500,42000.0,1.3951170901843548
2022,31,US-born,28064400,410800.0,1.463776171947378
2022,32,Foreign-born,9286700,63300.0,0.6816199511128819
2022,32,US-born,39810300,803900.0,2.019326656669254
2022,33,Foreign-born,1626600,22900.0,1.4078445837944178
2022,33,US-born,19277500,165900.0,0.8605887692906238
2022,34,Foreign-born,35089800,231200.0,0.6588809283609481
2022,34,US-born,100228800,1408000.0,1.4047858499752566
2022,35,Foreign-born,2655100,76200.0,2.8699484011901624
2022,35,US-born,30357100,706000.0,2.3256503420946006
2022,36,Foreign-born,66598300,224200.0,0.33664522968303995
2022,36,US-born,234245700,2906600.0,1.2408338765663574
2022,37,Foreign-born,17450700,218600.0,1.2526718125920449
2022,37,US-born,144289200,2810100.0,1.9475470097554077
2022,38,Foreign-born,639100,4700.0,0.7354091691441089
2022,38,US-born,12829400,168200.0,1.3110511793224937
2022,39,Foreign-born,11987100,66500.0,0.5547630369313679
2022,39,US-born,163839000,3652900.0,2.229566830852239
2022,40,Foreign-born,5692700,16800.0,0.295114796142428
2022,40,US-born,58997700,2108400.0,3.5736986357095275
2022,41,Foreign-born,8252600,113800.0,1.3789593582628505
2022,41,US-born,58320600,1034400.0,1.7736443040709458
2022,42,Foreign-born,18886500,132800.0,0.703147751039102
2022,42,US-born,172959200,4023200.0,2.326097715530599
2022,44,Foreign-born,2734700,42400.0,1.550444290050097
2022,44,US-born,14394100,145100.0,1.0080519101576342
2022,45,Foreign-born,5313600,36900.0,0.6944444444444444
2022,45,US-born,71194000,1599700.0,2.2469590134000055
2022,46,Foreign-born,707000,1300.0,0.18387553041018387
2022,46,US-born,13349000,401700.0,3.0092141733463182
2022,47,Foreign-born,8310100,80100.0,0.9638873178421439
2022,47,US-born,99320500,2078300.0,2.092518664324082
2022,48,Foreign-born,93818000,1307100.0,1.3932294442431088
2022,48,US-born,405480800,11521000.0,2.841318257239307
2022,49,Foreign-born,6034800,47900.0,0.7937297010671439
2022,49,US-born,53701000,445900.0,0.8303383549654569
2022,50,Foreign-born,365400,0.0,0.0
2022,50,US-born,9213800,59800.0,0.6490264603095357
2022,51,Foreign-born,18706200,128800.0,0.6885417669008136
2022,51,US-born,116347800,2933700.0,2.5214915967469946
2022,53,Foreign-born,24454800,115800.0,0.4735266696108739
2022,53,US-born,105568700,1263900.0,1.1972298607447094
2022,54,Foreign-born,680900,55100.0,8.092230870906153
2022,54,US-born,24476200,1039600.0,4.247391343427493
2022,55,Foreign-born,5627600,23300.0,0.414030847963608
2022,55,US-born,82554400,1464300.0,1.7737394978341554
2022,56,Foreign-born,371600,0.0,0.0
2022,56,US-born,8805400,197400.0,2.2418061643991187
2023,1,Foreign-born,4174000,54800.0,1.3128893148059417
2023,1,US-born,69821500,1616900.0,2.315762336816024
2023,2,Foreign-born,743400,16500.0,2.2195318805488298
2023,2,US-born,12243300,229800.0,1.8769449413148416
2023,4,Foreign-born,15394600,261400.0,1.697997999298455
2023,4,US-born,102185200,2669100.0,2.6120220932189793
2023,5,Foreign-born,3341600,40700.0,1.2179794110605697
2023,5,US-born,42712400,1274200.0,2.9832086232569464
2023,6,Foreign-born,152388900,1042700.0,0.6842361878063298
2023,6,US-born,484120900,7761300.0,1.6031739179200897
2023,8,Foreign-born,11485300,82000.0,0.7139561004066066
2023,8,US-born,91287500,1686300.0,1.8472408599205805
2023,9,Foreign-born,9078900,37300.0,0.4108427232373966
2023,9,US-born,42778600,575400.0,1.3450650558924322
2023,10,Foreign-born,1908400,15000.0,0.7859987424020121
2023,10,US-born,12067500,252400.0,2.0915682618603686
2023,11,Foreign-born,1712500,0.0,0.0
2023,11,US-born,11431200,168400.0,1.473161172930226
2023,12,Foreign-born,72042200,575000.0,0.7981433104485982
2023,12,US-born,237795100,5975400.0,2.5128356303388926
2023,13,Foreign-born,23412800,214400.0,0.9157383995079614
2023,13,US-born,146070600,4553200.0,3.1171228159533815
2023,15,Foreign-born,2705400,34000.0,1.2567457677238116
2023,15,US-born,18025800,82900.0,0.45989637075746986
2023,16,Foreign-born,2101900,4100.0,0.19506161092345023
2023,16,US-born,28079000,618500.0,2.202713771857972
2023,17,Foreign-born,29204000,94300.0,0.3229009724695247
2023,17,US-born,162005400,3146200.0,1.9420340309644
2023,18,Foreign-born,9722000,48900.0,0.5029829253240075
2023,18,US-born,95320500,2263400.0,2.374515450506449
2023,19,Foreign-born,3641900,59300.0,1.6282709574672563
2023,19,US-born,44169800,602300.0,1.3636013746949271
2023,20,Foreign-born,4036700,32200.0,0.7976812743082221
2023,20,US-born,41953500,994000.0,2.369289808955153
2023,21,Foreign-born,4654000,82500.0,1.7726686721100129
2023,21,US-born,63277900,1936400.0,3.0601521226210098
2023,22,Foreign-born,4886300,307300.0,6.289012135972004
2023,22,US-born,62358300,2412000.0,3.867969460360529
2023,23,Foreign-born,827200,16700.0,2.0188588007736943
2023,23,US-born,18401400,132700.0,0.7211407827665287
2023,24,Foreign-born,17538500,87400.0,0.4983322404994726
2023,24,US-born,71950800,1679300.0,2.3339559810314827
2023,25,Foreign-born,22394800,79600.0,0.3554396556343437
2023,25,US-born,84739100,901900.0,1.064325677284748
2023,26,Foreign-born,12375700,21800.0,0.1761516520277641
2023,26,US-born,137127200,2628600.0,1.9169063468079273
2023,27,Foreign-born,10232100,97800.0,0.9558155217404052
2023,27,US-born,76417100,891400.0,1.1664928399533612
2023,28,Foreign-born,1752800,209000.0,11.923779096303058
2023,28,US-born,40236100,1318100.0,3.275913918098424
2023,29,Foreign-born,6100000,20200.0,0.33114754098360655
2023,29,US-born,86442700,1671300.0,1.933419479030618
2023,30,Foreign-born,344400,17200.0,4.994192799070849
2023,30,US-born,17098100,297700.0,1.7411291313069874
2023,31,Foreign-born,3597200,33000.0,0.9173801845880128
2023,31,US-born,27517300,455900.0,1.6567759191490443
2023,32,Foreign-born,9028700,44700.0,0.49508788640668094
2023,32,US-born,40227600,880100.0,2.1878014099772294
2023,33,Foreign-born,1963600,29000.0,1.476879201466694
2023,33,US-born,19093800,188900.0,0.9893263781960636
2023,34,Foreign-born,35016100,147600.0,0.4215203863365709
2023,34,US-born,98681900,1788000.0,1.8118824222071122
2023,35,Foreign-born,3173000,72900.0,2.29751024267255
2023,35,US-born,29565300,720700.0,2.4376549536111587
2023,36,Foreign-born,65391500,329800.0,0.5043468952386777
2023,36,US-born,229878000,2842800.0,1.236655965338136
2023,37,Foreign-born,18322200,164300.0,0.8967263756535787
2023,37,US-born,144956500,2954600.0,2.038266652409516
2023,38,Foreign-born,762100,5200.0,0.6823251541792416
2023,38,US-born,13128400,172800.0,1.3162304622040766
2023,39,Foreign-born,12612100,134000.0,1.0624717533162598
2023,39,US-born,162653700,3554800.0,2.1855020820307196
2023,40,Foreign-born,5354100,96100.0,1.7948861620066867
2023,40,US-born,57956200,2001300.0,3.4531249460799702
2023,41,Foreign-born,7317900,115300.0,1.5755886251520246
2023,41,US-born,58064000,1038200.0,1.7880270046844862
2023,42,Foreign-born,18003300,204800.0,1.1375692234201507
2023,42,US-born,170494300,3802700.0,2.2303971452418057
2023,44,Foreign-born,2731500,68000.0,2.4894746476295078
2023,44,US-born,14465400,108500.0,0.7500656739530189
2023,45,Foreign-born,6380900,46500.0,0.7287373254556568
2023,45,US-born,71134300,1553500.0,2.183897219765992
2023,46,Foreign-born,673100,46100.0,6.848908037438717
2023,46,US-born,13404900,353300.0,2.635603398757171
2023,47,Foreign-born,9666000,80000.0,0.8276432857438444
2023,47,US-born,97789800,2214300.0,2.264346588294485
2023,48,Foreign-born,97751000,1351400.0,1.3824922507186628
2023,48,US-born,400724100,11010400.0,2.747626109834672
2023,49,Foreign-born,6458200,19800.0,0.30658697469883256
2023,49,US-born,53860200,604500.0,1.1223500841066316
2023,50,Foreign-born,428800,4100.0,0.9561567164179103
2023,50,US-born,9093000,76000.0,0.8358077642142308
2023,51,Foreign-born,19297600,178800.0,0.9265400878865765
2023,51,US-born,114641400,2602300.0,2.269947854788933
2023,53,Foreign-born,23736600,144200.0,0.6075006530000084
2023,53,US-born,105371300,1170600.0,1.1109286874129864
2023,54,Foreign-born,530100,26000.0,4.904734955668741
2023,54,US-born,24788600,985500.0,3.975617824322471
2023,55,Foreign-born,6426100,82900.0,1.2900515086911188
2023,55,US-born,80912200,1449400.0,1.7913244232637353
2023,56,Foreign-born,501200,0.0,0.0
2023,56,US-born,8613800,178100.0,2.067612435858738
2024,1,Foreign-born,5097000,51600.0,1.0123602118893467
2024,1,US-born,70320500,1898900.0,2.700350537894355
2024,2,Foreign-born,924100,25100.0,2.7161562601450058
2024,2,US-born,12281500,175000.0,1.4249073810202337
2024,4,Foreign-born,16586200,283000.0,1.7062377156913577
2024,4,US-born,105079300,2803400.0,2.667889869841158
2024,5,Foreign-born,3511000,67000.0,1.9082882369695242
2024,5,US-born,42219900,1244300.0,2.9471884111520867
2024,6,Foreign-born,151823400,1017400.0,0.6701206796844228
2024,6,US-born,492082500,7521800.0,1.5285648239878475
2024,8,Foreign-born,12193700,120700.0,0.9898554171416387
2024,8,US-born,91398300,1665000.0,1.8216969024587983
2024,9,Foreign-born,9684700,53300.0,0.5503526180470226
2024,9,US-born,44364100,676200.0,1.5242053822798163
2024,10,Foreign-born,2259700,13800.0,0.6107005354693101
2024,10,US-born,12744300,264300.0,2.0738683176008097
2024,11,Foreign-born,2168900,28600.0,1.3186407856517128
2024,11,US-born,11264600,147100.0,1.3058608383786374
2024,12,Foreign-born,80419800,517000.0,0.6428765055371936
2024,12,US-born,242638300,5699100.0,2.348804784735139
2024,13,Foreign-born,23963700,223400.0,0.9322433514023294
2024,13,US-born,147644700,4662000.0,3.1575803262833007
2024,15,Foreign-born,3295700,16600.0,0.5036866219619505
2024,15,US-born,17564500,165700.0,0.9433801132967065
2024,16,Foreign-born,2800600,54900.0,1.9602942226665716
2024,16,US-born,28602100,650900.0,2.2757070285049
2024,17,Foreign-born,31231300,140500.0,0.4498692017303154
2024,17,US-born,165597600,3216100.0,1.9421175186113808
2024,18,Foreign-born,10047000,66000.0,0.6569125111973723
2024,18,US-born,96307100,2054800.0,2.133591396688302
2024,19,Foreign-born,4861600,42300.0,0.8700839229883166
2024,19,US-born,45050400,782700.0,1.7373874593788292
2024,20,Foreign-born,5232100,47900.0,0.9155023795416755
2024,20,US-born,42287500,898100.0,2.1237954478273724
2024,21,Foreign-born,5528300,131100.0,2.3714342564622033
2024,21,US-born,63773100,1740500.0,2.729207142196318
2024,22,Foreign-born,5525100,370100.0,6.698521293732241
2024,22,US-born,62502500,2268300.0,3.6291348346066155
2024,23,Foreign-born,1234300,26100.0,2.1145588592724622
2024,23,US-born,18410700,168400.0,0.914685481812207
2024,24,Foreign-born,17079800,41400.0,0.24239159709130084
2024,24,US-born,73908700,1534200.0,2.0758043369725083
2024,25,Foreign-born,24134000,94800.0,0.392806828540648
2024,25,US-born,87610300,719400.0,0.8211363275779219
2024,26,Foreign-born,14748200,46900.0,0.3180049090736497
2024,26,US-born,139195800,2721900.0,1.9554469315884533
2024,27,Foreign-born,11226400,169000.0,1.505380175301076
2024,27,US-born,76940700,688000.0,0.8941951398934503
2024,28,Foreign-born,1751600,243500.0,13.90157570221512
2024,28,US-born,39963500,1277700.0,3.1971674152664304
2024,29,Foreign-born,6132200,29200.0,0.4761749453703402
2024,29,US-born,88390200,1786600.0,2.021264800848963
2024,30,Foreign-born,364000,0.0,0.0
2024,30,US-born,16775000,314100.0,1.8724292101341282
2024,31,Foreign-born,4342200,11600.0,0.26714568651835474
2024,31,US-born,27348300,461000.0,1.6856623629256662
2024,32,Foreign-born,9655600,95400.0,0.988027673060193
2024,32,US-born,41779300,838700.0,2.007453451829016
2024,33,Foreign-born,1647900,33200.0,2.0146853571211847
2024,33,US-born,19463300,237300.0,1.2192177071719597
2024,34,Foreign-born,37101000,137200.0,0.36980135306325973
2024,34,US-born,102771200,1637700.0,1.5935398243865986
2024,35,Foreign-born,3828100,30400.0,0.7941276351192497
2024,35,US-born,29513900,767000.0,2.5987754922256974
2024,36,Foreign-born,68094400,333600.0,0.48990812754059065
2024,36,US-born,234987000,2837000.0,1.2073008294075844
2024,37,Foreign-born,20426600,91200.0,0.44647665299168726
2024,37,US-born,148099600,2305900.0,1.5569927265164796
2024,38,Foreign-born,706500,20400.0,2.887473460721868
2024,38,US-born,13499600,170700.0,1.264481910575128
2024,39,Foreign-born,13223200,82300.0,0.6223909492407285
2024,39,US-born,164990600,3114700.0,1.887804517348261
2024,40,Foreign-born,5501900,34100.0,0.6197858921463495
2024,40,US-born,59437200,1806500.0,3.0393423647143543
2024,41,Foreign-born,7489000,112900.0,1.5075443984510617
2024,41,US-born,59256500,1159500.0,1.9567473610489987
2024,42,Foreign-born,18516100,271200.0,1.4646712860699609
2024,42,US-born,173373000,3856900.0,2.2246255183909835
2024,44,Foreign-born,3270500,57300.0,1.752025684146155
2024,44,US-born,13661100,103800.0,0.7598216834661923
2024,45,Foreign-born,6699600,16400.0,0.24479073377515073
2024,45,US-born,73309800,1481100.0,2.0203301604969597
2024,46,Foreign-born,1017200,35400.0,3.4801415650806136
2024,46,US-born,13279100,263800.0,1.9865804158414353
2024,47,Foreign-born,9090700,102100.0,1.1231258318941337
2024,47,US-born,100580700,2164600.0,2.152102739392349
2024,48,Foreign-born,103741300,1699000.0,1.6377276937921543
2024,48,US-born,411075300,11051500.0,2.688436887353728
2024,49,Foreign-born,7141400,45300.0,0.6343294031982524
2024,49,US-born,55114100,474000.0,0.8600340021881877
2024,50,Foreign-born,511200,4000.0,0.7824726134585289
2024,50,US-born,9209200,60700.0,0.6591234852104417
2024,51,Foreign-born,18929000,249500.0,1.3180833641502456
2024,51,US-born,115809000,2773700.0,2.395064286886166
2024,53,Foreign-born,25982800,188200.0,0.7243253229059223
2024,53,US-born,106714900,1230400.0,1.1529786374723678
2024,54,Foreign-born,792600,42700.0,5.387332828665153
2024,54,US-born,24759700,1011900.0,4.086883120554773
2024,55,Foreign-born,6714500,52900.0,0.7878471963660734
2024,55,US-born,83710000,1646200.0,1.966551188627404
2024,56,Foreign-born,375600,0.0,0.0
2024,56,US-born,8688300,207000.0,2.382514415938676
