YEAR,STATEFIP,Foreign-born,US-born,incarceration_rate_per_100k_gap_foreign_minus_us
2008,1,1142.6629013701495,3271.5210229173763,-2128.858121547227
2008,2,870.4197669521269,1838.03266641588,-967.612899463753
2008,4,3406.9142207747877,3619.272339777744,-212.3581190029563
2008,5,611.5402621722847,3858.6962008702762,-3247.1559386979916
2008,6,1280.9655263517432,3244.6444586772227,-1963.6789323254795
2008,8,2282.687699249419,2718.997101612404,-436.3094023629851
2008,9,478.0746813683108,2690.3334156828396,-2212.2587343145287
2008,10,1259.7889002383386,2849.757438403917,-1589.9685381655786
2008,11,246.91358024691357,1318.1632043208306,-1071.249624073917
2008,12,2019.8657296533313,4016.689284350324,-1996.823554696993
2008,13,1748.9234107536308,4351.9853478190125,-2603.0619370653817
2008,15,256.2969509500663,621.2449885859011,-364.9480376358348
2008,16,784.5449185977959,2108.8500540555337,-1324.3051354577378
2008,17,855.7377960121137,2587.5482273161933,-1731.8104313040797
2008,18,2166.678882943634,2864.1596949179398,-697.4808119743057
2008,19,1502.1525691454765,1783.4716090729182,-281.31903992744174
2008,20,1414.8318893569667,2437.21967412513,-1022.3877847681633
2008,21,944.4379867488086,2890.174345959874,-1945.736359211065
2008,22,5429.538191616016,3881.9479758690136,1547.5902157470023
2008,23,9056.047197640119,1657.063427520057,7398.983770120061
2008,24,526.5258796023494,3082.518227176312,-2555.9923475739624
2008,25,947.0890283531368,1638.258350911438,-691.1693225583011
2008,26,997.9248758422906,3191.0721494895897,-2193.1472736472992
2008,27,1249.3649493514708,1672.0341804005157,-422.6692310490448
2008,28,6868.347338935574,4353.226665068871,2515.1206738667033
2008,29,1539.7427951657887,2795.459603828177,-1255.7168086623883
2008,30,0.0,1945.376071177057,-1945.376071177057
2008,31,788.1933181965619,1214.5616981039796,-426.36837990741765
2008,32,1520.818546489836,2542.89589803334,-1022.0773515435039
2008,33,1434.6978557504874,940.7237458419112,493.9741099085762
2008,34,929.4994959873914,3282.436305715473,-2352.9368097280812
2008,35,3049.1772799107557,3345.5988083562543,-296.42152844549855
2008,36,928.4442564576734,2594.113557111578,-1665.6693006539044
2008,37,1107.0701192900785,2734.445768772348,-1627.3756494822694
2008,38,0.0,1572.5458543238053,-1572.5458543238053
2008,39,1199.3742395272031,2813.2688930644345,-1613.8946535372313
2008,40,3573.3152214927177,3771.6040796962143,-198.2888582034966
2008,41,1710.5400062428469,2295.6923772214523,-585.1523709786054
2008,42,2130.988695496142,3232.6845859313994,-1101.6958904352573
2008,44,1306.6750629722922,1111.0140369270198,195.66102604527237
2008,45,2427.4013402829487,3999.645572985067,-1572.244232702118
2008,46,10411.784399062604,2622.309536379136,7789.474862683468
2008,47,1478.4779400609596,2668.948515779394,-1190.4705757184342
2008,48,2586.4398288855273,4031.857095074083,-1445.417266188556
2008,49,786.4822352311609,1596.2612424540903,-809.7790072229294
2008,50,0.0,781.1089580800847,-781.1089580800847
2008,51,997.3016048350191,3636.4335052982483,-2639.131900463229
2008,53,1046.3105703929002,1795.8803677411847,-749.5697973482845
2008,54,5509.868421052632,2239.061857084076,3270.8065639685556
2008,55,1344.4912777282098,3131.1384311840106,-1786.647153455801
2008,56,6019.522776572668,2111.707163142947,3907.8156134297205
2009,1,840.4173106646059,3270.4258213311446,-2430.0085106665388
2009,2,612.3764503652772,2255.132951868058,-1642.756501502781
2009,4,3433.6671332389114,3028.7618503685208,404.9052828703907
2009,5,1796.4071856287424,3412.8747210773954,-1616.467535448653
2009,6,1399.5887549081851,3080.515700544873,-1680.926945636688
2009,8,1804.8393494644981,2773.505735989192,-968.666386524694
2009,9,1069.2975108325836,3036.863853577004,-1967.5663427444206
2009,10,321.0986513856642,3402.7970401123825,-3081.6983887267183
2009,11,0.0,1996.420924146349,-1996.420924146349
2009,12,1313.9472599599578,4162.098192179488,-2848.1509322195307
2009,13,1669.564567091069,4269.073126524511,-2599.5085594334423
2009,15,320.3115186534355,1698.5875874951807,-1378.2760688417452
2009,16,1640.2382750230724,2356.0500571662446,-715.8117821431722
2009,17,910.2956412789437,2299.140935241151,-1388.8452939622075
2009,18,840.129402068957,2783.482053452641,-1943.3526513836841
2009,19,702.416684717022,1456.3790860111512,-753.9624012941292
2009,20,1118.136049642899,2289.021097890211,-1170.885048247312
2009,21,1439.777066776757,3257.89592845553,-1818.1188616787729
2009,22,1986.4381981373624,3900.113866491166,-1913.6756683538035
2009,23,1473.8542297597417,1353.9210031920786,119.93322656766304
2009,24,660.513772604745,3288.089389916658,-2627.575617311913
2009,25,672.7079046826891,1820.5926044124296,-1147.8846997297405
2009,26,334.4113180527032,3028.4951837838826,-2694.0838657311792
2009,27,866.012346227295,1515.0728360982807,-649.0604898709857
2009,28,3545.0435549674717,4158.982497318674,-613.9389423512025
2009,29,1317.505108494697,2859.196799422118,-1541.6916909274212
2009,30,0.0,1670.996526699235,-1670.996526699235
2009,31,1125.942068464542,1673.5464087746197,-547.6043403100778
2009,32,951.7335146159077,2043.1435902309229,-1091.410075615015
2009,33,764.1921397379913,1480.2139279038115,-716.0217881658202
2009,34,1161.2716320662928,3123.446284726379,-1962.1746526600862
2009,35,3563.4846018023804,2751.5227893299725,811.9618124724079
2009,36,1094.7900849766233,2492.897749680776,-1398.1076647041527
2009,37,1415.5606818658437,2531.586799472573,-1116.0261176067295
2009,38,0.0,1569.5839311334291,-1569.5839311334291
2009,39,1863.435259246344,2771.8993203669797,-908.4640611206357
2009,40,4168.089611365343,4282.327437699157,-114.23782633381325
2009,41,2187.8794798077824,2563.4884029368272,-375.6089231290448
2009,42,2425.4558455488022,3414.3998886153436,-988.9440430665413
2009,44,803.2128514056224,1626.3638931944688,-823.1510417888464
2009,45,2689.0280578848674,3948.120716730545,-1259.0926588456778
2009,46,2535.1512569237325,1231.1205948054546,1304.0306621182779
2009,47,2669.1403834260977,2586.0908882937924,83.04949513230531
2009,48,2249.3541988269485,4166.140462989603,-1916.7862641626548
2009,49,1432.5607812820474,1279.560955059378,152.9998262226693
2009,50,1554.7081255500145,693.7171300832235,860.990995466791
2009,51,1083.4559574367809,3308.1725407249214,-2224.7165832881406
2009,53,1304.7735881542699,1746.453960712118,-441.68037255784816
2009,54,2808.6482117599517,2042.5480101518594,766.1002016080922
2009,55,1312.3359580052493,3303.915366450991,-1991.5794084457416
2009,56,0.0,1880.9638223381614,-1880.9638223381614
2010,1,1022.680101135892,3424.0507383440677,-2401.3706372081756
2010,2,0.0,2377.4254984405047,-2377.4254984405047
2010,4,6084.170513168612,3956.4404611332925,2127.7300520353197
2010,5,1374.2071881606764,3388.736882805362,-2014.5296946446854
2010,6,1163.2938903646461,3170.7215578010732,-2007.427667436427
2010,8,3509.12271932017,2769.1388065719466,739.9839127482232
2010,9,533.3607907742999,3239.44159567166,-2706.08080489736
2010,10,0.0,3734.641133976061,-3734.641133976061
2010,11,668.0152420379169,1423.9300469295256,-755.9148048916087
2010,12,1337.9337080829619,4141.7338875159585,-2803.8001794329966
2010,13,2098.004299851159,4577.641430850906,-2479.6371309997467
2010,15,1112.4366239188787,1493.0882685134682,-380.65164459458947
2010,16,3980.1474485616536,2455.369181813279,1524.7782667483748
2010,17,918.9242379514196,2745.956385686563,-1827.0321477351433
2010,18,2372.5397655522534,3358.1203715758274,-985.5806060235741
2010,19,2741.336468325006,1763.0038355426957,978.3326327823104
2010,20,1932.5227474031724,2862.3621885171037,-929.8394411139313
2010,21,1337.2464557051903,3877.3767671115916,-2540.1303114064012
2010,22,2496.8575019997716,4954.5558455840055,-2457.698343584234
2010,23,1508.0789946140035,1562.334186230235,-54.255191616231514
2010,24,648.0794650276912,2966.15866669005,-2318.0792016623586
2010,25,988.4973054516222,1563.2190464091593,-574.7217409575371
2010,26,1184.1351538520728,2792.869224815681,-1608.734070963608
2010,27,1018.3299389002037,1835.4317895286388,-817.101850628435
2010,28,5837.150127226463,5307.003590419488,530.1465368069748
2010,29,1064.5387583304105,3045.620844939427,-1981.0820866090166
2010,30,3163.618388531883,1671.6880073646328,1491.93038116725
2010,31,3028.388953223146,1859.2937268910196,1169.0952263321265
2010,32,1171.4104318122882,2763.837436356005,-1592.427004543717
2010,33,1108.9425124201562,1867.8743237766305,-758.9318113564743
2010,34,875.002027344827,3116.2525618965155,-2241.2505345516884
2010,35,3250.7552870090635,3281.9126492022287,-31.157362193165227
2010,36,818.9877504369542,2461.9624168156897,-1642.9746663787355
2010,37,840.8903544929926,3031.8661618039614,-2190.975807310969
2010,38,0.0,1658.2969037898768,-1658.2969037898768
2010,39,2359.1416739866986,3234.3031416995063,-875.1614677128077
2010,40,1325.4786450662739,4465.496194371158,-3140.0175493048837
2010,41,1270.0044849426256,2487.1457849760495,-1217.141300033424
2010,42,1931.520592028976,3496.496388161565,-1564.975796132589
2010,44,1663.5783405394275,1812.6604470602967,-149.08210652086927
2010,45,1955.0873778070388,3814.9336611886115,-1859.8462833815727
2010,46,1285.7977790765635,3188.2327216456697,-1902.4349425691062
2010,47,713.6558697313503,3301.5379122140325,-2587.882042482682
2010,48,2365.303087025589,4149.009830700784,-1783.706743675195
2010,49,1966.149792236749,1703.1969520515306,262.9528401852183
2010,50,0.0,1431.2062853310338,-1431.2062853310338
2010,51,781.4189795533301,3731.5802107773675,-2950.1612312240372
2010,53,996.7028265082681,2163.451836356738,-1166.74900984847
2010,54,5346.200980392156,3782.500565227221,1563.7004151649353
2010,55,2161.411217368829,2760.2582742354307,-598.8470568666016
2010,56,0.0,2183.7896068007776,-2183.7896068007776
2011,1,2084.8716500890414,3748.6504646931367,-1663.7788146040953
2011,2,0.0,1919.6119196119196,-1919.6119196119196
2011,4,5746.489593302105,4456.115345073537,1290.374248228568
2011,5,2345.797803510402,3302.4629774725886,-956.6651739621866
2011,6,1047.4903313319005,2945.7187835647424,-1898.2284522328418
2011,8,2955.0588314621896,2893.4864099203687,61.57242154182086
2011,9,793.263104239232,2884.056726265959,-2090.7936220267266
2011,10,750.6388415672913,4000.902934537246,-3250.2640929699546
2011,11,865.8551888568202,2551.832553908822,-1685.9773650520017
2011,12,1429.044592722291,4316.609980506861,-2887.56538778457
2011,13,2818.820829149333,4206.650438109721,-1387.8296089603882
2011,15,1138.8838937840917,1265.423210686042,-126.53931690195031
2011,16,2100.1936348741374,2815.965124902773,-715.7714900286355
2011,17,849.0053430736257,2603.452177341859,-1754.4468342682335
2011,18,1242.0237010027347,3316.580627050508,-2074.5569260477732
2011,19,1250.2818771767181,1709.5841317568916,-459.30225458017344
2011,20,1579.267058108929,2848.2623517253082,-1268.9952936163793
2011,21,3753.718794463847,3702.3509151347675,51.36787932907964
2011,22,3479.4225554314885,4897.165525395044,-1417.7429699635554
2011,23,0.0,1642.6634740659883,-1642.6634740659883
2011,24,632.7305151009397,3065.642919288009,-2432.9124041870696
2011,25,488.9473868589759,1624.4351581686865,-1135.4877713097105
2011,26,658.3540337376,2895.2630365567547,-2236.909002819155
2011,27,1640.8965101034275,1576.8363453857369,64.06016471769067
2011,28,16936.135812449473,4705.846792007105,12230.289020442367
2011,29,1050.7492918519456,2966.050349190581,-1915.3010573386355
2011,30,0.0,2116.863391476696,-2116.863391476696
2011,31,1795.2403769365917,1972.6919905889924,-177.45161365240074
2011,32,1961.3652007981389,3078.9917640394183,-1117.6265632412794
2011,33,0.0,1523.1272203665892,-1523.1272203665892
2011,34,1192.0455125124506,2849.572768660339,-1657.5272561478885
2011,35,5608.0903598634095,3315.7716143089315,2292.318745554478
2011,36,778.8732325143635,2273.327833057198,-1494.4546005428344
2011,37,1226.4611181578691,2889.5148699532256,-1663.0537517953564
2011,38,686.4006864006864,1563.474943397572,-877.0742569968855
2011,39,2326.8000201541795,2860.751643995351,-533.9516238411716
2011,40,1382.8059642734117,4175.970213800617,-2793.1642495272054
2011,41,1926.3391586497412,2337.820435036188,-411.4812763864468
2011,42,2169.1086731361697,3514.160483109842,-1345.0518099736723
2011,44,0.0,1977.0822899770521,-1977.0822899770521
2011,45,1986.7236404345565,3792.5861118213716,-1805.862471386815
2011,46,2160.9940572663427,2722.4060250378225,-561.4119677714798
2011,47,1796.226063891668,3100.7150935823997,-1304.4890296907317
2011,48,2889.1363896330636,3781.944940257449,-892.8085506243856
2011,49,1329.0676105712778,1534.0471915875867,-204.97958101630888
2011,50,0.0,1257.2164702514433,-1257.2164702514433
2011,51,1268.0375889592262,3292.7204060109502,-2024.682817051724
2011,53,1524.7462951030927,1790.9299154376856,-266.1836203345929
2011,54,11421.431721299426,3225.2858723718186,8196.145848927608
2011,55,1835.0148009424274,3066.5157770289493,-1231.5009760865219
2011,56,4618.822945120437,2075.8456215780457,2542.9773235423913
2012,1,1222.3053722475452,3749.577784211542,-2527.272411963997
2012,2,0.0,2348.66887099788,-2348.66887099788
2012,4,6336.979918878689,3763.5373376797,2573.442581198989
2012,5,1527.9958137100994,3358.613485938328,-1830.6176722282285
2012,6,1114.6494374640129,2592.2642199507895,-1477.6147824867767
2012,8,2260.89282281454,2879.5990157367055,-618.7061929221654
2012,9,697.1473867135497,2693.090584398387,-1995.9431976848373
2012,10,797.5161329599415,3160.89201591766,-2363.3758829577187
2012,11,868.4344958900292,1583.033802205681,-714.5993063156518
2012,12,1552.2216643755744,3996.307406071422,-2444.085741695848
2012,13,2521.9106594421833,4525.9859667023275,-2004.0753072601442
2012,15,487.84814617704455,1669.0529553721851,-1181.2048091951406
2012,16,482.31511254019296,2946.2878389847633,-2463.9727264445705
2012,17,762.8573522176512,2635.1601062845243,-1872.3027540668731
2012,18,1040.6082048896342,3329.722491614247,-2289.1142867246126
2012,19,1027.9450508091834,2055.3696263894144,-1027.424575580231
2012,20,1279.357003281348,2683.79952731119,-1404.4425240298422
2012,21,2806.8370205224946,3968.7261656481514,-1161.8891451256568
2012,22,3047.06429428033,5379.4650026717745,-2332.4007083914444
2012,23,0.0,1703.3178086138187,-1703.3178086138187
2012,24,496.0547222147416,3085.714449556081,-2589.6597273413395
2012,25,949.6008517878886,1668.2474892449843,-718.6466374570957
2012,26,731.9449198283352,2823.936696340257,-2091.991776511922
2012,27,1715.3909248326631,1499.6798108592043,215.71111397345885
2012,28,15461.24312545398,4925.888597107667,10535.354528346314
2012,29,869.0602922674925,2962.9542445196407,-2093.893952252148
2012,30,4614.450516089861,1966.749054650696,2647.7014614391646
2012,31,1707.1072104629152,1976.2692083252286,-269.16199786231346
2012,32,1545.925720372741,3071.987871056013,-1526.062150683272
2012,33,1019.170104343606,1557.0231435270086,-537.8530391834026
2012,34,914.1991703066353,3064.4452565541606,-2150.2460862475255
2012,35,3649.852311496806,3425.815996639208,224.03631485759797
2012,36,758.8577899011822,2363.870407005142,-1605.01261710396
2012,37,1611.645048054325,2892.573283132789,-1280.9282350784642
2012,38,9752.709085857183,1332.431518430842,8420.277567426341
2012,39,1773.2814526588845,2818.79408447653,-1045.5126318176453
2012,40,924.8516033563706,3961.222050538777,-3036.370447182406
2012,41,1795.1095273734654,2354.1341653666145,-559.0246379931491
2012,42,2467.860734378822,3309.7847612611836,-841.9240268823614
2012,44,429.0841004836948,1831.1854596146707,-1402.1013591309759
2012,45,2709.69706195768,3548.1530648472594,-838.4560028895794
2012,46,0.0,2973.037343648623,-2973.037343648623
2012,47,1529.7823448916888,3117.4008012831328,-1587.618456391444
2012,48,2804.008001108737,3871.106723666268,-1067.098722557531
2012,49,2288.503817058182,1623.204191120873,665.299625937309
2012,50,264.4725242433147,1084.2808580471221,-819.8083338038075
2012,51,1502.7024980358376,3276.0657445561683,-1773.3632465203307
2012,53,1450.3406327234338,1818.3338210090708,-367.99318828563696
2012,54,0.0,3573.701604925965,-3573.701604925965
2012,55,1038.843721770551,3095.3690063696913,-2056.5252845991404
2012,56,2500.0,2000.4256224728665,499.5743775271335
2013,1,3747.6631450806485,3357.629133588313,390.0340114923356
2013,2,0.0,2318.4554052997732,-2318.4554052997732
2013,4,5079.099833994789,4473.339798695001,605.7600352997879
2013,5,445.8007164654372,3458.82376481299,-3013.0230483475525
2013,6,1181.7142808675942,2538.650439402598,-1356.9361585350036
2013,8,1488.174565097642,2765.200623239616,-1277.026058141974
2013,9,377.28609796649187,2456.9043200405263,-2079.6182220740343
2013,10,484.8109752952705,3535.70151492687,-3050.8905396315995
2013,11,673.2655609060104,2349.8304197927664,-1676.5648588867562
2013,12,1227.986151089868,4027.6008995147354,-2799.6147484248677
2013,13,2641.2682827735644,4391.141307937575,-1749.8730251640109
2013,15,1170.9995517705065,1331.281537415453,-160.28198564494642
2013,16,2354.3015726179465,3090.8596954567925,-736.558122838846
2013,17,595.1989296837303,2758.7981360244717,-2163.599206340741
2013,18,321.02728731942216,3506.7294322323,-3185.702144912878
2013,19,892.0098690453597,1927.7407231650814,-1035.7308541197217
2013,20,1677.8455490486128,2443.263583680137,-765.418034631524
2013,21,1809.0161364239368,3911.311409604199,-2102.2952731802625
2013,22,6820.059747028538,4876.570837353669,1943.4889096748693
2013,23,622.7619492449012,1299.6377089969917,-676.8757597520905
2013,24,338.9286185361266,3056.032581404962,-2717.1039628688354
2013,25,873.060614230741,1826.4547471357557,-953.3941329050148
2013,26,348.25780170218957,2496.4143438286833,-2148.1565421264936
2013,27,395.90498280412703,1570.4886983134256,-1174.5837155092986
2013,28,12589.641434262949,4824.37196081983,7765.269473443119
2013,29,368.6181746501084,3066.8976903465937,-2698.2795156964853
2013,30,0.0,2065.5318576330487,-2065.5318576330487
2013,31,2302.699009224462,1604.1520123191576,698.5469969053042
2013,32,1355.5848915335055,2851.199180831938,-1495.6142892984326
2013,33,462.5805385759128,1721.5225597064946,-1258.942021130582
2013,34,815.6420119524563,2741.3658483939776,-1925.7238364415211
2013,35,9499.989265548853,2539.8785856419036,6960.110679906949
2013,36,755.1812008084054,2186.594953321425,-1431.4137525130195
2013,37,1173.6559825079175,2685.9421765369707,-1512.2861940290531
2013,38,0.0,1475.848653167528,-1475.848653167528
2013,39,1411.5424157381422,2858.372464447271,-1446.8300487091287
2013,40,1629.506531874625,3872.263669880937,-2242.757138006312
2013,41,1508.0870050195203,2173.419801874713,-665.3327968551926
2013,42,1622.6262241178013,3523.4457087858946,-1900.8194846680933
2013,44,0.0,1358.5634407958262,-1358.5634407958262
2013,45,2396.667295263239,3860.1550934626034,-1463.4877981993645
2013,46,1014.0845070422534,2996.077424737091,-1981.9929176948376
2013,47,284.04498533588895,3232.685437974546,-2948.640452638657
2013,48,2215.07428984238,4062.3153482875487,-1847.2410584451686
2013,49,175.70235658521565,1857.7006623222592,-1681.9983057370434
2013,50,0.0,1285.3564219179416,-1285.3564219179416
2013,51,1217.8092732091459,3512.171734639167,-2294.362461430021
2013,53,912.1279231260089,1950.8768952125295,-1038.7489720865206
2013,54,9978.198893174576,3214.3925047343764,6763.8063884402
2013,55,447.50526271765347,3203.5342314982777,-2756.0289687806244
2013,56,0.0,1849.674384949349,-1849.674384949349
2014,1,1178.9266854967457,3692.8047749197813,-2513.878089423036
2014,2,0.0,2441.808841250713,-2441.808841250713
2014,4,5383.994914611411,4344.217553944621,1039.7773606667906
2014,5,0.0,3703.740959431865,-3703.740959431865
2014,6,1185.7192634484977,2474.971223150708,-1289.2519597022101
2014,8,1637.5564028705107,2604.1801091226316,-966.6237062521209
2014,9,533.6285745633721,2653.412687120056,-2119.784112556684
2014,10,0.0,3242.5789374172814,-3242.5789374172814
2014,11,630.8200660859117,1809.8090937541913,-1178.9890276682795
2014,12,1382.2295646083455,3989.3532258094756,-2607.12366120113
2014,13,2012.65800592577,4223.5225444127955,-2210.864538487025
2014,15,2426.886877501713,1319.8092425379457,1107.0776349637674
2014,16,728.5307285307285,2885.0069847998493,-2156.4762562691208
2014,17,573.3526712636659,2658.423716645378,-2085.0710453817123
2014,18,1066.4174365241981,3044.014494995827,-1977.597058471629
2014,19,1889.4911171333938,1741.6354737215593,147.85564341183454
2014,20,464.2048589311874,2883.462946305096,-2419.2580873739084
2014,21,996.4184038938378,3902.0196165706548,-2905.601212676817
2014,22,3210.25422580208,5430.884594246171,-2220.6303684440913
2014,23,0.0,1318.4939788170432,-1318.4939788170432
2014,24,887.0919728730631,2970.9972100968976,-2083.9052372238343
2014,25,764.4587139106343,1578.867943510356,-814.4092295997218
2014,26,343.9310833829127,2596.9713678194885,-2253.040284436576
2014,27,1456.2297359888837,1456.5142423615423,-0.2845063726585977
2014,28,14578.504330852751,5236.493735586881,9342.01059526587
2014,29,1368.0503247083732,2893.2670429033433,-1525.21671819497
2014,30,2534.1516531379925,2449.562844120575,84.58880901741759
2014,31,981.022292885897,2179.4544991078255,-1198.4322062219285
2014,32,1332.9354421565702,3109.88191387171,-1776.9464717151398
2014,33,1320.8026416052833,1652.0103402114205,-331.2076986061372
2014,34,773.5148514851485,2676.2842772740337,-1902.7694257888852
2014,35,4241.498824498897,3328.935099663975,912.5637248349221
2014,36,629.9058650427311,2283.3745153894984,-1653.4686503467674
2014,37,641.1751595162938,2293.9195727058095,-1652.7444131895159
2014,38,2551.328502415459,1394.3419357842301,1156.9865666312287
2014,39,2124.705859186547,2844.3186715206803,-719.6128123341332
2014,40,134.95049003896696,3920.1336753326113,-3785.1831852936443
2014,41,845.9277431897609,2271.1264547926385,-1425.1987116028777
2014,42,2259.374060280817,3471.1016089005875,-1211.7275486197705
2014,44,0.0,1496.8914753680358,-1496.8914753680358
2014,45,3876.386170906719,3432.5997559763205,443.7864149303987
2014,46,4258.87802367473,2793.705302290413,1465.172721384317
2014,47,1278.286812655511,3060.943741388043,-1782.6569287325317
2014,48,2676.641895963045,3542.905560961994,-866.263664998949
2014,49,1291.4245578187854,1809.616091416352,-518.1915335975666
2014,50,0.0,923.4892787524367,-923.4892787524367
2014,51,864.4412107939892,3341.9683009612754,-2477.527090167286
2014,53,767.5927301540138,1678.3349264167678,-910.742196262754
2014,54,19748.653500897668,3483.77651186244,16264.876989035227
2014,55,1180.5174251477665,2623.3394912890935,-1442.822066141327
2014,56,0.0,2042.398043838966,-2042.398043838966
2015,1,1299.3926488736179,3235.927674015128,-1936.5350251415102
2015,2,1843.4113238124178,1842.7845845739134,0.6267392385043422
2015,4,5062.968498372204,4261.998714827452,800.9697835447514
2015,5,0.0,3859.7904514691772,-3859.7904514691772
2015,6,915.3111732062074,2509.7879707782354,-1594.4767975720279
2015,8,1245.7277925064682,2261.8570906260024,-1016.1292981195343
2015,9,143.98176921483324,2761.1637166742476,-2617.1819474594145
2015,10,395.7992506200855,3344.146708816763,-2948.3474581966775
2015,11,0.0,1664.9889089823878,-1664.9889089823878
2015,12,1035.0053201208043,4030.844627028958,-2995.8393069081535
2015,13,1923.6920265021704,4182.438317582033,-2258.7462910798627
2015,15,1181.7142186904377,1279.3404461687683,-97.62622747833052
2015,16,3200.098087297695,2991.1216815806647,208.9764057170305
2015,17,759.916764561454,2970.3491278381434,-2210.4323632766896
2015,18,1218.5236177412921,3413.0062625956184,-2194.4826448543263
2015,19,127.50410710344997,1853.5081454980784,-1726.0040383946284
2015,20,902.3731703851073,2814.6739427283246,-1912.3007723432174
2015,21,1044.4172010562054,3627.3515644647073,-2582.9343634085017
2015,22,4016.8845315904136,5555.795107956686,-1538.910576366272
2015,23,0.0,1757.711528519731,-1757.711528519731
2015,24,675.0409612233752,3049.350792253521,-2374.3098310301457
2015,25,664.3583939216509,1527.594601883356,-863.2362079617052
2015,26,321.6326908392531,2562.9681034339073,-2241.3354125946544
2015,27,569.8909230695305,1603.793386379682,-1033.9024633101517
2015,28,10097.982708933718,4551.905242098316,5546.0774668354015
2015,29,905.5560356001037,2876.6237348454347,-1971.067699245331
2015,30,0.0,1816.9943938286851,-1816.9943938286851
2015,31,1200.2830856334042,2347.4124371811104,-1147.1293515477062
2015,32,741.6503425625432,3138.554060410528,-2396.903717847985
2015,33,0.0,1884.1070032782295,-1884.1070032782295
2015,34,548.461807619037,2562.729658792651,-2014.2678511736142
2015,35,4649.836325761334,3496.6807228491575,1153.1556029121762
2015,36,670.3434841032467,2031.749960455259,-1361.4064763520123
2015,37,1128.9667403128808,2425.7868137968057,-1296.820073483925
2015,38,1801.6815694648337,1421.957671957672,379.72389750716184
2015,39,736.4453464772398,2716.3505909859728,-1979.905244508733
2015,40,811.4194873153607,3986.1992041588883,-3174.7797168435277
2015,41,1222.797441963972,1953.549947819289,-730.7525058553169
2015,42,2018.9559945698327,3387.341348262672,-1368.3853536928393
2015,44,0.0,1043.1883016068466,-1043.1883016068466
2015,45,1975.0461590107984,3035.6386653888158,-1060.5925063780173
2015,46,0.0,3289.1947033644037,-3289.1947033644037
2015,47,1219.2484147493767,2952.8881402393245,-1733.6397254899478
2015,48,2321.253978594883,3572.873711633151,-1251.619733038268
2015,49,807.9134082552179,1571.509522923795,-763.5961146685771
2015,50,516.8744299179082,1199.102426254032,-682.2279963361239
2015,51,678.485445392865,3269.7591637675628,-2591.2737183746976
2015,53,617.630544637844,1831.1711210293645,-1213.5405763915205
2015,54,6252.771618625277,3760.5619384356123,2492.209680189665
2015,55,1311.873491567585,2634.354368294397,-1322.4808767268119
2015,56,914.5661387463751,1845.4279065758853,-930.8617678295102
2016,1,456.3997960224375,3649.061869136682,-3192.662073114245
2016,2,55.18154729058603,2141.9319762700484,-2086.7504289794624
2016,4,4311.831666091756,4284.949352764207,26.882313327549127
2016,5,2250.0432700628858,4056.665309785727,-1806.6220397228412
2016,6,1045.9578401623696,2299.8363553191916,-1253.878515156822
2016,8,1585.0131188938938,2583.362634081024,-998.3495151871305
2016,9,793.8745851679934,2288.823361186612,-1494.948776018619
2016,10,281.67691657668655,3035.7604557652703,-2754.083539188584
2016,11,0.0,1874.3026528335195,-1874.3026528335195
2016,12,1101.1859836679364,3548.174835692,-2446.988852024064
2016,13,2109.8075152697265,4017.358148087908,-1907.5506328181814
2016,15,552.6265641872578,1329.022610234106,-776.3960460468481
2016,16,1515.4973296206692,2383.5126209713408,-868.0152913506715
2016,17,686.708022461378,2674.6577539653817,-1987.9497315040037
2016,18,1074.412592900337,3233.83757453526,-2159.424981634923
2016,19,1732.5666810202895,1842.1839581616512,-109.61727714136168
2016,20,1655.523081234736,2728.7928906803363,-1073.2698094456002
2016,21,1609.4394115178593,3456.7814172355043,-1847.342005717645
2016,22,4007.3595404774724,5074.628157220304,-1067.268616742832
2016,23,0.0,1640.4833836858006,-1640.4833836858006
2016,24,862.6575487954223,2735.801125526463,-1873.1435767310404
2016,25,882.7116013524749,1376.0960581404536,-493.3844567879787
2016,26,724.8665202734958,2449.994688501321,-1725.1281682278252
2016,27,670.673535584812,1468.4549583998999,-797.7814228150878
2016,28,11298.68206722938,4355.110040517495,6943.572026711885
2016,29,1210.077365602063,3259.0283263082597,-2048.9509607061964
2016,30,0.0,2070.2779854550395,-2070.2779854550395
2016,31,874.2848760451811,2025.6129349099015,-1151.3280588647203
2016,32,772.527808960098,2999.966197563971,-2227.438388603873
2016,33,1470.9913202375515,2261.6872409643925,-790.695920726841
2016,34,675.0681255104257,2421.8753281887343,-1746.8072026783086
2016,35,2594.1494875043186,3438.3207644155277,-844.1712769112091
2016,36,706.9831874247569,2136.0268567665084,-1429.0436693417514
2016,37,1084.1519044020934,2387.903450616311,-1303.7515462142178
2016,38,51.61734342739161,1381.7937541984973,-1330.1764107711056
2016,39,796.5837234129917,3026.1154217990015,-2229.53169838601
2016,40,1968.1418533642352,3611.5806314571596,-1643.4387780929244
2016,41,1146.6150668096122,1990.2791179729102,-843.6640511632979
2016,42,1313.366177079976,3214.557402474042,-1901.1912253940661
2016,44,1008.5309427414691,1217.1115452982915,-208.58060255682244
2016,45,2305.685226929835,3307.103469409,-1001.4182424791647
2016,46,2480.854276777047,3034.146956398418,-553.292679621371
2016,47,1314.1303004079616,3252.1322136702543,-1938.0019132622926
2016,48,2069.0026450404475,3472.585125072971,-1403.5824800325236
2016,49,820.6600730263391,1455.0449269351097,-634.3848539087707
2016,50,1448.1094127111826,968.4689972530698,479.6404154581128
2016,51,916.8956043956044,3023.3390626665173,-2106.4434582709127
2016,53,357.7834599091707,1928.967191682749,-1571.1837317735783
2016,54,6759.853345554537,3195.96063301597,3563.8927125385667
2016,55,1187.5293242084485,2968.303912501508,-1780.7745882930594
2016,56,237.3887240356083,2358.8327522055556,-2121.444028169947
2017,1,1056.9140692267952,3502.2075547428976,-2445.2934855161025
2017,2,0.0,2555.886858969079,-2555.886858969079
2017,4,3742.909619741241,3787.991839304446,-45.082219563204944
2017,5,1637.2622104420334,3488.059060780314,-1850.7968503382808
2017,6,900.3593741619072,2415.914249997308,-1515.554875835401
2017,8,1239.069944428149,2570.345864661654,-1331.275920233505
2017,9,778.6056250698814,1930.4701894201335,-1151.864564350252
2017,10,0.0,3214.656066367093,-3214.656066367093
2017,11,0.0,1876.416536359963,-1876.416536359963
2017,12,1244.832373311653,3480.9214562672496,-2236.0890829555965
2017,13,2455.910437080497,3915.423715294646,-1459.513278214149
2017,15,1490.8813535815823,1409.5344867123601,81.34686686922214
2017,16,834.2739363007312,2697.2906863456396,-1863.0167500449083
2017,17,421.3133544963139,2612.9898942917803,-2191.6765397954664
2017,18,1129.0955690503129,2977.609357770952,-1848.5137887206392
2017,19,1223.2793772395898,1843.2253244720832,-619.9459472324934
2017,20,1978.8152890875106,2747.238184731408,-768.4228956438976
2017,21,644.81710852875,3448.424928951687,-2803.607820422937
2017,22,4136.408648291797,4852.37469014396,-715.9660418521626
2017,23,2112.490097702667,1600.1458420319088,512.344255670758
2017,24,420.8992899757024,2748.698826575652,-2327.79953659995
2017,25,763.970905477667,1355.8500932991378,-591.8791878214709
2017,26,614.6778486990869,2520.1113328652045,-1905.4334841661175
2017,27,1260.8264586490077,1290.0653995203054,-29.2389408712977
2017,28,15529.121636324073,4283.057493125465,11246.064143198608
2017,29,301.1064756031199,2958.882994556652,-2657.776518953532
2017,30,0.0,1707.9659321912031,-1707.9659321912031
2017,31,2118.684012066365,1676.5823455500554,442.1016665163097
2017,32,1506.7979371776842,2784.6501932779893,-1277.852256100305
2017,33,142.27642276422765,1752.2084311752208,-1609.9320084109931
2017,34,933.1556420663799,2219.4543125940118,-1286.2986705276319
2017,35,4715.646515137226,3310.008941393232,1405.637573743994
2017,36,849.9936498528883,1989.0840262125776,-1139.0903763596893
2017,37,1108.7991334834535,2319.8995268553144,-1211.100393371861
2017,38,1307.540748701415,1289.3858451632248,18.154903538190183
2017,39,466.64440252367075,2725.369481852309,-2258.7250793286385
2017,40,4695.986456937293,3207.868228814567,1488.1182281227261
2017,41,605.0067884619965,2108.087048873819,-1503.0802604118226
2017,42,1445.269267107572,3079.113430558052,-1633.8441634504802
2017,44,1168.5325492856873,780.8522690606111,387.6802802250762
2017,45,2218.730839975475,3086.983545230918,-868.2527052554428
2017,46,3404.4882320744387,2243.7041289741956,1160.784103100243
2017,47,803.8623445192284,3155.678942097841,-2351.816597578613
2017,48,1553.4589229902447,3440.03820956214,-1886.5792865718952
2017,49,1419.8643660400035,1702.8889339388606,-283.0245678988572
2017,50,0.0,1071.7750851779147,-1071.7750851779147
2017,51,1195.0302989268425,2988.990761496998,-1793.9604625701554
2017,53,513.3418965963299,1800.0271702214372,-1286.6852736251074
2017,54,0.0,2825.51375722078,-2825.51375722078
2017,55,781.7245899542795,2697.3474514803725,-1915.622861526093
2017,56,1135.7490535424554,2512.7702997628794,-1377.021246220424
2018,1,1064.773735581189,3065.619495225566,-2000.845759644377
2018,2,1332.5471698113208,2359.1359509100707,-1026.58878109875
2018,4,2969.7124067984996,4052.223750524879,-1082.5113437263794
2018,5,1210.6882406563354,3705.9693744501124,-2495.281133793777
2018,6,943.1279338882312,2403.2234507486446,-1460.0955168604135
2018,8,887.0766127294202,2422.421482559504,-1535.344869830084
2018,9,891.5036836805003,2151.7964694670336,-1260.2927857865334
2018,10,572.2145804676753,3450.606672563713,-2878.3920920960377
2018,11,0.0,2136.189129116993,-2136.189129116993
2018,12,976.8560483161092,3447.98898689216,-2471.132938576051
2018,13,2480.6877759692084,3805.7569041558404,-1325.069128186632
2018,15,1628.7411066031634,1152.5787006028131,476.1624060003503
2018,16,3429.208905272348,2373.7642095771744,1055.4446956951738
2018,17,693.4470030425181,2629.7527411957044,-1936.3057381531862
2018,18,852.9476526556107,3137.4538076950944,-2284.506155039484
2018,19,889.4665231606523,1680.2046894312205,-790.7381662705682
2018,20,838.8776395718832,2748.1799687889984,-1909.3023292171151
2018,21,488.6521537748958,3293.43847926451,-2804.7863254896142
2018,22,3690.404485011352,5370.663098380302,-1680.2586133689497
2018,23,0.0,1263.7547177329834,-1263.7547177329834
2018,24,510.58762681998326,2836.8631228085364,-2326.2754959885533
2018,25,720.4935978239237,1307.7893360096136,-587.29573818569
2018,26,548.5406748085283,2137.244124627929,-1588.7034498194007
2018,27,1149.1722841289495,1413.8837842975731,-264.7115001686236
2018,28,11542.303466187193,4293.428463788878,7248.875002398316
2018,29,541.8151708247831,2755.6273802879914,-2213.812209463208
2018,30,0.0,2016.1392165281743,-2016.1392165281743
2018,31,2983.175455959282,1884.469129888017,1098.7063260712648
2018,32,921.1301362906993,2822.328321008891,-1901.198184718192
2018,33,3026.9876002917576,1961.1753756149449,1065.8122246768128
2018,34,967.0989349743305,2419.551419029077,-1452.4524840547465
2018,35,5940.760686637496,3436.6891363143372,2504.071550323159
2018,36,754.0918755872027,2112.5528710497074,-1358.4609954625048
2018,37,997.8046103183315,2245.308846092991,-1247.5042357746597
2018,38,1110.8076117636347,1358.106196359521,-247.29858459588627
2018,39,617.0837320186179,2651.6557179080155,-2034.5719858893976
2018,40,3772.793963529658,3415.3509104603722,357.4430530692857
2018,41,1050.1035976643434,1890.2354925752118,-840.1318949108684
2018,42,1688.934529206769,3025.368493747536,-1336.433964540767
2018,44,1746.7068588181855,1052.6239003253431,694.0829584928424
2018,45,1881.5529487156666,2795.9843782307375,-914.4314295150709
2018,46,1252.1150592216582,2611.2723007593063,-1359.1572415376481
2018,47,1662.660997103593,3047.5292432046367,-1384.8682461010437
2018,48,2172.0156218205557,3321.6159287655832,-1149.6003069450276
2018,49,1069.7590794678174,1396.2648890563132,-326.5058095884958
2018,50,303.21406913280777,1161.578727938111,-858.3646588053032
2018,51,879.6364169476616,2779.3115815302017,-1899.6751645825402
2018,53,299.7487212847103,1716.8045015612265,-1417.055780276516
2018,54,343.5037381289149,3168.2497155353985,-2824.7459774064837
2018,55,147.89217050063698,2816.771540713974,-2668.879370213337
2018,56,0.0,2434.794436698745,-2434.794436698745
2019,1,428.3039675822626,2940.8212026668316,-2512.517235084569
2019,2,669.2071753880472,2391.884585346596,-1722.6774099585487
2019,4,1773.5217806909739,3908.7823587589996,-2135.260578068026
2019,5,1437.3123989840683,3514.3847344291516,-2077.0723354450834
2019,6,811.2893652656164,2281.048002384617,-1469.7586371190007
2019,8,1314.24962383668,2323.1405004768303,-1008.8908766401503
2019,9,362.62203626220366,1791.4362006484837,-1428.81416438628
2019,10,442.03621845144727,3552.1717210558245,-3110.135502604377
2019,11,21.048200378867605,1444.0198917796329,-1422.9716914007652
2019,12,728.5021168402515,3474.316523118131,-2745.8144062778797
2019,13,2370.0333526682134,3974.0802669658788,-1604.0469142976654
2019,15,902.4382240015751,1604.1979010494751,-701.7596770479
2019,16,2953.1888155827837,2372.9696931980834,580.2191223847003
2019,17,769.4601653618396,2501.6243726482794,-1732.1642072864397
2019,18,919.6098060670967,3076.5408031702796,-2156.930997103183
2019,19,2687.5478595953855,2077.2626881664523,610.2851714289332
2019,20,918.0049585669295,2602.7423641335745,-1684.737405566645
2019,21,491.6115791232131,3424.6378385977464,-2933.026259474533
2019,22,7754.618435051745,4821.6082002598505,2933.0102347918946
2019,23,1866.5422305179654,1737.764892662387,128.77733785557848
2019,24,1563.0339311252578,2713.4601605764146,-1150.4262294511568
2019,25,704.3160833154392,1194.7050174732506,-490.3889341578114
2019,26,590.5375049211459,2107.5271974512943,-1516.9896925301484
2019,27,925.1101321585903,1327.3759779955124,-402.26584583692204
2019,28,5181.425649572002,4828.567168488641,352.85848108336086
2019,29,189.20443174995907,2764.4011287301328,-2575.196696980174
2019,30,0.0,1807.9406336413622,-1807.9406336413622
2019,31,715.7101100882345,2231.6775685398466,-1515.967458451612
2019,32,749.4723103121272,2731.040069794977,-1981.5677594828499
2019,33,1232.8567259994163,1442.8071255434572,-209.95039954404092
2019,34,819.2156216434324,2088.5930196854424,-1269.37739804201
2019,35,6091.715976331361,3358.3264858942757,2733.3894904370854
2019,36,835.6401409735,1903.226013986614,-1067.585873013114
2019,37,847.3194456158107,2203.524808201376,-1356.2053625855651
2019,38,3155.906211801311,1176.7117359914366,1979.1944758098746
2019,39,334.76153564401136,2601.0304990386585,-2266.268963394647
2019,40,2509.2182890855456,3637.141709621466,-1127.9234205359203
2019,41,1833.9417202925274,2120.593663409092,-286.6519431165648
2019,42,1639.2100924832512,3004.831082610513,-1365.6209901272618
2019,44,0.0,855.1824484322843,-855.1824484322843
2019,45,974.2243357936626,2600.5438219299353,-1626.3194861362726
2019,46,0.0,3033.787098356635,-3033.787098356635
2019,47,1343.6266132359008,3034.9246209911303,-1691.2980077552295
2019,48,1957.5968302058764,3100.79364477367,-1143.1968145677938
2019,49,570.0644885452666,1320.8067438745766,-750.74225532931
2019,50,0.0,1008.4425165577608,-1008.4425165577608
2019,51,986.6212356566617,2880.0189409834647,-1893.3977053268031
2019,53,583.4242772551672,1565.4266433567116,-982.0023661015443
2019,54,3996.703749484961,3761.3186885031546,235.38506098180642
2019,55,863.1035559866506,2767.106425643011,-1904.0028696563604
2019,56,7120.377655389457,1539.3579211093631,5581.019734280094
2020,1,3173.481514791379,2864.157239561704,309.3242752296751
2020,2,1484.7344207444585,1989.7309509139454,-504.99653016948696
2020,4,2493.574101187571,3133.8799166057897,-640.3058154182186
2020,5,1217.2191984166254,3630.8023117696494,-2413.5831133530237
2020,6,789.1246124080129,2326.4462743996987,-1537.3216619916857
2020,8,987.9574418332749,2389.2317064945664,-1401.2742646612915
2020,9,611.6400781890409,1598.893216774451,-987.2531385854102
2020,10,1845.522898154477,3278.431113278183,-1432.9082151237062
2020,11,0.0,1727.7402764384442,-1727.7402764384442
2020,12,1000.936746571661,3484.537858558015,-2483.601111986354
2020,13,1169.8088471836347,3623.0765626593393,-2453.267715475705
2020,15,519.1275869277403,959.2427475754823,-440.1151606477421
2020,16,1021.2097407698351,2386.382621601775,-1365.17288083194
2020,17,432.93576702410223,2554.07984345181,-2121.1440764277077
2020,18,684.9640869523854,2975.5447481645697,-2290.580661212184
2020,19,1764.0006850488096,1878.3880695408927,-114.38738449208313
2020,20,1070.0413482019796,2216.2249372974084,-1146.1835890954287
2020,21,2503.838101884159,3523.9427620925544,-1020.1046602083952
2020,22,6077.2369404057235,4274.0816069002885,1803.155333505435
2020,23,937.3169302870533,1161.468206100293,-224.15127581323964
2020,24,283.21203268419947,3116.3283066936224,-2833.116274009423
2020,25,299.0433447502067,1265.6068297506388,-966.5634850004321
2020,26,587.3760520600669,2023.5172371811782,-1436.1411851211114
2020,27,2081.034893027884,1306.3796231193844,774.6552699084998
2020,28,10212.306585102555,4399.683215175138,5812.623369927417
2020,29,1116.0562998441135,2280.6091333594272,-1164.5528335153138
2020,30,3162.608452280996,1699.3319643367731,1463.276487944223
2020,31,463.45519478749213,2379.203164735801,-1915.7479699483088
2020,32,856.0564682156212,2092.5177254535483,-1236.4612572379272
2020,33,1197.339246119734,1496.682693599076,-299.3434474793419
2020,34,899.7409927906142,2475.243903076288,-1575.5029102856738
2020,35,452.61121856866544,3900.411282836564,-3447.800064267899
2020,36,775.8086349109202,1824.0032047713958,-1048.1945698604754
2020,37,807.9862356596122,1914.4487656349775,-1106.4625299753652
2020,38,705.8823529411765,1296.2138792637568,-590.3315263225803
2020,39,963.603895823808,2456.1287218163247,-1492.5248259925168
2020,40,2318.633940998744,3519.892417575298,-1201.2584765765541
2020,41,2100.2201217143597,1797.074767311036,303.1453544033236
2020,42,1733.3218162448534,2869.8941194942195,-1136.572303249366
2020,44,416.7003802896674,830.5323810095432,-413.8320007198758
2020,45,1089.7061685152753,2172.784733627683,-1083.078565112408
2020,46,184.18815528478322,2641.444617039073,-2457.25646175429
2020,47,1493.3325439933697,3178.846382589507,-1685.5138385961372
2020,48,1747.5622511453143,3036.336397248526,-1288.7741461032115
2020,49,743.7015969406384,1216.7148128021051,-473.01321586146673
2020,50,0.0,815.0282207537673,-815.0282207537673
2020,51,671.9166491544357,3191.0672289387717,-2519.150579784336
2020,53,967.1429308299377,1501.834235620339,-534.6913047904014
2020,54,7377.049180327868,3173.1189085426636,4203.930271785204
2020,55,69.40917555442695,2633.2652733040627,-2563.856097749636
2020,56,0.0,2778.164601030497,-2778.164601030497
2021,1,1555.1792266440868,2370.0332422507267,-814.8540156066399
2021,2,2798.7718469532356,1756.9843513291637,1041.7874956240719
2021,4,1433.1737971813807,3273.0793204514407,-1839.90552327006
2021,5,889.8015058179329,2980.090800568631,-2090.289294750698
2021,6,1026.5297158089188,2443.627870097297,-1417.0981542883783
2021,8,885.5371268639927,2199.757388767683,-1314.2202619036902
2021,9,410.296762589928,1599.235308174482,-1188.938545584554
2021,10,359.619830464937,2856.6113046713795,-2496.9914742064425
2021,11,0.0,1339.2896017833973,-1339.2896017833973
2021,12,957.7411425367535,3389.339413253189,-2431.5982707164353
2021,13,922.6416468165223,3707.1063352746564,-2784.4646884581343
2021,15,2697.8596316575413,1377.359916235792,1320.4997154217492
2021,16,51.09387338009197,2303.5526941452626,-2252.4588207651705
2021,17,310.11986461210813,2460.8193067961515,-2150.6994421840436
2021,18,753.4406344763238,2624.660884987738,-1871.2202505114142
2021,19,1287.3397746463277,1612.2744920711648,-324.9347174248371
2021,20,319.07447815883734,2492.190010461641,-2173.115532302804
2021,21,1790.9329336830274,2815.743931197977,-1024.8109975149496
2021,22,6175.449886235664,4800.885758884815,1374.564127350849
2021,23,0.0,1331.7076701239846,-1331.7076701239846
2021,24,812.8561521994754,2987.3329298498666,-2174.4767776503913
2021,25,495.4069284316352,1356.76107189735,-861.3541434657147
2021,26,576.8528092420838,1960.9156336729338,-1384.06282443085
2021,27,446.3131279271341,1315.6444808261444,-869.3313528990104
2021,28,15161.797046811185,3952.005390075666,11209.791656735519
2021,29,904.6393891609262,2129.801239854285,-1225.161850693359
2021,30,0.0,1992.0124088571883,-1992.0124088571883
2021,31,1292.2763252578557,1980.0126297857341,-687.7363045278785
2021,32,519.5721170800517,2272.431673672922,-1752.8595565928704
2021,33,1723.7869019341704,1014.8824969464408,708.9044049877295
2021,34,573.2383965931905,2259.641455867811,-1686.4030592746208
2021,35,2174.044144252804,3504.171470745287,-1330.127326492483
2021,36,788.7055039028568,1968.1607129979343,-1179.4552090950774
2021,37,680.9069126199564,1860.1648432355591,-1179.2579306156026
2021,38,419.51219512195127,1245.2955501439008,-825.7833550219495
2021,39,661.0187562021766,2550.3897183785098,-1889.3709621763333
2021,40,714.4498527230567,3224.260001706048,-2509.8101489829914
2021,41,1422.0546195486893,1938.0361441404648,-515.9815245917755
2021,42,674.6446068588868,2911.4999916219986,-2236.855384763112
2021,44,1359.0979841312023,1082.2767586125087,276.8212255186936
2021,45,1641.073312000572,2193.861802572631,-552.7884905720589
2021,46,0.0,2686.2371330537553,-2686.2371330537553
2021,47,1722.6907034105143,2609.3054574378184,-886.6147540273041
2021,48,1489.1162711212698,3030.1846103376233,-1541.0683392163535
2021,49,1772.329918655011,1020.553094705585,751.776823949426
2021,50,571.8206770356817,824.6289169873556,-252.80823995167395
2021,51,1202.6691089886172,2768.263697228776,-1565.5945882401588
2021,53,502.34560846279584,1630.0799778149667,-1127.734369352171
2021,54,6133.44384583506,3160.5651522550634,2972.8786935799963
2021,55,801.0911413822275,2621.7305527650356,-1820.639411382808
2021,56,6244.772790632841,1570.551859833224,4674.220930799617
2022,1,1401.1640439749945,2165.734923910825,-764.5708799358304
2022,2,0.0,1762.4369823920786,-1762.4369823920786
2022,4,1704.9479214787714,2471.984963479337,-767.0370420005654
2022,5,1747.7535115014396,2860.132294464321,-1112.3787829628816
2022,6,725.4469454482422,1660.8113710250752,-935.364425576833
2022,8,1414.5985816140058,1554.279115263133,-139.68053364912726
2022,9,367.0081171154593,1522.8142203974994,-1155.80610328204
2022,10,734.9563619660082,1888.5560215698022,-1153.599659603794
2022,11,0.0,1489.6705952370216,-1489.6705952370216
2022,12,527.5354942750247,2652.0738761073258,-2124.538381832301
2022,13,1001.4394212011591,3127.4534040004237,-2126.0139827992643
2022,15,574.0456099626714,914.4922673997035,-340.44665743703206
2022,16,1951.219512195122,2036.5882120608248,-85.36869986570287
2022,17,608.8780708871492,2011.2495035576376,-1402.3714326704885
2022,18,120.301072063536,2290.6257497209735,-2170.3246776574374
2022,19,172.77498218257998,1838.3080979451977,-1665.5331157626176
2022,20,536.5963742132845,2738.0058183205006,-2201.409444107216
2022,21,1830.7873090481787,2778.835529642369,-948.0482205941901
2022,22,5256.78515946267,4084.704004129268,1172.081155333402
2022,23,0.0,887.5691550753459,-887.5691550753459
2022,24,553.6434844528839,2227.288360705435,-1673.644876252551
2022,25,327.7449702609648,882.5899069801508,-554.844936719186
2022,26,435.9124821862688,2046.042744287494,-1610.1302621012253
2022,27,726.6244800517081,1033.7998348756755,-307.1753548239674
2022,28,12826.633976385574,3711.3809576606586,9115.253018724916
2022,29,800.317959279533,2024.560912778081,-1224.242953498548
2022,30,699.3006993006993,1564.3277406288737,-865.0270413281744
2022,31,1395.1170901843548,1463.776171947378,-68.65908176302332
2022,32,681.6199511128818,2019.326656669254,-1337.706705556372
2022,33,1407.8445837944178,860.5887692906238,547.255814503794
2022,34,658.8809283609481,1404.7858499752565,-745.9049216143084
2022,35,2869.9484011901623,2325.6503420946005,544.2980590955617
2022,36,336.64522968303993,1240.8338765663573,-904.1886468833173
2022,37,1252.671812592045,1947.5470097554078,-694.8751971633628
2022,38,735.4091691441089,1311.0511793224937,-575.6420101783848
2022,39,554.7630369313679,2229.566830852239,-1674.8037939208712
2022,40,295.114796142428,3573.6986357095275,-3278.5838395670994
2022,41,1378.9593582628506,1773.6443040709457,-394.6849458080951
2022,42,703.147751039102,2326.097715530599,-1622.9499644914972
2022,44,1550.444290050097,1008.0519101576341,542.3923798924628
2022,45,694.4444444444445,2246.9590134000055,-1552.5145689555611
2022,46,183.87553041018387,3009.214173346318,-2825.3386429361344
2022,47,963.8873178421438,2092.5186643240822,-1128.6313464819384
2022,48,1393.229444243109,2841.318257239307,-1448.0888129961982
2022,49,793.7297010671439,830.3383549654569,-36.60865389831304
2022,50,0.0,649.0264603095357,-649.0264603095357
2022,51,688.5417669008136,2521.4915967469947,-1832.949829846181
2022,53,473.5266696108739,1197.2298607447094,-723.7031911338355
2022,54,8092.230870906153,4247.391343427493,3844.83952747866
2022,55,414.030847963608,1773.7394978341554,-1359.7086498705473
2022,56,0.0,2241.8061643991186,-2241.8061643991186
2023,1,1312.8893148059417,2315.762336816024,-1002.8730220100822
2023,2,2219.5318805488296,1876.9449413148416,342.586939233988
2023,4,1697.9979992984552,2612.022093218979,-914.0240939205239
2023,5,1217.9794110605696,2983.2086232569463,-1765.2292121963767
2023,6,684.2361878063298,1603.1739179200897,-918.9377301137599
2023,8,713.9561004066067,1847.2408599205805,-1133.2847595139738
2023,9,410.8427232373966,1345.0650558924322,-934.2223326550355
2023,10,785.9987424020121,2091.5682618603687,-1305.5695194583566
2023,11,0.0,1473.161172930226,-1473.161172930226
2023,12,798.1433104485982,2512.8356303388928,-1714.6923198902946
2023,13,915.7383995079614,3117.1228159533816,-2201.3844164454204
2023,15,1256.7457677238117,459.89637075746987,796.8493969663418
2023,16,195.06161092345022,2202.713771857972,-2007.6521609345218
2023,17,322.90097246952473,1942.0340309644,-1619.1330584948753
2023,18,502.98292532400745,2374.5154505064493,-1871.5325251824418
2023,19,1628.2709574672563,1363.6013746949272,264.669582772329
2023,20,797.6812743082221,2369.2898089551527,-1571.6085346469306
2023,21,1772.668672110013,3060.1521226210098,-1287.4834505109968
2023,22,6289.012135972004,3867.969460360529,2421.0426756114753
2023,23,2018.8588007736944,721.1407827665287,1297.7180180071657
2023,24,498.3322404994726,2333.9559810314827,-1835.62374053201
2023,25,355.4396556343437,1064.325677284748,-708.8860216504044
2023,26,176.1516520277641,1916.9063468079273,-1740.7546947801632
2023,27,955.8155217404052,1166.4928399533612,-210.67731821295604
2023,28,11923.779096303058,3275.913918098424,8647.865178204635
2023,29,331.1475409836066,1933.419479030618,-1602.2719380470114
2023,30,4994.192799070848,1741.1291313069873,3253.063667763861
2023,31,917.3801845880129,1656.7759191490443,-739.3957345610314
2023,32,495.0878864066809,2187.8014099772295,-1692.7135235705487
2023,33,1476.879201466694,989.3263781960636,487.55282327063037
2023,34,421.5203863365709,1811.882422207112,-1390.3620358705411
2023,35,2297.51024267255,2437.654953611159,-140.14471093860902
2023,36,504.34689523867775,1236.655965338136,-732.3090700994583
2023,37,896.7263756535787,2038.266652409516,-1141.5402767559372
2023,38,682.3251541792415,1316.2304622040765,-633.905308024835
2023,39,1062.4717533162598,2185.5020820307195,-1123.0303287144598
2023,40,1794.8861620066866,3453.1249460799704,-1658.2387840732838
2023,41,1575.5886251520246,1788.0270046844862,-212.43837953246157
2023,42,1137.5692234201506,2230.3971452418054,-1092.8279218216549
2023,44,2489.4746476295077,750.065673953019,1739.4089736764886
2023,45,728.7373254556568,2183.897219765992,-1455.159894310335
2023,46,6848.908037438717,2635.603398757171,4213.304638681546
2023,47,827.6432857438443,2264.3465882944847,-1436.7033025506403
2023,48,1382.4922507186627,2747.6261098346718,-1365.133859116009
2023,49,306.58697469883253,1122.3500841066316,-815.763109407799
2023,50,956.1567164179104,835.8077642142307,120.34895220367969
2023,51,926.5400878865765,2269.947854788933,-1343.4077669023563
2023,53,607.5006530000085,1110.9286874129864,-503.4280344129779
2023,54,4904.734955668741,3975.617824322471,929.1171313462705
2023,55,1290.051508691119,1791.3244232637353,-501.2729145726164
2023,56,0.0,2067.612435858738,-2067.612435858738
2024,1,1012.3602118893467,2700.350537894355,-1687.9903260050082
2024,2,2716.156260145006,1424.9073810202337,1291.2488791247722
2024,4,1706.2377156913578,2667.889869841158,-961.6521541498003
2024,5,1908.2882369695242,2947.1884111520867,-1038.9001741825625
2024,6,670.1206796844228,1528.5648239878476,-858.4441443034248
2024,8,989.8554171416387,1821.6969024587984,-831.8414853171597
2024,9,550.3526180470226,1524.2053822798164,-973.8527642327938
2024,10,610.7005354693101,2073.86831760081,-1463.1677821314997
2024,11,1318.6407856517128,1305.8608383786375,12.779947273075322
2024,12,642.8765055371936,2348.804784735139,-1705.9282791979454
2024,13,932.2433514023294,3157.5803262833006,-2225.336974880971
2024,15,503.68662196195044,943.3801132967064,-439.693491334756
2024,16,1960.2942226665716,2275.7070285049,-315.41280583832827
2024,17,449.8692017303154,1942.1175186113808,-1492.2483168810654
2024,18,656.9125111973723,2133.591396688302,-1476.67888549093
2024,19,870.0839229883167,1737.3874593788291,-867.3035363905125
2024,20,915.5023795416755,2123.7954478273723,-1208.2930682856968
2024,21,2371.4342564622034,2729.207142196318,-357.7728857341144
2024,22,6698.52129373224,3629.1348346066156,3069.3864591256247
2024,23,2114.558859272462,914.685481812207,1199.8733774602551
2024,24,242.39159709130084,2075.8043369725083,-1833.4127398812075
2024,25,392.80682854064804,821.1363275779219,-428.3294990372738
2024,26,318.0049090736497,1955.4469315884533,-1637.4420225148035
2024,27,1505.380175301076,894.1951398934503,611.1850354076256
2024,28,13901.57570221512,3197.1674152664305,10704.408286948688
2024,29,476.1749453703402,2021.264800848963,-1545.0898554786227
2024,30,0.0,1872.4292101341282,-1872.4292101341282
2024,31,267.14568651835475,1685.6623629256662,-1418.5166764073115
2024,32,988.027673060193,2007.4534518290159,-1019.4257787688229
2024,33,2014.6853571211846,1219.2177071719595,795.467649949225
2024,34,369.80135306325974,1593.5398243865986,-1223.738471323339
2024,35,794.1276351192497,2598.7754922256972,-1804.6478571064476
2024,36,489.90812754059067,1207.3008294075844,-717.3927018669938
2024,37,446.4766529916873,1556.9927265164795,-1110.5160735247923
2024,38,2887.4734607218684,1264.481910575128,1622.9915501467403
2024,39,622.3909492407284,1887.804517348261,-1265.4135681075327
2024,40,619.7858921463495,3039.342364714354,-2419.5564725680047
2024,41,1507.5443984510616,1956.7473610489988,-449.20296259793713
2024,42,1464.6712860699608,2224.6255183909834,-759.9542323210226
2024,44,1752.025684146155,759.8216834661923,992.2040006799627
2024,45,244.79073377515073,2020.3301604969595,-1775.5394267218087
2024,46,3480.1415650806134,1986.5804158414353,1493.5611492391781
2024,47,1123.1258318941336,2152.1027393923487,-1028.976907498215
2024,48,1637.7276937921542,2688.4368873537283,-1050.709193561574
2024,49,634.3294031982524,860.0340021881877,-225.70459898993533
2024,50,782.4726134585289,659.1234852104417,123.34912824808725
2024,51,1318.0833641502456,2395.064286886166,-1076.9809227359203
2024,53,724.3253229059223,1152.9786374723678,-428.6533145664455
2024,54,5387.332828665153,4086.8831205547726,1300.4497081103805
2024,55,787.8471963660734,1966.5511886274041,-1178.7039922613308
2024,56,0.0,2382.514415938676,-2382.514415938676
