YEAR,STATEFIP,nativity_group,weighted_population,weighted_mean_income
2008,1,Foreign-born,13170900,25351.171869154994
2008,1,US-born,449740000,28483.355347994653
2008,2,Foreign-born,4185300,37640.18752880922
2008,2,US-born,62945900,40266.525547295605
2008,4,Foreign-born,93815100,24614.99655597597
2008,4,US-born,548574100,33743.20908680269
2008,5,Foreign-born,10861500,21992.98345207318
2008,5,US-born,273036400,26368.267086145454
2008,6,Foreign-born,985189800,30501.630111086153
2008,6,US-born,2647256700,39423.83584820065
2008,8,Foreign-born,50191900,25966.304850162993
2008,8,US-born,437075800,39156.03510164788
2008,9,Foreign-born,46331700,41369.55605622954
2008,9,US-born,293083700,46869.69424183744
2008,10,Foreign-born,6920600,36740.48591772654
2008,10,US-born,79035600,36010.09000319591
2008,11,Foreign-born,8077700,45405.19313797598
2008,11,US-born,50332000,49460.700543189196
2008,12,Foreign-born,340449700,27214.720447005573
2008,12,US-born,1438246000,33582.68274854139
2008,13,Foreign-born,91214000,29351.412918324695
2008,13,US-born,866980500,32900.30192211099
2008,15,Foreign-born,22408200,28257.208615762498
2008,15,US-born,102224400,37542.56033701938
2008,16,Foreign-born,8811100,25452.065750178936
2008,16,US-born,142116000,29506.201416403906
2008,17,Foreign-born,178742300,31638.48400714068
2008,17,US-born,1098518900,36423.453671730924
2008,18,Foreign-born,25600600,27109.489194465667
2008,18,US-born,608383600,30504.953277606026
2008,19,Foreign-born,11298500,24747.417315346756
2008,19,US-born,287540600,31436.460154946963
2008,20,Foreign-born,17229600,27472.03424729749
2008,20,US-born,260591300,33396.00215495156
2008,21,Foreign-born,11715300,31378.0485861907
2008,21,US-born,412789500,27461.88259775765
2008,22,Foreign-born,13224700,27031.939757496366
2008,22,US-born,425587300,28996.67662131171
2008,23,Foreign-born,4041600,25426.516405977516
2008,23,US-born,126133900,29258.020260897698
2008,24,Foreign-born,70753100,38611.8942092304
2008,24,US-born,485306500,42568.968116840915
2008,25,Foreign-born,93485800,37103.286591405806
2008,25,US-born,541291700,42479.85785147155
2008,26,Foreign-born,58048000,32761.29715866064
2008,26,US-born,935370200,30725.449549797948
2008,27,Foreign-born,35633500,32117.818012346434
2008,27,US-born,483401300,37858.94442759829
2008,28,Foreign-born,5950500,27856.72569306752
2008,28,US-born,286135000,25490.466585646467
2008,29,Foreign-born,21222700,30066.82538402279
2008,29,US-born,566238100,30665.79423587219
2008,30,Foreign-born,1986100,22447.07295864263
2008,30,US-born,93709800,29551.96825356804
2008,31,Foreign-born,10653900,21920.443312889758
2008,31,US-born,166641700,31380.801844797395
2008,32,Foreign-born,49769000,27535.42525925447
2008,32,US-born,206071900,36271.14930874798
2008,33,Foreign-born,6383100,39066.13330329127
2008,33,US-born,123477300,37879.04637809099
2008,34,Foreign-born,172712300,39612.5297476033
2008,34,US-born,673054400,44429.660399876455
2008,35,Foreign-born,18467200,22140.970571885206
2008,35,US-born,177805500,29760.422726397654
2008,36,Foreign-born,422417500,32438.12998932948
2008,36,US-born,1479491000,39930.12488970876
2008,37,Foreign-born,64255600,26648.39321075678
2008,37,US-born,849820000,31438.578340709213
2008,38,Foreign-born,1421700,18825.929080337402
2008,38,US-born,62331400,31604.817418720588
2008,39,Foreign-born,43303000,33914.257281797894
2008,39,US-born,1097867700,30768.97097932997
2008,40,Foreign-born,18165400,24146.584771201527
2008,40,US-born,342615400,28813.090823241324
2008,41,Foreign-born,36232300,27409.93205655163
2008,41,US-born,339384600,32657.40131531012
2008,42,Foreign-born,66420200,33652.794288697165
2008,42,US-born,1161241100,32717.029925730116
2008,44,Foreign-born,13147500,28470.164055424022
2008,44,US-born,89991300,35849.00445318175
2008,45,Foreign-born,19118600,26838.566929223227
2008,45,US-born,425279000,29081.97315886616
2008,46,Foreign-born,1548800,27882.370422535212
2008,46,US-born,78510100,30305.41184139826
2008,47,Foreign-born,25003700,28551.59885154283
2008,47,US-born,592236200,29559.374222307062
2008,48,Foreign-born,387540000,24338.584833564244
2008,48,US-born,2015686400,33941.81604592802
2008,49,Foreign-born,22369200,24526.416379259666
2008,49,US-born,248462100,31569.700292647216
2008,50,Foreign-born,2431600,31972.30911053152
2008,50,US-born,58980600,33571.65789436121
2008,51,Foreign-born,79341500,37950.515006848495
2008,51,US-born,685231200,39518.27066768399
2008,53,Foreign-born,80577200,32549.480101066354
2008,53,US-born,564218500,37651.99304091996
2008,54,Foreign-born,2439700,35794.44693740184
2008,54,US-born,178386400,25255.74903525118
2008,55,Foreign-born,25373500,28215.077930004267
2008,55,US-born,533779700,33148.810613648224
2008,56,Foreign-born,1263500,34658.39943694626
2008,56,US-born,51624500,34396.16151512787
2009,1,Foreign-born,14939000,25129.981158326304
2009,1,US-born,452238000,27904.671955711467
2009,2,Foreign-born,4925600,28769.830614131253
2009,2,US-born,63212500,38727.92047262359
2009,4,Foreign-born,92518000,22862.523583124075
2009,4,US-born,560117000,32015.661704801572
2009,5,Foreign-born,11618000,20960.396061552103
2009,5,US-born,275373100,26518.55882571223
2009,6,Foreign-born,992797400,29509.729083437807
2009,6,US-born,2659960600,38250.93346521967
2009,8,Foreign-born,49152500,26211.033191994095
2009,8,US-born,446859400,38327.512307623525
2009,9,Foreign-born,45815400,39433.87181958276
2009,9,US-born,293928200,45891.60930443067
2009,10,Foreign-born,7339500,33250.56088151049
2009,10,US-born,79817100,34991.106560163964
2009,11,Foreign-born,7327300,43214.26341003017
2009,11,US-born,51822000,49325.45498223429
2009,12,Foreign-born,347945500,26279.775879136825
2009,12,US-born,1448465700,31635.526086246155
2009,13,Foreign-born,92325500,27192.104347542267
2009,13,US-born,879256200,31123.244765587726
2009,15,Foreign-born,22015500,29495.78945824323
2009,15,US-born,103552700,35916.61093727012
2009,16,Foreign-born,9460300,23458.892591009393
2009,16,US-born,143527600,27832.542519889725
2009,17,Foreign-born,173212900,30103.084991564636
2009,17,US-born,1104600300,36268.09604027208
2009,18,Foreign-born,27894200,25254.51259837621
2009,18,US-born,611321200,29339.94923131541
2009,19,Foreign-born,11480600,25929.721544237338
2009,19,US-born,288123400,31726.41172037939
2009,20,Foreign-born,17915600,24513.499011643326
2009,20,US-born,261871700,32985.58772978803
2009,21,Foreign-born,12672800,25916.875573925074
2009,21,US-born,416232900,27082.77851620624
2009,22,Foreign-born,14968700,29554.33930329233
2009,22,US-born,431801500,29051.83769652948
2009,23,Foreign-born,4497600,26766.1876705653
2009,23,US-born,125870400,29487.014763983796
2009,24,Foreign-born,73353100,36637.58233018553
2009,24,US-born,489566400,43489.862424685474
2009,25,Foreign-born,94806100,36049.637611175494
2009,25,US-born,548880800,42224.92882477608
2009,26,Foreign-born,60331800,31302.548969343996
2009,26,US-born,930226700,29413.617596521304
2009,27,Foreign-born,35571900,28025.47970256231
2009,27,US-born,488013500,36795.60827334521
2009,28,Foreign-born,5783800,25597.080050448847
2009,28,US-born,287710600,24706.355061893777
2009,29,Foreign-born,21198000,33678.77515926866
2009,29,US-born,573789700,29829.216383324125
2009,30,Foreign-born,1991500,27365.289870022694
2009,30,US-born,94734600,27885.39461974691
2009,31,Foreign-born,10295100,19643.938427315272
2009,31,US-born,168027300,31948.470289452984
2009,32,Foreign-born,50481100,26029.276429789414
2009,32,US-born,210011900,35065.41311207709
2009,33,Foreign-born,7162700,34784.684462797726
2009,33,US-born,123817200,37215.3681457587
2009,34,Foreign-born,175550300,38049.92796573753
2009,34,US-born,673657600,44748.51493860888
2009,35,Foreign-born,20088000,20918.345905846327
2009,35,US-born,178305200,29408.28670140289
2009,36,Foreign-born,416126900,32342.91547476647
2009,36,US-born,1491249200,40279.05795276373
2009,37,Foreign-born,67096400,25705.89132925092
2009,37,US-born,861142100,30299.07668659054
2009,38,Foreign-born,1671000,28332.201660568535
2009,38,US-born,62541600,34081.07006065256
2009,39,Foreign-born,42899800,32977.25873940081
2009,39,US-born,1103425000,29905.90575526928
2009,40,Foreign-born,19512400,23009.940371715817
2009,40,US-born,346304200,28725.58372296011
2009,41,Foreign-born,37408200,25649.495617940134
2009,41,US-born,341325000,32062.58586397834
2009,42,Foreign-born,67195000,34298.530449931226
2009,42,US-born,1174616500,32859.619557559825
2009,44,Foreign-born,13613100,24805.54276504243
2009,44,US-born,89772800,36748.80843827737
2009,45,Foreign-born,20890400,25147.97774590567
2009,45,US-born,430634000,28264.543058751602
2009,46,Foreign-born,1800100,24838.070008899438
2009,46,US-born,78888100,29578.34164890928
2009,47,Foreign-born,26450000,28931.58996702489
2009,47,US-born,598528500,28319.607328211318
2009,48,Foreign-born,398644500,23862.94189562435
2009,48,US-born,2050336700,33437.44385925397
2009,49,Foreign-born,21503600,22496.795080037075
2009,49,US-born,254213900,30993.536436558537
2009,50,Foreign-born,2155500,31227.387207456344
2009,50,US-born,59581200,32829.49479303581
2009,51,Foreign-born,80612300,36503.434495316
2009,51,US-born,694510300,39009.91744654019
2009,53,Foreign-born,80767800,31605.295792274857
2009,53,US-born,574925200,36418.149503737644
2009,54,Foreign-born,2178100,44024.536051715564
2009,54,US-born,179129100,25722.57066784971
2009,55,Foreign-born,25447600,28110.697722059034
2009,55,US-born,535493500,32469.77767091728
2009,56,Foreign-born,1594600,24261.523655696885
2009,56,US-born,52410300,33999.86569283636
2010,1,Foreign-born,17033100,24167.97221224406
2010,1,US-born,458340200,27610.691234761238
2010,2,Foreign-born,4632200,30009.72490300138
2010,2,US-born,65159500,40376.18853065666
2010,4,Foreign-born,86128700,22427.409384545925
2010,4,US-born,547597700,31205.891112660058
2010,5,Foreign-born,13283200,19968.962444856257
2010,5,US-born,277008900,26052.936659156567
2010,6,Foreign-born,1014206300,28694.002074988708
2010,6,US-born,2674909600,36855.02002798402
2010,8,Foreign-born,49113600,25243.714270740526
2010,8,US-born,448313400,36976.75443211005
2010,9,Foreign-born,47266400,38096.20585031862
2010,9,US-born,297638400,44620.974132383904
2010,10,Foreign-born,6997200,33159.68617810622
2010,10,US-born,81502900,33934.36693629479
2010,11,Foreign-born,7987700,46654.796759636396
2010,11,US-born,51399900,47397.83414937903
2010,12,Foreign-born,366819200,24635.125172708442
2010,12,US-born,1458674200,30827.485430693087
2010,13,Foreign-born,93982000,25856.838209848127
2010,13,US-born,865130900,29950.030933999562
2010,15,Foreign-born,24214700,27451.825661632854
2010,15,US-born,107956700,35453.40054466528
2010,16,Foreign-born,9006300,21831.009115531004
2010,16,US-born,146630200,27642.109759169238
2010,17,Foreign-born,175949100,29022.770861419158
2010,17,US-born,1095301300,35096.78145731181
2010,18,Foreign-born,29990300,26441.66022426201
2010,18,US-born,615373600,28785.1048487595
2010,19,Foreign-born,14080800,22235.713648202138
2010,19,US-born,289667900,31128.328919271746
2010,20,Foreign-born,18714000,24710.04233925382
2010,20,US-born,264789900,32264.7161905736
2010,21,Foreign-born,14675800,27588.798566433037
2010,21,US-born,417065000,26782.35507902549
2010,22,Foreign-born,16696700,28899.89115147686
2010,22,US-born,434828500,28658.743519483567
2010,23,Foreign-born,4790400,27387.18794957789
2010,23,US-born,126703500,29694.792831663734
2010,24,Foreign-born,80619800,37142.233494142514
2010,24,US-born,490522400,42135.89037294115
2010,25,Foreign-born,97510600,35217.08380702271
2010,25,US-born,542199600,41609.3857350777
2010,26,Foreign-born,58254700,31554.91461244905
2010,26,US-born,923968000,29069.37190660701
2010,27,Foreign-born,37835800,29523.91231386223
2010,27,US-born,490022100,36374.24690870742
2010,28,Foreign-born,6298100,20973.31195436079
2010,28,US-born,289417300,24065.857667853717
2010,29,Foreign-born,23294000,28355.778296237608
2010,29,US-born,572749200,29538.676343223982
2010,30,Foreign-born,1985600,21852.889437585734
2010,30,US-born,96295400,29761.04107401716
2010,31,Foreign-born,10926900,21335.66303780179
2010,31,US-born,170853500,31157.473754952425
2010,32,Foreign-born,50890300,25202.688016541702
2010,32,US-born,214943800,33272.026130038736
2010,33,Foreign-born,7069800,38310.84878215817
2010,33,US-born,123415400,37466.43627877329
2010,34,Foreign-born,184611200,36960.43338049005
2010,34,US-born,674260400,43267.114217159506
2010,35,Foreign-born,20815400,19149.0158967598
2010,35,US-born,183724900,28705.176980938693
2010,36,Foreign-born,430147400,30972.92095606447
2010,36,US-born,1462243500,38946.93889918384
2010,37,Foreign-born,71983400,24183.895702244572
2010,37,US-born,874712300,29552.34336436295
2010,38,Foreign-born,1665600,29348.448537789594
2010,38,US-born,65396800,31016.350500685625
2010,39,Foreign-born,46898100,31489.270424269896
2010,39,US-born,1098235100,29610.229871568557
2010,40,Foreign-born,21003500,22817.59472532714
2010,40,US-born,352157200,28386.608711006516
2010,41,Foreign-born,37483600,24989.903846317553
2010,41,US-born,342510200,30868.654924691014
2010,42,Foreign-born,72727900,32836.450051221625
2010,42,US-born,1179670500,31984.996042575123
2010,44,Foreign-born,13062800,26672.226544092395
2010,44,US-born,89828800,34804.404450512695
2010,45,Foreign-born,21321100,24060.37186190381
2010,45,US-born,437103000,27400.732363649502
2010,46,Foreign-born,2118200,25169.451095394168
2010,46,US-born,78960100,30381.215360109556
2010,47,Foreign-born,29020500,25386.98666185745
2010,47,US-born,601670000,27711.49805245564
2010,48,Foreign-born,414037900,23643.6769073517
2010,48,US-born,2082333400,32509.709157956295
2010,49,Foreign-born,22855200,21036.303922998395
2010,49,US-born,251574400,30853.2813915715
2010,50,Foreign-born,2797900,33474.283691200675
2010,50,US-born,59214100,32384.252177691422
2010,51,Foreign-born,90358300,35996.69430413875
2010,51,US-born,698526100,38784.535996369
2010,53,Foreign-born,89393400,30411.558764584337
2010,53,US-born,574242600,35654.87835467448
2010,54,Foreign-born,2254400,29843.75795582179
2010,54,US-born,182591800,25108.403503318124
2010,55,Foreign-born,25176300,27455.702665427267
2010,55,US-born,539731700,31882.930262195896
2010,56,Foreign-born,1657200,29949.740391099123
2010,56,US-born,54394800,34917.365361324184
2011,1,Foreign-born,16153400,24074.57060035902
2011,1,US-born,460435400,27708.628115656014
2011,2,Foreign-born,4471900,28573.495527385792
2011,2,US-born,66482300,40961.747310923056
2011,4,Foreign-born,86899200,22705.23773699995
2011,4,US-born,553398800,30779.282012704545
2011,5,Foreign-born,12612500,23719.650607779226
2011,5,US-born,279354900,26241.009907148713
2011,6,Foreign-born,1021967500,28976.861893171557
2011,6,US-born,2702078700,36859.01956289284
2011,8,Foreign-born,49516300,26728.23861923714
2011,8,US-born,455036700,37973.364244017685
2011,9,Foreign-born,47724700,39040.69879086353
2011,9,US-born,297396800,44891.47928249275
2011,10,Foreign-born,7816400,36484.00993122494
2011,10,US-born,81365500,34776.947173084445
2011,11,Foreign-born,8382300,47358.74846382065
2011,11,US-born,52458600,51157.943541302026
2011,12,Foreign-born,369962200,25474.483643407064
2011,12,US-born,1474435200,31044.053296379618
2011,13,Foreign-born,94565900,24933.02561270619
2011,13,US-born,873606300,29955.304207853133
2011,15,Foreign-born,24823000,27580.83409492579
2011,15,US-born,108105300,34601.46982081051
2011,16,Foreign-born,9287400,20586.302683454152
2011,16,US-born,147635100,27914.17535514123
2011,17,Foreign-born,179124900,29323.914370991366
2011,17,US-born,1094286900,35377.23704747142
2011,18,Foreign-born,30102600,26429.555179955532
2011,18,US-born,617326600,29234.696236978303
2011,19,Foreign-born,13247500,27318.21773492645
2011,19,US-born,291471200,31871.644602513592
2011,20,Foreign-born,19356100,27459.901516802147
2011,20,US-born,265228000,32117.63295663944
2011,21,Foreign-born,14343000,28927.645818628203
2011,21,US-born,419437700,27037.80176644907
2011,22,Foreign-born,17303100,26437.432637674166
2011,22,US-born,437541700,28354.53997612293
2011,23,Foreign-born,4418700,29063.037761471387
2011,23,US-born,127004000,29940.641986056104
2011,24,Foreign-born,79764000,37066.93182001371
2011,24,US-born,495092500,42955.28721847388
2011,25,Foreign-born,98491000,35134.95367258534
2011,25,US-born,543186500,42008.346532617965
2011,26,Foreign-born,60699900,31391.171758931767
2011,26,US-born,919694100,29453.103858364764
2011,27,Foreign-born,39488100,27175.0421572444
2011,27,US-born,492346700,36763.631960463914
2011,28,Foreign-born,6816600,22016.51305707584
2011,28,US-born,289565500,24463.22789495143
2011,29,Foreign-born,24989100,27030.774281741364
2011,29,US-born,572129900,30258.896778035127
2011,30,Foreign-born,2024900,24977.784583126413
2011,30,US-born,97229600,29697.875078564957
2011,31,Foreign-born,11403600,23244.1757525368
2011,31,US-born,171794200,32988.560210130214
2011,32,Foreign-born,52317600,24807.16005027965
2011,32,US-born,215499100,32281.918390966293
2011,33,Foreign-born,7045300,45099.96990279539
2011,33,US-born,123002600,37800.68866256615
2011,34,Foreign-born,187709500,37357.20936635914
2011,34,US-born,671730500,43505.399935938716
2011,35,Foreign-born,21153300,19738.14584265708
2011,35,US-born,184983200,29641.796752016977
2011,36,Foreign-born,432088800,31449.120107567524
2011,36,US-born,1466660400,39313.00476882877
2011,37,Foreign-born,70811000,25305.50991063357
2011,37,US-born,884529400,30004.230641064598
2011,38,Foreign-born,1664900,22460.198128381344
2011,38,US-born,66415600,34130.865510532385
2011,39,Foreign-born,45266900,33657.452626421844
2011,39,US-born,1100690400,29910.27860279712
2011,40,Foreign-born,20771800,21645.303113331443
2011,40,US-born,354626700,29088.164788667516
2011,41,Foreign-born,36883900,26115.004961433508
2011,41,US-born,346407000,31320.92648475364
2011,42,Foreign-born,75638500,31580.0275396931
2011,42,US-born,1179056700,32491.656821013068
2011,44,Foreign-born,14205400,27706.77759811848
2011,44,US-born,88523600,36019.44107600162
2011,45,Foreign-born,22192400,25962.222257370315
2011,45,US-born,441625300,27444.027422242358
2011,46,Foreign-born,2367200,22625.946493201605
2011,46,US-born,79553100,31172.979576490787
2011,47,Foreign-born,30353900,26238.384293773208
2011,47,US-born,604744700,28676.616287868455
2011,48,Foreign-born,422656900,23961.466106129934
2011,48,US-born,2112912500,33220.56892030707
2011,49,Foreign-born,23592900,22129.145343384793
2011,49,US-born,255515900,31077.543415100405
2011,50,Foreign-born,2422600,30642.73883058471
2011,50,US-born,59633800,32987.16040966652
2011,51,Foreign-born,89866900,37063.49435286168
2011,51,US-born,706456500,39151.0579977222
2011,53,Foreign-born,91870500,31076.798767967146
2011,53,US-born,579776100,36380.490959905495
2011,54,Foreign-born,2330000,27910.437141178067
2011,54,US-born,182498700,26125.133731340113
2011,55,Foreign-born,27483300,30874.74612868815
2011,55,US-born,539262500,31706.266525609273
2011,56,Foreign-born,1641900,25255.036949839774
2011,56,US-born,54780500,33499.38199634574
2012,1,Foreign-born,16253900,25428.025480157045
2012,1,US-born,462181300,28227.005691633654
2012,2,Foreign-born,5050800,29120.565660693926
2012,2,US-born,66427400,41470.27853259822
2012,4,Foreign-born,89020900,23813.386842247186
2012,4,US-born,559019800,32110.45792144633
2012,5,Foreign-born,12744500,23713.03944817116
2012,5,US-born,280265100,26917.432976899905
2012,6,Foreign-born,1028627800,30162.983718213974
2012,6,US-born,2729730400,37574.92727312829
2012,8,Foreign-born,51117100,28674.76498098931
2012,8,US-born,459813000,38742.67779653477
2012,9,Foreign-born,48610400,40225.975510989876
2012,9,US-born,297276200,46278.24668050249
2012,10,Foreign-born,7981400,31090.806035050733
2012,10,US-born,82344900,35273.44823570602
2012,11,Foreign-born,9057200,51092.0761060702
2012,11,US-born,53105100,52681.070087008295
2012,12,Foreign-born,376330700,25928.606302631324
2012,12,US-born,1494186100,31839.1776700269
2012,13,Foreign-born,94131600,26739.449112159607
2012,13,US-born,884635200,30866.35727682102
2012,15,Foreign-born,24754100,27774.58279843791
2012,15,US-born,110030600,35995.49710572715
2012,16,Foreign-born,9362100,23076.018341827992
2012,16,US-born,148851900,29135.818870329917
2012,17,Foreign-born,178334500,30531.558507249523
2012,17,US-born,1095783700,36391.40694589912
2012,18,Foreign-born,30251200,28499.718008837906
2012,18,US-born,619716600,29758.07065829679
2012,19,Foreign-born,13129700,28097.038118946995
2012,19,US-born,292443200,33396.62906166413
2012,20,Foreign-born,18824000,27550.02722554935
2012,20,US-born,267279700,33570.760018807625
2012,21,Foreign-born,13374400,27001.5167417654
2012,21,US-born,421933100,27988.27655200986
2012,22,Foreign-born,16444100,28129.3844157981
2012,22,US-born,441258000,29752.77966751077
2012,23,Foreign-born,4430700,28304.23116338083
2012,23,US-born,127465500,30411.25905982019
2012,24,Foreign-born,83001200,38165.88234840107
2012,24,US-born,497491200,44039.37233900363
2012,25,Foreign-born,100220600,36504.31014808098
2012,25,US-born,547416400,43491.401938143914
2012,26,Foreign-born,60100600,32281.210060582038
2012,26,US-born,921432700,30225.69223120581
2012,27,Foreign-born,40339800,32317.79543895564
2012,27,US-born,494327900,38264.451593516314
2012,28,Foreign-born,5598900,23605.493092001558
2012,28,US-born,291132600,25285.15129796167
2012,29,Foreign-born,22648900,31917.34535611334
2012,29,US-born,575619000,30073.95499505601
2012,30,Foreign-born,1786000,23835.610142928785
2012,30,US-born,97984800,29701.613182113157
2012,31,Foreign-born,12239000,23057.280642648842
2012,31,US-born,171885000,34397.289541414946
2012,32,Foreign-born,52673100,25958.95656941923
2012,32,US-born,218334000,33216.23820228389
2012,33,Foreign-born,7310900,42229.597757009346
2012,33,US-born,123437500,38445.0397044275
2012,34,Foreign-born,187578800,39287.00142321409
2012,34,US-born,678570500,44345.45964101242
2012,35,Foreign-born,19438800,21260.326288299108
2012,35,US-born,186738400,29774.80936926544
2012,36,Foreign-born,444695500,32637.84748548036
2012,36,US-born,1466806900,39953.24263261643
2012,37,Foreign-born,75371100,25939.054183281565
2012,37,US-born,889321700,30533.15726061963
2012,38,Foreign-born,1958000,34717.37976219364
2012,38,US-born,66750700,39643.042064159694
2012,39,Foreign-born,43739100,33907.016443294815
2012,39,US-born,1102203600,31000.52396195022
2012,40,Foreign-born,21215800,23303.557211982494
2012,40,US-born,356936600,29954.688731962324
2012,41,Foreign-born,37160400,29027.836192343762
2012,41,US-born,349072700,31815.6461264904
2012,42,Foreign-born,76635700,34279.95626124176
2012,42,US-born,1179217700,33615.780389917614
2012,44,Foreign-born,14223200,28425.388575905683
2012,44,US-born,88913300,36544.5437812042
2012,45,Foreign-born,22133500,28065.091106156324
2012,45,US-born,444974800,28721.125374358744
2012,46,Foreign-born,2225100,28274.150508918672
2012,46,US-born,80686100,31483.72054380902
2012,47,Foreign-born,28276200,30159.58031021177
2012,47,US-born,611758700,28870.48095254991
2012,48,Foreign-born,422643500,25525.739654139972
2012,48,US-born,2150161200,34078.42098371184
2012,49,Foreign-born,23503400,23266.449957020508
2012,49,US-born,259240600,32361.80819891242
2012,50,Foreign-born,2626900,30357.55921410917
2012,50,US-born,59326900,34029.253319130825
2012,51,Foreign-born,94840500,37949.3844033609
2012,51,US-born,710134700,40177.05430530577
2012,53,Foreign-born,91276700,33298.02644137693
2012,53,US-born,585650500,37408.450350282714
2012,54,Foreign-born,2560700,45249.658879090566
2012,54,US-born,182064600,27039.535224726835
2012,55,Foreign-born,26577500,30122.190128764152
2012,55,US-born,541943500,32929.40835236987
2012,56,Foreign-born,1840300,21832.819846497856
2012,56,US-born,55333000,34475.12446030427
2013,1,Foreign-born,15743700,28485.954623310583
2013,1,US-born,463848300,28879.367654657006
2013,2,Foreign-born,4431200,36032.83709449929
2013,2,US-born,67829100,42465.85066285542
2013,4,Foreign-born,88578900,24573.488754200207
2013,4,US-born,566028600,32745.295176728847
2013,5,Foreign-born,13516100,24374.652166700896
2013,5,US-born,280367600,27705.971995407737
2013,6,Foreign-born,1031928900,31680.0838142032
2013,6,US-born,2754966500,39061.66738974876
2013,8,Foreign-born,50434400,30183.55804977979
2013,8,US-born,468882200,39945.34191513595
2013,9,Foreign-born,49744400,40513.18793159558
2013,9,US-born,297899400,47582.876463959874
2013,10,Foreign-born,7571000,36517.9653135434
2013,10,US-born,83686700,35243.10812855347
2013,11,Foreign-born,9600600,42993.955846118464
2013,11,US-born,53789900,54816.39055400522
2013,12,Foreign-born,379830100,26786.592561129757
2013,12,US-born,1507651400,32392.95696957393
2013,13,Foreign-born,97399000,29059.18273820084
2013,13,US-born,889258100,31658.7359346893
2013,15,Foreign-born,24217800,29568.326411820675
2013,15,US-born,111948400,38068.02703500599
2013,16,Foreign-born,9886200,22731.557762185872
2013,16,US-born,149931700,28955.92591089811
2013,17,Foreign-born,180249700,32382.483548209086
2013,17,US-born,1095019200,38031.20282091244
2013,18,Foreign-born,31430900,28364.288067412795
2013,18,US-born,621435500,30756.993693450233
2013,19,Foreign-born,15689100,27103.070737108952
2013,19,US-born,291702600,33971.4814673267
2013,20,Foreign-born,19681600,25730.943051618397
2013,20,US-born,267392200,34841.46287568114
2013,21,Foreign-born,15374100,30900.66139582834
2013,21,US-born,420898200,29184.726384398513
2013,22,Foreign-born,17870400,29787.391009250536
2013,22,US-born,441427200,30616.14518755854
2013,23,Foreign-born,4295300,31505.14583816369
2013,23,US-born,127042200,31644.50246756101
2013,24,Foreign-born,83619200,40837.18973559866
2013,24,US-born,500930400,44766.54386155259
2013,25,Foreign-born,105228800,38325.13823270785
2013,25,US-born,546970800,44450.99141704526
2013,26,Foreign-born,61616600,34796.742455924985
2013,26,US-born,920907100,31306.103415406506
2013,27,Foreign-born,39687000,32104.597565030635
2013,27,US-born,498293700,39677.582703395165
2013,28,Foreign-born,6403900,26187.969461067863
2013,28,US-born,290888800,25088.06067553702
2013,29,Foreign-born,22793100,30815.244103259323
2013,29,US-born,577910400,31348.06963577329
2013,30,Foreign-born,1779100,32096.537701082187
2013,30,US-born,98702400,31697.00112643169
2013,31,Foreign-born,11306000,23418.203428098364
2013,31,US-born,174147400,35018.63653749541
2013,32,Foreign-born,52667800,26800.525853017603
2013,32,US-born,221842500,33372.78609724972
2013,33,Foreign-born,7510100,39332.862380327686
2013,33,US-born,123377500,39502.92430390181
2013,34,Foreign-born,191452300,40311.892604663284
2013,34,US-born,676969400,45203.27181667012
2013,35,Foreign-born,21942900,22102.29402058691
2013,35,US-born,184128200,29764.810162184658
2013,36,Foreign-born,439364700,34315.72316691578
2013,36,US-born,1479165200,41376.13364285051
2013,37,Foreign-born,74863800,27960.772962820483
2013,37,US-born,898969800,31593.233240138892
2013,38,Foreign-born,1927200,22396.529841063897
2013,38,US-born,69910700,37883.066688870305
2013,39,Foreign-born,47287800,35129.69043164566
2013,39,US-born,1100804300,32178.5000360671
2013,40,Foreign-born,22106900,24438.666905461007
2013,40,US-born,359735300,31060.904471531707
2013,41,Foreign-born,40552300,28018.21978984695
2013,41,US-born,348298000,33622.6868930572
2013,42,Foreign-born,81151700,33957.196045632336
2013,42,US-born,1174253300,34816.53485407247
2013,44,Foreign-born,13751900,28003.661077305514
2013,44,US-born,89026100,38180.786020625215
2013,45,Foreign-born,23040200,27800.320310320065
2013,45,US-born,449275900,29168.145218741134
2013,46,Foreign-born,2314700,23614.635497230676
2013,46,US-born,81780500,32276.170581715913
2013,47,Foreign-born,30129500,26930.095771544005
2013,47,US-born,614011100,30454.440664442616
2013,48,Foreign-born,435877100,27169.239820248393
2013,48,US-born,2173214300,35266.1171844866
2013,49,Foreign-born,23911900,27013.126102065486
2013,49,US-born,263059300,33339.40025410067
2013,50,Foreign-born,2707600,33558.43637679412
2013,50,US-born,59364800,33579.11975660358
2013,51,Foreign-born,95063300,38049.88278287593
2013,51,US-born,716941800,40887.001653370084
2013,53,Foreign-born,94379500,34695.88848080319
2013,53,US-born,590974400,38564.636824482586
2013,54,Foreign-born,2825400,32205.510511104952
2013,54,US-born,181517300,27604.119929651824
2013,55,Foreign-born,27603800,28581.402758924603
2013,55,US-born,542315800,34056.56135053974
2013,56,Foreign-born,1842600,31656.960268948656
2013,56,US-born,56037500,36582.89345076306
2014,1,Foreign-born,15278900,27426.410678831264
2014,1,US-born,465522300,29032.98534439447
2014,2,Foreign-born,5485800,39407.528621644444
2014,2,US-born,66185100,42452.79290306844
2014,4,Foreign-born,92190000,25634.885996918467
2014,4,US-born,570922100,33223.043804827175
2014,5,Foreign-born,14333100,24533.731833631224
2014,5,US-born,280292300,28392.66003069597
2014,6,Foreign-born,1046970400,32404.647750495147
2014,6,US-born,2784050700,39868.125925357854
2014,8,Foreign-born,53290300,29178.50534290177
2014,8,US-born,474067100,41453.45530904949
2014,9,Foreign-born,49405900,42047.21441937798
2014,9,US-born,297126600,49374.79529882019
2014,10,Foreign-born,7972000,40012.32140825318
2014,10,US-born,84265200,36777.49122226832
2014,11,Foreign-born,9282000,49462.687984228
2014,11,US-born,55453500,54898.429211301336
2014,12,Foreign-born,397720400,27152.52703095236
2014,12,US-born,1524640900,33389.54052956392
2014,13,Foreign-born,99107900,29382.155084516402
2014,13,US-born,897073400,32251.91632617
2014,15,Foreign-born,23869400,30441.974033629223
2014,15,US-born,112739100,37913.799177849636
2014,16,Foreign-born,10290300,22087.184353853772
2014,16,US-born,151620600,31236.177645778123
2014,17,Foreign-born,176934400,33038.640294635465
2014,17,US-born,1097004000,38465.55060311138
2014,18,Foreign-born,32230200,28582.816687846967
2014,18,US-born,623430900,31371.57238048141
2014,19,Foreign-born,15408600,33015.5275480506
2014,19,US-born,293488900,35117.460457904715
2014,20,Foreign-born,20443300,26994.1741677958
2014,20,US-born,267143600,35700.070911570634
2014,21,Foreign-born,15967100,27731.407285994486
2014,21,US-born,422838100,29317.546256228394
2014,22,Foreign-born,18430400,31087.85147076418
2014,22,US-born,443521100,30806.47208250077
2014,23,Foreign-born,4883500,32635.995963001576
2014,23,US-born,126939700,32947.91886591542
2014,24,Foreign-born,88665000,40586.56864625853
2014,24,US-born,500430900,45096.70352708743
2014,25,Foreign-born,105339700,38517.97023107734
2014,25,US-born,549665200,46811.46986931063
2014,26,Foreign-born,64193100,34373.76038830629
2014,26,US-born,919440800,32238.552584149627
2014,27,Foreign-born,43772200,31784.28378072429
2014,27,US-born,498356200,41124.45514357455
2014,28,Foreign-born,6301500,24096.959625397034
2014,28,US-born,291004700,26044.887451581526
2014,29,Foreign-born,22416500,34445.46143611374
2014,29,US-born,579421800,32148.15377627502
2014,30,Foreign-born,2365500,32220.759788785967
2014,30,US-born,99025700,32044.6792984121
2014,31,Foreign-born,12013100,23858.95733118106
2014,31,US-born,174837800,35303.633359780535
2014,32,Foreign-born,54762800,26382.084706197358
2014,32,US-born,224385100,33738.64554889089
2014,33,Foreign-born,7811800,42813.09964058315
2014,33,US-born,123482100,40933.72487583286
2014,34,Foreign-born,194377900,40825.53527461351
2014,34,US-born,677682700,46220.30605885168
2014,35,Foreign-born,21405600,22187.231294578913
2014,35,US-born,184496500,29775.122252969504
2014,36,Foreign-born,446314600,34736.06755339164
2014,36,US-born,1479505900,42587.06308467177
2014,37,Foreign-born,76324600,28860.772965122724
2014,37,US-born,906217400,32016.110817936824
2014,38,Foreign-born,2704400,26227.81595346905
2014,38,US-born,70775500,40401.88923270701
2014,39,Foreign-born,48130000,36364.19419032516
2014,39,US-born,1103109900,32629.775965048742
2014,40,Foreign-born,22018800,23058.810693648502
2014,40,US-born,362095700,32192.721220005722
2014,41,Foreign-born,38920500,29081.412255194955
2014,41,US-born,353787500,34057.300265665144
2014,42,Foreign-born,81319800,35476.664845009625
2014,42,US-born,1175586500,35254.933041885684
2014,44,Foreign-born,13743200,27726.819163855514
2014,44,US-born,89612500,38442.642904369946
2014,45,Foreign-born,22565100,27318.402718998066
2014,45,US-born,455435800,30419.25620213923
2014,46,Foreign-born,2362500,19475.19558288818
2014,46,US-born,82563500,34440.06637014557
2014,47,Foreign-born,32243900,28535.66038932997
2014,47,US-born,617461900,30706.66583832313
2014,48,Foreign-born,450113000,28269.0795607937
2014,48,US-born,2208810100,36239.28674222438
2014,49,Foreign-born,24994600,24553.68081654326
2014,49,US-born,266310900,34322.39067410274
2014,50,Foreign-born,2440200,32405.132177777778
2014,50,US-born,59606500,35327.718148285945
2014,51,Foreign-born,101122300,40406.02816759329
2014,51,US-born,716339100,41680.67052272693
2014,53,Foreign-born,93000800,36402.00647160481
2014,53,US-born,601200900,39532.925047876575
2014,54,Foreign-born,2682100,28384.10500518052
2014,54,US-born,181377900,27284.269359028785
2014,55,Foreign-born,27432900,31462.007234922414
2014,55,US-born,543564900,34428.20408767151
2014,56,Foreign-born,2343700,24891.32309632098
2014,56,US-born,55610300,37027.37600700447
2015,1,Foreign-born,16131000,28035.437787411225
2015,1,US-born,465911100,30424.07178446978
2015,2,Foreign-born,6253100,34619.80203691916
2015,2,US-born,66048700,43606.51098553106
2015,4,Foreign-born,90822100,27027.699862066132
2015,4,US-born,582486300,34440.236248811656
2015,5,Foreign-born,14389500,25448.79683317964
2015,5,US-born,281446800,29696.189217317784
2015,6,Foreign-born,1067300000,34342.3490573613
2015,6,US-born,2794189300,41514.95349645217
2015,8,Foreign-born,53408200,32205.83463132513
2015,8,US-born,483548300,42436.707962363995
2015,9,Foreign-born,51729200,42669.149917229544
2015,9,US-born,294312200,49919.846289222296
2015,10,Foreign-born,8975100,37051.94370770671
2015,10,US-born,84492500,38009.86291674673
2015,11,Foreign-born,9550900,59056.77049889195
2015,11,US-born,56587400,59743.84811681544
2015,12,Foreign-born,408946200,28732.47774608047
2015,12,US-born,1544672800,34961.016359351146
2015,13,Foreign-born,102834600,32385.863774125843
2015,13,US-born,905106000,33816.383519250616
2015,15,Foreign-born,24983900,31900.244209633707
2015,15,US-born,113381900,40374.427300711104
2015,16,Foreign-born,9577100,25692.21276123215
2015,16,US-born,154700400,31578.969540049475
2015,17,Foreign-born,182371200,35766.67330596566
2015,17,US-born,1089354600,40035.2216829995
2015,18,Foreign-born,31637700,35069.433384789816
2015,18,US-born,626144800,32788.781803787315
2015,19,Foreign-born,14277000,27567.016985492923
2015,19,US-born,296144700,36314.26856890185
2015,20,Foreign-born,21892000,29984.37622896144
2015,20,US-born,266888700,37464.53362399013
2015,21,Foreign-born,16259500,30839.920446853994
2015,21,US-born,423155600,31045.730375148432
2015,22,Foreign-born,18897400,29971.967477222326
2015,22,US-born,444989500,31733.879868553064
2015,23,Foreign-born,4180800,32016.838459825296
2015,23,US-born,127185000,33583.39140748082
2015,24,Foreign-born,91264300,42181.32249796283
2015,24,US-born,500627500,47200.459070302204
2015,25,Foreign-born,109951200,41932.587835377875
2015,25,US-born,551269800,47321.21673611039
2015,26,Foreign-born,65554300,36765.11024962057
2015,26,US-born,919308200,33664.108938688994
2015,27,Foreign-born,45239900,35618.867605153675
2015,27,US-born,500043000,42443.133409629874
2015,28,Foreign-born,6876600,23853.471430557485
2015,28,US-born,290206000,26674.388406915252
2015,29,Foreign-born,23673100,31803.78804652593
2015,29,US-born,580077800,34097.19038197668
2015,30,Foreign-born,2098900,27992.793591690755
2015,30,US-born,100424300,34315.74404828926
2015,31,Foreign-born,12297100,24525.819659034896
2015,31,US-born,175584700,37799.937840554754
2015,32,Foreign-born,55965100,27402.327195696133
2015,32,US-born,228117500,35080.540703503735
2015,33,Foreign-born,7477600,45676.68172646847
2015,33,US-born,124120000,42572.47685599317
2015,34,Foreign-born,197782200,42330.12340641993
2015,34,US-born,677272200,47528.03230267635
2015,35,Foreign-born,19603200,24421.343752805547
2015,35,US-born,186310700,30853.221234034587
2015,36,Foreign-born,451424000,36480.675155714234
2015,36,US-born,1477422300,44154.41081932012
2015,37,Foreign-born,79526000,31160.47812023926
2015,37,US-born,913118300,33197.71102318781
2015,38,Foreign-born,2515300,42894.53987015149
2015,38,US-born,72818200,41815.58146530827
2015,39,Foreign-born,50003900,35479.48856184493
2015,39,US-born,1101427600,34418.07568359956
2015,40,Foreign-born,23304800,28849.176277424944
2015,40,US-born,364411600,32960.7784483906
2015,41,Foreign-born,39536000,32427.58362998701
2015,41,US-born,358912300,35839.58237805108
2015,42,Foreign-born,81356200,36595.0059383849
2015,42,US-born,1177971000,37032.48511175497
2015,44,Foreign-born,14343400,31779.712577977658
2015,44,US-born,88826400,40008.58743473625
2015,45,Foreign-born,23447100,27742.21502882394
2015,45,US-born,461093300,31241.949386016073
2015,46,Foreign-born,2759000,27372.302421196895
2015,46,US-born,82626200,34328.77463072452
2015,47,Foreign-born,32271500,29369.83049883079
2015,47,US-born,622316900,32486.625225233496
2015,48,Foreign-born,462788700,29432.797624583654
2015,48,US-born,2244273900,37727.66904903911
2015,49,Foreign-born,24319200,28793.638319261867
2015,49,US-born,272360900,35735.5961777155
2015,50,Foreign-born,2785000,35661.042561937145
2015,50,US-born,59109400,38785.69475733612
2015,51,Foreign-born,101464200,42079.841416220836
2015,51,US-born,721260200,42553.97689530446
2015,53,Foreign-born,97988700,39761.67962342391
2015,53,US-born,605845800,41590.781524341204
2015,54,Foreign-born,3180600,35853.76697199167
2015,54,US-born,180138000,28400.926454727647
2015,55,Foreign-born,28667600,31813.337803877606
2015,55,US-born,544439700,36539.05842466713
2015,56,Foreign-born,1873100,27635.96443779491
2015,56,US-born,56306800,40649.94515457355
2016,1,Foreign-born,15929000,31280.63402650223
2016,1,US-born,466018300,31546.97308697053
2016,2,Foreign-born,5646700,40650.137800395816
2016,2,US-born,67064700,44318.380735066414
2016,4,Foreign-born,94102700,29171.481890073424
2016,4,US-born,589428000,35447.60060246409
2016,5,Foreign-born,13359300,26823.87881098772
2016,5,US-born,283581200,30364.789007212432
2016,6,Foreign-born,1067706200,36170.4987087531
2016,6,US-born,2803675700,43347.10776794347
2016,8,Foreign-born,54072400,34112.416898001116
2016,8,US-born,491923100,43456.49728243545
2016,9,Foreign-born,52136700,44684.068996102564
2016,9,US-born,292532900,51117.3799851827
2016,10,Foreign-born,9000600,35862.75516034651
2016,10,US-born,84325300,38798.29570575792
2016,11,Foreign-born,9056000,50636.79357062968
2016,11,US-born,57743600,59936.943604903994
2016,12,Foreign-born,423756100,29406.343253593972
2016,12,US-born,1560430400,35763.222265598844
2016,13,Foreign-born,103450600,33513.72142935225
2016,13,US-born,913100300,35275.799599907084
2016,15,Foreign-born,25976800,32862.35499690463
2016,15,US-born,112336300,42201.62526449189
2016,16,Foreign-born,9449700,27579.036471828204
2016,16,US-born,157295500,32891.62575318377
2016,17,Foreign-born,177264800,36570.6139015402
2016,17,US-born,1089468100,41093.325629156294
2016,18,Foreign-born,34618200,31186.39803797955
2016,18,US-born,624459000,34183.66645305488
2016,19,Foreign-born,16169700,28363.4943728245
2016,19,US-born,294807200,37809.31903505466
2016,20,Foreign-born,21327700,30925.14209969744
2016,20,US-born,267015000,36573.07078112548
2016,21,Foreign-born,15184000,31681.1565248404
2016,21,US-born,425618400,31834.4905546763
2016,22,Foreign-born,18574000,32730.91649385959
2016,22,US-born,446806600,31938.165897124
2016,23,Foreign-born,5060900,30767.14731577338
2016,23,US-born,126540000,34932.66223111575
2016,24,Foreign-born,91705600,42569.85260960621
2016,24,US-born,500817500,47833.960244320944
2016,25,Foreign-born,112637400,41489.8589036445
2016,25,US-born,549354900,49324.439542389664
2016,26,Foreign-born,66443800,37489.39037650192
2016,26,US-born,918575600,35102.79209848677
2016,27,Foreign-born,44931400,34880.80042606391
2016,27,US-born,503470600,43786.601963780675
2016,28,Foreign-born,5886600,27643.50401315672
2016,28,US-born,290767400,28646.33878717179
2016,29,Foreign-born,25409500,38223.41005136369
2016,29,US-born,579325100,34887.33300768384
2016,30,Foreign-born,2325000,26059.436320007244
2016,30,US-born,101058200,34558.60245305676
2016,31,Foreign-born,13921900,23533.800271505923
2016,31,US-born,175308500,38942.51403282119
2016,32,Foreign-born,58548700,29476.366014770385
2016,32,US-born,230397100,36325.54686215884
2016,33,Foreign-born,7419200,40894.27213294165
2016,33,US-born,124159400,43435.137333173996
2016,34,Foreign-born,200627900,44017.2955486928
2016,34,US-born,672501600,48910.80069339327
2016,35,Foreign-born,19524700,25344.644295982995
2016,35,US-born,185922300,31525.352624228333
2016,36,Foreign-born,454272300,37582.881640681735
2016,36,US-born,1471059800,44994.46222564615
2016,37,Foreign-born,78670300,32907.65120053902
2016,37,US-born,924928200,34565.35798012903
2016,38,Foreign-born,2394200,40134.2332003407
2016,38,US-born,72715700,40469.63793893814
2016,39,Foreign-born,50058200,36173.082559244096
2016,39,US-born,1101711300,35465.901216398124
2016,40,Foreign-born,22059600,27413.364281916914
2016,40,US-born,366622100,33013.59481117357
2016,41,Foreign-born,39661300,35298.160472955315
2016,41,US-born,365225100,37069.461003286444
2016,42,Foreign-born,86830200,36481.97544487074
2016,42,US-born,1168535100,37729.56130702999
2016,44,Foreign-born,14936500,31673.236359813574
2016,44,US-born,88282800,40719.15495325139
2016,45,Foreign-born,23928100,30864.4875581906
2016,45,US-born,467078100,33041.84855865989
2016,46,Foreign-born,3066400,24318.048065650644
2016,46,US-born,82907700,37222.2233412204
2016,47,Foreign-born,33200700,30911.79459889833
2016,47,US-born,626828500,33250.73174262438
2016,48,Foreign-born,470773000,30532.7327211997
2016,48,US-born,2273650900,37986.77992292592
2016,49,Foreign-born,24772800,27151.82113868589
2016,49,US-born,277335700,36743.812285894805
2016,50,Foreign-born,2335900,53336.80424253296
2016,50,US-born,59574800,36786.5641746457
2016,51,Foreign-born,102227600,42501.3352250846
2016,51,US-born,721591400,44228.04411594782
2016,53,Foreign-born,101991900,41031.88976508375
2016,53,US-born,613877300,43014.82057689371
2016,54,Foreign-born,3197400,36136.66486842105
2016,54,US-born,178873600,29536.870494804276
2016,55,Foreign-born,30207300,37224.65646136033
2016,55,US-born,542390900,37713.40114457771
2016,56,Foreign-born,2072200,36355.31208471761
2016,56,US-born,56025100,35868.944389611504
2017,1,Foreign-born,17528600,31701.676255882907
2017,1,US-born,465199000,32085.696270576336
2017,2,Foreign-born,5638800,36766.17140008125
2017,2,US-born,66218600,43780.775104126595
2017,4,Foreign-born,93166200,30322.55737394126
2017,4,US-born,598179600,37172.40103624059
2017,5,Foreign-born,14206900,26994.746302901054
2017,5,US-born,283741800,31272.562612541413
2017,6,Foreign-born,1062099300,38416.92988391254
2017,6,US-born,2836307700,45098.680984244
2017,8,Foreign-born,55468800,36079.07580074709
2017,8,US-born,496537200,45464.77327943197
2017,9,Foreign-born,52581300,44216.93423368299
2017,9,US-born,293026700,52035.14683925802
2017,10,Foreign-born,9427800,41790.68498673027
2017,10,US-born,85154000,42009.33904097656
2017,11,Foreign-born,10373000,57109.9084739619
2017,11,US-born,57389600,62909.96062229846
2017,12,Foreign-born,437029300,30973.119356280735
2017,12,US-born,1581921200,37128.74308967987
2017,13,Foreign-born,105924500,36838.92515513438
2017,13,US-born,922544900,36481.2146250142
2017,15,Foreign-born,25833000,33608.453264094955
2017,15,US-born,112706200,42648.064154425134
2017,16,Foreign-born,9577400,26863.761262987333
2017,16,US-born,160413900,33464.98878599259
2017,17,Foreign-born,182420800,36691.17623017985
2017,17,US-born,1082839200,42467.93769120823
2017,18,Foreign-born,34928200,32561.016765038687
2017,18,US-born,627292300,34807.67306883079
2017,19,Foreign-born,15727900,32679.712759352376
2017,19,US-born,296734500,38362.36669616104
2017,20,Foreign-born,20083500,32060.945685853578
2017,20,US-born,268585800,38114.94221539424
2017,21,Foreign-born,17321900,33469.610531953316
2017,21,US-born,424725400,32399.823837005333
2017,22,Foreign-born,18703100,31520.87101487704
2017,22,US-born,446222500,32075.556242999417
2017,23,Foreign-born,4855500,31013.972448819073
2017,23,US-born,127598600,36288.146265740055
2017,24,Foreign-born,92682200,44119.33612897065
2017,24,US-born,503306400,49653.10230023711
2017,25,Foreign-born,115255200,44618.44263461777
2017,25,US-born,549843300,51510.71888347111
2017,26,Foreign-born,70506500,39335.036295448765
2017,26,US-born,918363600,36440.50600158597
2017,27,Foreign-born,48794800,36866.84622496284
2017,27,US-born,503802000,44853.75447607917
2017,28,Foreign-born,6471600,29873.853713575565
2017,28,US-born,290345300,28433.90022816395
2017,29,Foreign-born,25955100,37822.26348620557
2017,29,US-born,580938000,35805.6603735717
2017,30,Foreign-born,2417100,30376.03709062212
2017,30,US-born,101722300,36031.55605494279
2017,31,Foreign-born,15030800,30010.989708244208
2017,31,US-born,175420100,38910.92624354769
2017,32,Foreign-born,59472900,30955.688047861793
2017,32,US-born,235061600,38730.899952339496
2017,33,Foreign-born,8521800,50718.872409513184
2017,33,US-born,124055500,44628.991364068825
2017,34,Foreign-born,204902800,44782.09787726138
2017,34,US-born,674088700,51274.9245734094
2017,35,Foreign-born,19493800,25690.421248735827
2017,35,US-born,187079200,31659.21278542276
2017,36,Foreign-born,452510700,39669.6476222759
2017,36,US-born,1481305300,46787.339350208575
2017,37,Foreign-born,82283300,33616.825509840295
2017,37,US-born,932432800,36037.27766121932
2017,38,Foreign-born,3302000,34431.47855206506
2017,38,US-born,71742600,41871.89005311655
2017,39,Foreign-born,52796000,39094.232415975406
2017,39,US-born,1102684300,36439.68288626541
2017,40,Foreign-born,22523700,26849.877523440267
2017,40,US-born,367077800,33021.066991468746
2017,41,Foreign-born,40356500,36143.68476127515
2017,41,US-born,368807600,38502.85858269428
2017,42,Foreign-born,88017100,39972.51766610225
2017,42,US-born,1168914300,39339.139177255965
2017,44,Foreign-born,14171300,33578.18078538649
2017,44,US-born,89521200,42880.75127608314
2017,45,Foreign-born,24077200,33180.08979372545
2017,45,US-born,472882200,33680.085940084566
2017,46,Foreign-born,3094600,24031.441385496448
2017,46,US-born,83114100,38124.76575399282
2017,47,Foreign-born,34587400,32391.939644882124
2017,47,US-born,631573700,34971.14612779161
2017,48,Foreign-born,484976000,32308.357872926623
2017,48,US-born,2301111100,38720.809499977215
2017,49,Foreign-born,27180500,29405.169204770526
2017,49,US-born,279351800,37869.23304236567
2017,50,Foreign-born,3074400,34115.34353982899
2017,50,US-born,58805900,38056.27930812026
2017,51,Foreign-born,105274300,45415.166726964846
2017,51,US-born,724950400,45202.92096029304
2017,53,Foreign-born,107044700,45081.73090303712
2017,53,US-born,620519100,45230.2027746061
2017,54,Foreign-born,2975500,37470.01901743265
2017,54,US-born,177539200,28833.274271196962
2017,55,Foreign-born,28713600,36976.57575212731
2017,55,US-born,545855100,38951.58985641448
2017,56,Foreign-born,2047600,27375.61478933792
2017,56,US-born,55510900,38610.17639876627
2018,1,Foreign-born,16320500,35049.897410397665
2018,1,US-born,467622900,32983.88312752093
2018,2,Foreign-born,5615400,42384.78371979405
2018,2,US-born,66542000,44693.56911245872
2018,4,Foreign-born,96151000,30816.699304397174
2018,4,US-born,610847500,38352.69095806448
2018,5,Foreign-born,14710900,31048.065875497443
2018,5,US-born,284631600,32434.704793448545
2018,6,Foreign-born,1060268200,40592.23106836657
2018,6,US-born,2839488300,47552.52796176362
2018,8,Foreign-born,55903100,38831.949871450735
2018,8,US-born,503614400,46774.539289589135
2018,9,Foreign-born,52202200,46787.543698141846
2018,9,US-born,291002100,54346.57349244651
2018,10,Foreign-born,9037300,43814.99262719562
2018,10,US-born,86102900,40708.39891222429
2018,11,Foreign-born,9902200,58578.72755684536
2018,11,US-born,58528200,64916.9064054629
2018,12,Foreign-born,447205500,32780.64372536328
2018,12,US-born,1599458500,38942.35217058415
2018,13,Foreign-born,106481700,37443.71667402122
2018,13,US-born,930702600,38423.674149999555
2018,15,Foreign-born,26030200,37821.51925944183
2018,15,US-born,111720000,44074.46158035612
2018,16,Foreign-born,10593400,30758.269906695776
2018,16,US-born,162637100,35187.37295826273
2018,17,Foreign-born,180603000,39333.930747881306
2018,17,US-born,1078180600,44102.552212791445
2018,18,Foreign-born,35874700,34687.84882872201
2018,18,US-born,628355600,36199.26958488283
2018,19,Foreign-born,18143200,31029.101500545385
2018,19,US-born,295681300,39190.29092231196
2018,20,Foreign-born,20766500,33992.74904917933
2018,20,US-born,267690000,39313.9208727147
2018,21,Foreign-born,16947700,34382.515505801144
2018,21,US-born,426505500,33851.251917998685
2018,22,Foreign-born,19136900,29712.92259723887
2018,22,US-born,443404500,33862.927290754335
2018,23,Foreign-born,4948700,49168.20785897907
2018,23,US-born,127350300,37233.69986243664
2018,24,Foreign-born,90884300,47394.86062956597
2018,24,US-born,503667300,51241.95853422997
2018,25,Foreign-born,119599400,46687.268458674385
2018,25,US-born,550139400,53002.99793672535
2018,26,Foreign-born,69870700,40861.40649021293
2018,26,US-born,922290400,37477.12132481126
2018,27,Foreign-born,48144400,37837.7294836447
2018,27,US-born,508517800,46241.52713003923
2018,28,Foreign-born,7335400,33501.90667611377
2018,28,US-born,289396300,29486.316129328032
2018,29,Foreign-born,26182800,41114.28190422633
2018,29,US-born,581796200,37025.92417225401
2018,30,Foreign-born,2371800,29671.644151267337
2018,30,US-born,102844000,36793.9240119774
2018,31,Foreign-born,13819800,33058.61162160478
2018,31,US-born,177956200,39686.782036174256
2018,32,Foreign-born,59171700,33441.82432736396
2018,32,US-born,238998300,40550.81710982836
2018,33,Foreign-born,8285000,50113.380382438976
2018,33,US-born,125399500,45323.08737451153
2018,34,Foreign-born,203912500,48879.261862809624
2018,34,US-born,665668100,53592.3899178474
2018,35,Foreign-born,19733700,26644.403119851297
2018,35,US-born,187507800,32675.720154709907
2018,36,Foreign-born,445696800,41492.62525828851
2018,36,US-born,1458336100,48826.35862626733
2018,37,Foreign-born,81803600,37038.99614825047
2018,37,US-born,942763500,37144.03905779219
2018,38,Foreign-born,3610300,32517.117905216342
2018,38,US-born,71510800,45168.45234071112
2018,39,Foreign-born,55292300,39841.45190607661
2018,39,US-born,1102867400,38146.99043759641
2018,40,Foreign-born,23470600,27678.39291057349
2018,40,US-born,366571300,35423.278362375655
2018,41,Foreign-born,42703100,37135.19715671095
2018,41,US-born,371350700,41559.109700238994
2018,42,Foreign-born,93195500,41176.95197132454
2018,42,US-born,1163257400,40659.736040522825
2018,44,Foreign-born,14494000,32836.87410040627
2018,44,US-born,88432300,43386.13493012105
2018,45,Foreign-born,25636600,36190.82798241248
2018,45,US-born,476974100,34612.06315413919
2018,46,Foreign-born,2954500,29443.665100695584
2018,46,US-born,84670900,36479.44097566529
2018,47,Foreign-born,35545100,34533.24676274114
2018,47,US-born,635114900,35438.43527851123
2018,48,Foreign-born,493318600,33195.33700119606
2018,48,US-born,2332923700,39967.34348426255
2018,49,Foreign-born,26062900,33091.77826042414
2018,49,US-born,286259100,39536.89140671416
2018,50,Foreign-born,3007900,44351.823982792615
2018,50,US-born,59072900,38689.68095054227
2018,51,Foreign-born,106600700,45376.88982847868
2018,51,US-born,728765700,47398.78759727789
2018,53,Foreign-born,110721200,47031.20678534547
2018,53,US-born,628633700,47409.50721639807
2018,54,Foreign-born,2651600,41031.70807957775
2018,54,US-born,176933300,31039.805353439715
2018,55,Foreign-born,29389700,35091.533926001546
2018,55,US-born,546359200,40080.031244410435
2018,56,Foreign-born,1800500,41303.52518786529
2018,56,US-born,55379300,40679.432742594785
2019,1,Foreign-born,17278200,34901.542537470974
2019,1,US-born,468955100,34451.176991861845
2019,2,Foreign-born,5417800,41960.18688760262
2019,2,US-born,65563700,46651.99714912367
2019,4,Foreign-born,96957200,33899.2947381581
2019,4,US-born,620513500,40090.258615910374
2019,5,Foreign-born,15423900,35013.965290286826
2019,5,US-born,284334800,33143.66897105347
2019,6,Foreign-born,1054967500,44167.904063476635
2019,6,US-born,2839592000,49951.5291122305
2019,8,Foreign-born,53802800,42973.94987101722
2019,8,US-born,512161100,50621.273501092146
2019,9,Foreign-born,52278700,51527.93027969031
2019,9,US-born,290475100,55962.79577377015
2019,10,Foreign-born,9833900,47230.37451204521
2019,10,US-born,85582800,45022.698350523184
2019,11,Foreign-born,8561500,67867.38049480623
2019,11,US-born,60509700,70390.16248143553
2019,12,Foreign-born,452402500,34131.61376917719
2019,12,US-born,1611685000,40971.61266430237
2019,13,Foreign-born,108373100,40733.75310204894
2019,13,US-born,938073000,40257.67469169897
2019,15,Foreign-born,26254100,36128.99713318734
2019,15,US-born,109918700,47075.828307349846
2019,16,Foreign-born,9343200,34670.02742210375
2019,16,US-born,167316000,37267.22473887358
2019,17,Foreign-born,176152500,42867.8472077107
2019,17,US-born,1075841100,46698.935919642696
2019,18,Foreign-born,36008100,36719.29370932755
2019,18,US-born,631774600,38103.66783255733
2019,19,Foreign-born,17600600,37058.013720423936
2019,19,US-born,295580300,40707.54346006034
2019,20,Foreign-born,20338500,33615.87873476133
2019,20,US-born,267709400,40515.72345490229
2019,21,Foreign-born,18877400,37664.2723788651
2019,21,US-born,424355300,35341.28923314312
2019,22,Foreign-born,19519100,31230.68400754721
2019,22,US-born,441803000,35471.7726121225
2019,23,Foreign-born,4951700,41671.75301269063
2019,23,US-born,127997100,39045.50211695812
2019,24,Foreign-born,92237100,50137.83095678751
2019,24,US-born,503277400,53098.29604573609
2019,25,Foreign-born,119111000,48162.57810291736
2019,25,US-born,548934900,56862.93098191182
2019,26,Foreign-born,67849000,45263.17864282283
2019,26,US-born,922436200,39268.32538849816
2019,27,Foreign-born,47655600,41929.3167179836
2019,27,US-born,512340800,48895.50292097981
2019,28,Foreign-born,6344400,33098.06886637459
2019,28,US-born,289108700,30846.528822808457
2019,29,Foreign-born,25648200,41331.62721406466
2019,29,US-born,582490100,38534.83679202489
2019,30,Foreign-born,2112300,41665.06940108544
2019,30,US-born,103802800,38916.67474210654
2019,31,Foreign-born,14437900,31258.057755427744
2019,31,US-born,177591000,42202.223313658236
2019,32,Foreign-born,61352200,34691.16215987259
2019,32,US-born,241158900,42195.57158082772
2019,33,Foreign-born,8712000,48943.24432998457
2019,33,US-born,125297400,47914.02840769881
2019,34,Foreign-born,207788600,52716.05925836799
2019,34,US-born,659542100,55591.13485691853
2019,35,Foreign-born,19698800,28938.766366303982
2019,35,US-born,187687500,35657.03424688334
2019,36,Foreign-born,435676500,45205.30360621686
2019,36,US-born,1458794800,52663.28774981666
2019,37,Foreign-born,86592400,37813.636042814214
2019,37,US-born,950146200,38488.77350613527
2019,38,Foreign-born,2749200,35620.48582105957
2019,38,US-born,72799400,46087.94565145681
2019,39,Foreign-born,54963500,43889.6895535697
2019,39,US-born,1103616600,39633.650389121925
2019,40,Foreign-born,23876200,34834.16992956379
2019,40,US-born,367726700,37092.52282702777
2019,41,Foreign-born,41672000,42167.12440499489
2019,41,US-born,374772100,42361.64688470286
2019,42,Foreign-born,89099500,44021.21626636901
2019,42,US-born,1164595500,42952.660691684745
2019,44,Foreign-born,14208600,40496.263967959014
2019,44,US-born,88463300,44782.71086664208
2019,45,Foreign-born,28866000,38221.49936971411
2019,45,US-born,479874100,37601.35122608771
2019,46,Foreign-born,3564700,29818.628857932028
2019,46,US-born,84473800,39554.32327258408
2019,47,Foreign-born,37628600,38994.09297685898
2019,47,US-born,639756900,37981.38215448475
2019,48,Foreign-born,494991700,35344.08155109244
2019,48,US-born,2357810200,41920.172272048
2019,49,Foreign-born,26850000,31322.110623961966
2019,49,US-born,290170400,42642.58555936645
2019,50,Foreign-born,2716500,45933.07282760765
2019,50,US-born,59010600,41698.308314272464
2019,51,Foreign-born,108954900,48371.07901271758
2019,51,US-born,728746300,49152.78570091323
2019,53,Foreign-born,112969300,52908.06065257836
2019,53,US-born,635230600,49814.592971784565
2019,54,Foreign-born,2756400,36422.989778851515
2019,54,US-born,175226900,32495.111237987534
2019,55,Foreign-born,29297600,36822.66449604433
2019,55,US-born,547407700,42345.8745876441
2019,56,Foreign-born,1678800,34179.88785507425
2019,56,US-born,55814500,42142.4194148274
2020,1,Foreign-born,16527100,38973.06504764636
2020,1,US-born,471245800,36833.82861897056
2020,2,Foreign-born,5586900,48450.13711355529
2020,2,US-born,65211300,49027.804091700404
2020,4,Foreign-born,92173100,37216.56144299308
2020,4,US-born,640834300,41961.75471786102
2020,5,Foreign-born,14236400,35531.69497333214
2020,5,US-born,286010700,34950.20020937236
2020,6,Foreign-born,1026583800,45985.37688678446
2020,6,US-born,2839263700,50868.800957266474
2020,8,Foreign-born,52552800,43101.25169495562
2020,8,US-born,517933100,51580.05977531688
2020,9,Foreign-born,51457400,53011.982841342266
2020,9,US-born,291245200,56772.910550144574
2020,10,Foreign-born,8344500,46733.56205460203
2020,10,US-born,88287000,45658.046412473945
2020,11,Foreign-born,8774100,74190.43204021626
2020,11,US-born,60710300,74102.5562779905
2020,12,Foreign-born,445546200,36912.05557648819
2020,12,US-born,1648916000,43590.696082129674
2020,13,Foreign-born,109065400,43944.06145151248
2020,13,US-born,948397500,40943.23282555646
2020,15,Foreign-born,23593600,39798.8502950113
2020,15,US-born,112563800,48681.692272101944
2020,16,Foreign-born,10374100,35187.74785059759
2020,16,US-born,172030900,39365.86717932144
2020,17,Foreign-born,171886600,44398.72652519958
2020,17,US-born,1069878600,47439.495141860316
2020,18,Foreign-born,36047200,41681.36915753622
2020,18,US-born,634569600,39193.29089426194
2020,19,Foreign-born,16307700,33177.81799559386
2020,19,US-born,298198900,41251.36854855069
2020,20,Foreign-born,19037700,37782.5267249757
2020,20,US-born,269678200,42021.88276692191
2020,21,Foreign-born,16615400,35704.30908203125
2020,21,US-born,427305500,36238.11260573081
2020,22,Foreign-born,17662100,40638.23457700677
2020,22,US-born,442839800,36990.747783439
2020,23,Foreign-born,4737400,38849.8568764464
2020,23,US-born,127252700,40419.66638746583
2020,24,Foreign-born,92335700,50608.75450243854
2020,24,US-born,501426400,55622.67301187443
2020,25,Foreign-born,117144300,52231.11181098988
2020,25,US-born,553093300,59027.68845524169
2020,26,Foreign-born,66766100,45838.27585199702
2020,26,US-born,925503100,40591.21227511043
2020,27,Foreign-born,43007200,43224.09222879625
2020,27,US-born,515936300,49043.410929820166
2020,28,Foreign-born,5999800,34325.930547256685
2020,28,US-born,287048100,32098.09050091737
2020,29,Foreign-born,23433100,42050.63016849523
2020,29,US-born,587735300,39487.32878679367
2020,30,Foreign-born,2051100,34359.48559033158
2020,30,US-born,103995100,38951.14148960489
2020,31,Foreign-born,14961300,34714.76012896132
2020,31,US-born,174005000,43796.87566348671
2020,32,Foreign-born,59526600,36018.42415736142
2020,32,US-born,250799100,43259.927074676554
2020,33,Foreign-born,8264000,51780.90043223808
2020,33,US-born,127072300,49477.18278327597
2020,34,Foreign-born,201348200,51296.20560821317
2020,34,US-born,661372000,57235.43002588539
2020,35,Foreign-born,17621200,31602.836894374315
2020,35,US-born,190223700,35666.37208889179
2020,36,Foreign-born,427904300,45708.1052248456
2020,36,US-born,1457963800,51975.0806347014
2020,37,Foreign-born,80834600,41008.57686315038
2020,37,US-born,969096800,40094.09306362783
2020,38,Foreign-born,3589600,39134.60339635528
2020,38,US-born,71981500,44241.797033987554
2020,39,Foreign-born,54068700,47140.68419316623
2020,39,US-born,1104151900,40269.649529932496
2020,40,Foreign-born,23364400,31924.99342401505
2020,40,US-born,372457700,36763.854322880776
2020,41,Foreign-born,39365300,43773.56428092061
2020,41,US-born,378909200,44622.82276614862
2020,42,Foreign-born,89543400,44666.14083648436
2020,42,US-born,1167080500,44238.70435530919
2020,44,Foreign-born,15854000,38889.989403532156
2020,44,US-born,87579200,47683.72353697892
2020,45,Foreign-born,26181900,41396.033243871454
2020,45,US-born,489628000,38421.27852674245
2020,46,Foreign-born,3167000,45584.74557606137
2020,46,US-born,86733700,39668.37453909378
2020,47,Foreign-born,32474000,44612.05382332588
2020,47,US-born,651743700,38687.54172006761
2020,48,Foreign-born,474610400,37416.47158548048
2020,48,US-born,2412002400,43365.39114815508
2020,49,Foreign-born,24714500,37313.363185762864
2020,49,US-born,297712200,43004.08410606939
2020,50,Foreign-born,3240200,44205.5591208086
2020,50,US-born,58587800,42385.347203545636
2020,51,Foreign-born,103956600,52613.38905601539
2020,51,US-born,733929000,50630.873055489275
2020,53,Foreign-born,111825200,59258.90451749616
2020,53,US-born,642823700,51597.16538860984
2020,54,Foreign-born,2862400,43307.432417721975
2020,54,US-born,175104600,33264.41492786767
2020,55,Foreign-born,28407900,41083.30051663567
2020,55,US-born,551021700,42334.50590161872
2020,56,Foreign-born,2092300,42037.6481863757
2020,56,US-born,54852400,43798.12758393081
2021,1,Foreign-born,17442400,39658.11946511074
2021,1,US-born,482133500,36170.66787699832
2021,2,Foreign-born,6412000,42322.14302676663
2021,2,US-born,65261500,49218.24598331956
2021,4,Foreign-born,91512100,39119.75946742578
2021,4,US-born,625805500,43810.32310538368
2021,5,Foreign-born,14576200,36488.10239637259
2021,5,US-born,286159300,35069.59132236728
2021,6,Foreign-born,1046025400,47462.64304449434
2021,6,US-born,2816929500,52099.33812303835
2021,8,Foreign-born,56179200,45558.42806798528
2021,8,US-born,515368400,53349.477168198755
2021,9,Foreign-born,55117600,52534.01929807643
2021,9,US-born,292430700,57574.41548583338
2021,10,Foreign-born,10084000,48217.53943573796
2021,10,US-born,88410100,45174.474078250176
2021,11,Foreign-born,9112600,73195.7532898501
2021,11,US-born,56201200,77398.87300907951
2021,12,Foreign-born,458423100,38179.70471493841
2021,12,US-born,1634172200,43718.019170375585
2021,13,Foreign-born,108907800,43266.63171626438
2021,13,US-born,953219400,41974.56485127585
2021,15,Foreign-born,25855300,38807.39562191939
2021,15,US-born,113684800,47257.49928697977
2021,16,Foreign-born,11704300,39886.59910820667
2021,16,US-born,176537900,41717.3711626216
2021,17,Foreign-born,180566800,43948.43773931181
2021,17,US-born,1070109200,48060.26068398625
2021,18,Foreign-born,37899600,39384.63245492372
2021,18,US-born,637688900,39795.2198410776
2021,19,Foreign-born,17066000,39574.48201032941
2021,19,US-born,300372500,43038.924838136816
2021,20,Foreign-born,21133600,40946.622709206786
2021,20,US-born,268909600,42163.11306271944
2021,21,Foreign-born,18199300,36172.51162392221
2021,21,US-born,429820300,36675.23536565051
2021,22,Foreign-born,19900800,34687.12696956443
2021,22,US-born,439323100,36408.94872682983
2021,23,Foreign-born,5186700,43519.491587048295
2021,23,US-born,130524500,43955.276957119895
2021,24,Foreign-born,97059000,50129.576703691935
2021,24,US-born,509247800,56599.40326696382
2021,25,Foreign-born,122816900,53346.402439543854
2021,25,US-born,554140800,59453.98831687877
2021,26,Foreign-born,69370200,45287.88851277291
2021,26,US-born,927392700,41147.20303208097
2021,27,Foreign-born,50161400,43381.69048340349
2021,27,US-born,515955200,51294.20899442635
2021,28,Foreign-born,6480900,28896.36354149682
2021,28,US-born,286606800,32538.657228127187
2021,29,Foreign-born,24508000,43896.38964888772
2021,29,US-born,588047600,41165.56920120797
2021,30,Foreign-born,2356200,37246.709015498796
2021,30,US-born,107107000,42809.1776777296
2021,31,Foreign-born,14334100,35583.38346285265
2021,31,US-born,180317800,45572.4245186308
2021,32,Foreign-born,57677100,37729.726800628196
2021,32,US-born,251069500,42740.163772568376
2021,33,Foreign-born,8322200,60437.092497778
2021,33,US-born,129110600,51578.44781560447
2021,34,Foreign-born,213757000,54020.44680902326
2021,34,US-born,689972300,57345.67915972551
2021,35,Foreign-born,19375300,31474.787108036326
2021,35,US-born,189833700,37229.21277454562
2021,36,Foreign-born,441892400,45917.93739890549
2021,36,US-born,1491923600,52935.931195965175
2021,37,Foreign-born,87235100,41697.829783253146
2021,37,US-born,953268100,41615.59838296895
2021,38,Foreign-born,3688500,49708.23534535319
2021,38,US-born,72710600,43721.40176948291
2021,39,Foreign-born,58889200,45817.85569490463
2021,39,US-born,1108088800,41310.36021601027
2021,40,Foreign-born,21799200,33852.63090734785
2021,40,US-born,371797800,36571.58250373874
2021,41,Foreign-born,41907400,44967.09841125715
2021,41,US-born,377092600,45550.95783938824
2021,42,Foreign-born,94509900,47099.10476278145
2021,42,US-born,1178436500,44908.87273876094
2021,44,Foreign-born,16152600,39273.42220591926
2021,44,US-born,90964200,48133.273644679
2021,45,Foreign-born,27372300,38514.79281390807
2021,45,US-born,485227500,39170.26735943013
2021,46,Foreign-born,2756700,58551.06090522479
2021,46,US-born,86012400,43188.16030436794
2021,47,Foreign-born,37212600,38432.51025055611
2021,47,US-born,654076000,40215.74579998967
2021,48,Foreign-born,509980000,38468.35722507534
2021,48,US-born,2394257000,43620.57470670881
2021,49,Foreign-born,27718800,39672.34400606923
2021,49,US-born,302194100,45466.07146376916
2021,50,Foreign-born,3135400,53198.24661488762
2021,50,US-born,60782500,44439.87449152049
2021,51,Foreign-born,105961300,52976.932024662696
2021,51,US-born,740523200,51765.02395233234
2021,53,Foreign-born,114387400,61053.43711947567
2021,53,US-born,644151800,53379.58578544385
2021,54,Foreign-born,2933900,49996.31069713708
2021,54,US-born,174376900,34975.022248283094
2021,55,Foreign-born,30343900,41442.04667225575
2021,55,US-born,553583200,44208.710311130184
2021,56,Foreign-born,1859100,44002.196768481626
2021,56,US-born,55566600,43915.78311266416
2022,1,Foreign-born,18343000,38777.301529262964
2022,1,US-born,484389500,39210.228327745244
2022,2,Foreign-born,5329000,45572.31520063931
2022,2,US-born,66241800,52511.002284075934
2022,4,Foreign-born,96469900,39798.12152732939
2022,4,US-born,628719200,47623.467658058566
2022,5,Foreign-born,15614600,37185.24733404015
2022,5,US-born,286664400,37113.45630606933
2022,6,Foreign-born,1040995800,51875.1448681299
2022,6,US-born,2801950300,55852.746936654665
2022,8,Foreign-born,55698200,51102.99674395844
2022,8,US-born,517876000,57170.718827292825
2022,9,Foreign-born,56932500,56091.996337669785
2022,9,US-born,291537800,61960.43522760048
2022,10,Foreign-born,9800600,48556.13795628073
2022,10,US-born,90107100,49995.5689192106
2022,11,Foreign-born,9846400,76738.93375320983
2022,11,US-born,55876400,82542.94931744871
2022,12,Foreign-born,480927800,40519.344072279535
2022,12,US-born,1655612500,48261.64224686442
2022,13,Foreign-born,117457700,46988.238596906034
2022,13,US-born,956418800,44987.32574063853
2022,15,Foreign-born,25027000,41942.49442735639
2022,15,US-born,114054000,51270.862238420224
2022,16,Foreign-born,11409800,36213.29797022506
2022,16,US-born,180843000,44202.47413796109
2022,17,Foreign-born,179374000,48350.808958765265
2022,17,US-born,1062185400,51154.9599595906
2022,18,Foreign-born,42284300,43041.63328215963
2022,18,US-born,635161700,42494.30966858469
2022,19,Foreign-born,20006500,45556.787193399694
2022,19,US-born,298218800,45815.3517828672
2022,20,Foreign-born,20733600,39834.43819350304
2022,20,US-born,269631500,45487.99911352228
2022,21,Foreign-born,17970700,40255.91872247095
2022,21,US-born,429669900,39997.32090165874
2022,22,Foreign-born,19161000,36191.33104487609
2022,22,US-born,436741700,38120.150364470435
2022,23,Foreign-born,5747500,49071.03772500958
2022,23,US-born,131436600,45944.81282463059
2022,24,Foreign-born,102454600,54075.52660796958
2022,24,US-born,503876600,58741.414924209166
2022,25,Foreign-born,126625100,56223.68513283079
2022,25,US-born,551708400,63768.829826376044
2022,26,Foreign-born,68777000,48865.756188137806
2022,26,US-born,926338700,43932.880147699245
2022,27,Foreign-born,48085200,46609.28785206209
2022,27,US-born,518647500,53939.133614914
2022,28,Foreign-born,6464500,32341.252818613455
2022,28,US-born,285714300,34503.47205773333
2022,29,Foreign-born,25220600,46187.16077912128
2022,29,US-born,587348100,43028.1721529754
2022,30,Foreign-born,2704900,37336.90156787763
2022,30,US-born,108649100,43965.49714361393
2022,31,Foreign-born,14065600,39397.235762428536
2022,31,US-born,180863400,47757.33618268
2022,32,Foreign-born,60303500,39910.88235553341
2022,32,US-born,250483200,46394.72874035749
2022,33,Foreign-born,8193600,63301.702051966204
2022,33,US-born,129739600,54775.36876888715
2022,34,Foreign-born,216565200,56614.54956149538
2022,34,US-born,687762300,61646.36734093399
2022,35,Foreign-born,19240400,34771.813284687196
2022,35,US-born,189599100,40669.480384522576
2022,36,Foreign-born,448448700,49752.928098779856
2022,36,US-born,1468472600,57247.68290875266
2022,37,Foreign-born,91552700,45452.857803613304
2022,37,US-born,962581400,45046.33700176379
2022,38,Foreign-born,3152600,41915.97510098669
2022,38,US-born,73641700,49856.6190536645
2022,39,Foreign-born,58061300,49766.96643436394
2022,39,US-born,1106229000,44350.740656809525
2022,40,Foreign-born,24558300,35497.85986728758
2022,40,US-born,372990800,39693.984040069554
2022,41,Foreign-born,42759300,49304.26169177176
2022,41,US-born,375943400,49292.63720437133
2022,42,Foreign-born,99594200,50733.85617415566
2022,42,US-born,1172934000,47786.300905218464
2022,44,Foreign-born,15984600,40628.23175094013
2022,44,US-born,90618100,52706.52319529002
2022,45,Foreign-born,27549500,43600.93031405337
2022,45,US-born,493804300,42415.5167971395
2022,46,Foreign-born,3010900,51042.129395218006
2022,46,US-born,87189600,45341.147367403115
2022,47,Foreign-born,38372200,42037.96864950396
2022,47,US-born,659358000,42894.869124250814
2022,48,Foreign-born,515447300,41770.398752962254
2022,48,US-born,2436804500,47138.07987564783
2022,49,Foreign-born,29458200,41022.338872845234
2022,49,US-born,304612900,49032.34426105752
2022,50,Foreign-born,2507300,42260.19519764783
2022,50,US-born,61433500,48182.61048433767
2022,51,Foreign-born,109268300,57737.77292533537
2022,51,US-born,740348600,54510.42931858497
2022,53,Foreign-born,118788000,66346.4521846429
2022,53,US-born,644199500,57737.863071358755
2022,54,Foreign-born,3264300,47304.48376673334
2022,54,US-born,173427800,36472.80849872767
2022,55,Foreign-born,28789200,45475.58804072657
2022,55,US-born,554731200,46801.141570293585
2022,56,Foreign-born,1864400,40454.02135629228
2022,56,US-born,55826100,44796.75701172476
2023,1,Foreign-born,20282000,47661.01191452874
2023,1,US-born,485428300,41602.68509429951
2023,2,Foreign-born,5292600,53472.580395345685
2023,2,US-born,66222900,55985.508263866854
2023,4,Foreign-born,98400700,44544.10356049894
2023,4,US-born,633622900,49955.17201865731
2023,5,Foreign-born,16099500,39656.57013263425
2023,5,US-born,288642500,39981.5322071492
2023,6,Foreign-born,1062485500,54129.35989895798
2023,6,US-born,2772688400,58871.92096468725
2023,8,Foreign-born,56325500,53849.604001820015
2023,8,US-born,522125100,62080.330084296605
2023,9,Foreign-born,58757400,55931.697950319474
2023,9,US-born,289245600,64631.95639062961
2023,10,Foreign-born,11892300,50821.47857710078
2023,10,US-born,89205500,53645.96904301685
2023,11,Foreign-born,9376800,86139.18829454978
2023,11,US-born,56718200,92954.72035983972
2023,12,Foreign-born,498874400,44163.79708698934
2023,12,US-born,1673839400,50975.793324053986
2023,13,Foreign-born,127837100,49191.94495244851
2023,13,US-born,957930600,47480.35006713236
2023,15,Foreign-born,25350600,46815.799871660536
2023,15,US-born,113212800,52796.62863934768
2023,16,Foreign-born,11242900,41233.17747940246
2023,16,US-born,183092600,45830.4647099705
2023,17,Foreign-born,188062800,51067.16795318119
2023,17,US-born,1051794600,54233.64874906774
2023,18,Foreign-born,42671900,42198.285126403614
2023,18,US-born,637914400,45312.517691399546
2023,19,Foreign-born,18755900,43276.23855026607
2023,19,US-born,299609800,48138.518123553025
2023,20,Foreign-born,20967500,43423.556864968814
2023,20,US-born,270124300,47164.27201862815
2023,21,Foreign-born,20315700,38513.51100512014
2023,21,US-born,428287500,41775.42074896055
2023,22,Foreign-born,22296800,40186.39784925365
2023,22,US-born,432144800,41501.512875785455
2023,23,Foreign-born,5596400,52401.987013474456
2023,23,US-born,132410000,49276.59468103013
2023,24,Foreign-born,105206300,55616.791518276055
2023,24,US-born,502323100,61781.17335809565
2023,25,Foreign-born,127023000,61123.7886394142
2023,25,US-born,552649900,67341.06159663368
2023,26,Foreign-born,74032700,49117.202147512275
2023,26,US-born,921548200,46010.29326247539
2023,27,Foreign-born,48236700,49490.52358985066
2023,27,US-born,520099300,56883.99216754873
2023,28,Foreign-born,7429300,37493.60347427643
2023,28,US-born,284417100,36990.408658725515
2023,29,Foreign-born,30021500,49085.31849243554
2023,29,US-born,584552000,45956.335944267914
2023,30,Foreign-born,2512800,49808.130365789155
2023,30,US-born,109873500,47719.236084258104
2023,31,Foreign-born,15382400,42278.95718705811
2023,31,US-born,180396900,51163.53625764119
2023,32,Foreign-born,61374800,41764.21769276426
2023,32,US-born,251322900,50289.08042399578
2023,33,Foreign-born,9937100,64731.3361627551
2023,33,US-born,128371800,58638.60946294289
2023,34,Foreign-born,224681000,60644.31619887277
2023,34,US-born,681623100,64328.54397189082
2023,35,Foreign-born,21493600,38743.950557506076
2023,35,US-born,187397100,42980.28587501474
2023,36,Foreign-born,453022200,52526.41012392926
2023,36,US-born,1456495600,60000.08561890832
2023,37,Foreign-born,100349300,49175.46042926214
2023,37,US-born,966826500,47759.78606377968
2023,38,Foreign-born,2784800,59533.37076527526
2023,38,US-born,74479700,51921.836263636884
2023,39,Foreign-born,60123300,50801.09145826166
2023,39,US-born,1107236000,46867.970601910994
2023,40,Foreign-born,24527500,39806.553972553345
2023,40,US-born,375778100,42004.65477764651
2023,41,Foreign-born,40426100,51268.32389087423
2023,41,US-born,376832600,51554.22735605503
2023,42,Foreign-born,102120100,52042.734739602056
2023,42,US-born,1168042100,49991.34657150491
2023,44,Foreign-born,15994700,44456.40753920663
2023,44,US-born,91223200,56285.25583100896
2023,45,Foreign-born,31383100,46717.92211120504
2023,45,US-born,499281300,45403.01847203338
2023,46,Foreign-born,4281800,32612.752516100252
2023,46,US-born,87245700,50923.65940769286
2023,47,Foreign-born,43182600,43038.71533570568
2023,47,US-born,661377900,46107.77098822399
2023,48,Foreign-born,543937500,44918.431959763955
2023,48,US-born,2450789300,50067.63012933388
2023,49,Foreign-born,30299400,44386.59972854889
2023,49,US-born,307529800,51289.99678016996
2023,50,Foreign-born,2886900,65650.49080410607
2023,50,US-born,61229500,50563.52321914836
2023,51,Foreign-born,115351900,59505.868605377276
2023,51,US-born,738033200,57763.710618778554
2023,53,Foreign-born,122140600,71466.69463834075
2023,53,US-born,645771800,60223.552496214455
2023,54,Foreign-born,3311700,57918.83362554212
2023,54,US-born,172781500,37991.972565789016
2023,55,Foreign-born,32004600,47866.456895130716
2023,55,US-born,553483100,49689.33161000741
2023,56,Foreign-born,2159900,51718.054960919995
2023,56,US-born,55750100,48100.55997777376
2024,1,Foreign-born,22533100,44508.261507070325
2024,1,US-born,488219600,44218.208347399144
2024,2,Foreign-born,5031700,66282.1257966647
2024,2,US-born,66908700,58174.801213186314
2024,4,Foreign-born,101783800,46282.14764626352
2024,4,US-born,644166700,52720.48647657148
2024,5,Foreign-born,18245600,40145.71427731216
2024,5,US-born,288140400,42029.12785858675
2024,6,Foreign-born,1088921600,57021.91806754747
2024,6,US-born,2792920900,61087.30766981269
2024,8,Foreign-born,63174400,56869.735491784
2024,8,US-born,522987800,65552.38644755674
2024,9,Foreign-born,58965100,61805.40585854282
2024,9,US-born,295301600,68225.76006500173
2024,10,Foreign-born,11600700,58917.29443897197
2024,10,US-born,92207300,52372.189991946565
2024,11,Foreign-born,10741300,83130.88920916196
2024,11,US-born,58115600,90558.61537389895
2024,12,Foreign-born,541177300,45206.218665493885
2024,12,US-born,1701409000,53357.75669233221
2024,13,Foreign-born,133108600,52287.30545194636
2024,13,US-born,968226500,50525.165573310966
2024,15,Foreign-born,26320600,47377.77532123887
2024,15,US-born,113687300,58504.018329353916
2024,16,Foreign-born,12332200,45165.14866266859
2024,16,US-born,185717900,49122.14088060639
2024,17,Foreign-born,195533300,52978.490776692546
2024,17,US-born,1059359100,56561.96418088539
2024,18,Foreign-born,49066200,44726.62107208055
2024,18,US-born,637341000,47174.32252425726
2024,19,Foreign-born,19903500,38354.53647152026
2024,19,US-born,301068500,48779.076458767435
2024,20,Foreign-born,23871900,48333.0931582081
2024,20,US-born,269362600,51127.2794748782
2024,21,Foreign-born,22998000,42229.02127720463
2024,21,US-born,431607500,43378.36908378219
2024,22,Foreign-born,24072600,36575.29213650589
2024,22,US-born,432183500,43242.668986682824
2024,23,Foreign-born,6561600,52093.69877082063
2024,23,US-born,132616900,51757.902263056196
2024,24,Foreign-born,107201600,60735.505272721726
2024,24,US-born,507543600,65055.951226116544
2024,25,Foreign-born,133884300,62268.25013316691
2024,25,US-born,558974700,69872.20751529517
2024,26,Foreign-born,79990700,53058.88215493526
2024,26,US-born,925928000,48553.83911911685
2024,27,Foreign-born,52409100,51555.82973690813
2024,27,US-born,521129600,58204.132004331535
2024,28,Foreign-born,7842200,37069.24615171266
2024,28,US-born,284826400,39694.89609217909
2024,29,Foreign-born,30933200,54182.18029572134
2024,29,US-born,587947700,48226.13680376409
2024,30,Foreign-born,2354300,47277.4246157982
2024,30,US-born,110230800,50399.237627190094
2024,31,Foreign-born,18233500,39561.520578950505
2024,31,US-born,179786500,51435.02483076316
2024,32,Foreign-born,64533700,45933.22772841158
2024,32,US-born,256207400,52395.67946460508
2024,33,Foreign-born,8536500,71979.12778979001
2024,33,US-born,130575800,60180.36152464773
2024,34,Foreign-born,237300800,59389.65693124546
2024,34,US-born,689439500,67094.18877241989
2024,35,Foreign-born,20977700,37771.31932274393
2024,35,US-born,189420400,45741.76282676582
2024,36,Foreign-born,464132000,55169.346194963975
2024,36,US-born,1470840000,62627.43599124954
2024,37,Foreign-born,109774500,51875.194951212296
2024,37,US-born,978961100,51032.26489224863
2024,38,Foreign-born,4162600,41299.62781502493
2024,38,US-born,74808600,56735.35493273173
2024,39,Foreign-born,65283900,53369.77822268632
2024,39,US-born,1111694500,48789.70661945623
2024,40,Foreign-born,27951000,42881.66578495415
2024,40,US-born,377276100,43682.843016673076
2024,41,Foreign-born,42406800,51780.53918574061
2024,41,US-born,378923900,53510.77370385999
2024,42,Foreign-born,108160500,53915.607083523755
2024,42,US-born,1175325300,52923.4532132804
2024,44,Foreign-born,17399800,45384.33300395257
2024,44,US-born,89896900,58130.681282167956
2024,45,Foreign-born,35242500,48392.91456278214
2024,45,US-born,505645800,47703.09601638407
2024,46,Foreign-born,3707300,46581.651402735915
2024,46,US-born,88111200,51281.811913094505
2024,47,Foreign-born,46618000,47723.465448846895
2024,47,US-born,668561600,48878.5989713087
2024,48,Foreign-born,577022400,47963.3121607104
2024,48,US-born,2497494800,52232.71910427374
2024,49,Foreign-born,34160500,44510.65903435474
2024,49,US-born,311943500,54197.38959323251
2024,50,Foreign-born,2768000,66483.35128983308
2024,50,US-born,61254900,57399.60788713475
2024,51,Foreign-born,119151400,60661.481891722935
2024,51,US-born,744069700,60890.90064039342
2024,53,Foreign-born,128680400,76063.44675291762
2024,53,US-born,651751200,63503.490122931325
2024,54,Foreign-born,3697300,46073.14410609328
2024,54,US-born,172497100,40890.07413124854
2024,55,Foreign-born,33840900,49066.933819638674
2024,55,US-born,556273600,50949.62442293272
2024,56,Foreign-born,1857300,64812.680696342
2024,56,US-born,56303000,51567.97291173983
